timestamp,site_id,capacity_mw,actual_generation_mw,solar_generation_mw,wind_generation_mw,ghi_wm2,dni_wm2,wind_speed_100m,wind_speed_10m,temperature_c,cloud_cover_pct
2026-08-13T05:00:00Z,bhadla-solar,2245.0,1484.56,1484.56,0.0,746.91,634.58,4.24,2.8,21.33,10.9
2026-08-13T06:00:00Z,bhadla-solar,2245.0,1675.4,1675.4,0.0,817.98,707.48,14.36,9.49,21.96,16.1
2026-08-13T07:00:00Z,bhadla-solar,2245.0,1722.11,1722.11,0.0,887.57,780.46,5.19,3.43,27.19,13.9
2026-08-13T08:00:00Z,bhadla-solar,2245.0,1517.81,1517.81,0.0,752.51,637.1,9.28,6.13,28.32,31.3
2026-08-13T09:00:00Z,bhadla-solar,2245.0,1666.38,1666.38,0.0,827.31,717.31,5.45,3.6,31.29,13.8
2026-08-13T10:00:00Z,bhadla-solar,2245.0,1182.2,1182.2,0.0,589.02,473.87,7.83,5.17,29.09,34.6
2026-08-13T11:00:00Z,bhadla-solar,2245.0,1277.48,1277.48,0.0,628.8,515.77,5.43,3.59,29.78,0.0
2026-08-13T12:00:00Z,bhadla-solar,2245.0,879.89,879.89,0.0,415.67,313.86,13.2,8.72,28.3,0.0
2026-08-13T13:00:00Z,bhadla-solar,2245.0,305.7,305.7,0.0,138.48,83.71,6.28,4.15,23.31,28.0
2026-08-13T14:00:00Z,bhadla-solar,2245.0,0.0,0.0,0.0,0.0,0.0,9.28,6.13,24.63,16.1
2026-08-13T15:00:00Z,bhadla-solar,2245.0,0.0,0.0,0.0,0.0,0.0,6.11,4.04,21.63,49.9
2026-08-13T16:00:00Z,bhadla-solar,2245.0,0.0,0.0,0.0,0.0,0.0,8.42,5.56,17.33,60.2
2026-08-13T17:00:00Z,bhadla-solar,2245.0,0.0,0.0,0.0,0.0,0.0,7.79,5.15,18.79,14.6
2026-08-13T18:00:00Z,bhadla-solar,2245.0,0.0,0.0,0.0,0.0,0.0,6.36,4.2,13.89,39.3
2026-08-13T19:00:00Z,bhadla-solar,2245.0,0.0,0.0,0.0,0.0,0.0,5.74,3.79,11.35,28.0
2026-08-13T20:00:00Z,bhadla-solar,2245.0,0.0,0.0,0.0,0.0,0.0,9.33,6.16,14.31,23.0
2026-08-13T21:00:00Z,bhadla-solar,2245.0,0.0,0.0,0.0,0.0,0.0,8.3,5.49,10.11,40.5
2026-08-13T22:00:00Z,bhadla-solar,2245.0,0.0,0.0,0.0,0.0,0.0,7.45,4.92,11.39,43.5
2026-08-13T23:00:00Z,bhadla-solar,2245.0,0.0,0.0,0.0,0.0,0.0,12.72,8.4,10.51,6.2
2026-08-14T00:00:00Z,bhadla-solar,2245.0,0.0,0.0,0.0,0.0,0.0,5.26,3.48,10.48,35.4
2026-08-14T01:00:00Z,bhadla-solar,2245.0,0.0,0.0,0.0,0.0,0.0,7.97,5.27,12.6,13.9
2026-08-14T02:00:00Z,bhadla-solar,2245.0,364.77,364.77,0.0,157.08,97.41,10.31,6.81,12.44,27.0
2026-08-14T03:00:00Z,bhadla-solar,2245.0,555.36,555.36,0.0,247.77,162.8,4.94,3.26,15.61,56.1
2026-08-14T04:00:00Z,bhadla-solar,2245.0,1173.62,1173.62,0.0,546.09,435.38,11.67,7.71,18.51,20.1
2026-08-14T05:00:00Z,bhadla-solar,2245.0,1141.08,1141.08,0.0,544.97,428.37,2.37,1.56,23.19,43.1
2026-08-14T06:00:00Z,bhadla-solar,2245.0,1733.18,1733.18,0.0,824.89,714.72,12.34,8.15,24.22,15.2
2026-08-14T07:00:00Z,bhadla-solar,2245.0,1903.44,1903.44,0.0,993.45,892.93,3.38,2.23,27.18,0.0
2026-08-14T08:00:00Z,bhadla-solar,2245.0,1890.75,1890.75,0.0,990.66,889.92,1.82,1.2,28.69,0.0
2026-08-14T09:00:00Z,bhadla-solar,2245.0,1229.36,1229.36,0.0,619.47,499.64,0.76,0.5,31.39,43.0
2026-08-14T10:00:00Z,bhadla-solar,2245.0,1062.03,1062.03,0.0,501.95,385.24,6.93,4.58,28.97,48.7
2026-08-14T11:00:00Z,bhadla-solar,2245.0,997.33,997.33,0.0,477.35,368.96,4.18,2.76,29.34,31.3
2026-08-14T12:00:00Z,bhadla-solar,2245.0,509.51,509.51,0.0,233.47,151.27,1.19,0.78,29.08,57.0
2026-08-14T13:00:00Z,bhadla-solar,2245.0,385.15,385.15,0.0,173.97,110.39,7.88,5.21,27.22,1.8
2026-08-14T14:00:00Z,bhadla-solar,2245.0,0.0,0.0,0.0,0.0,0.0,6.06,4.0,26.8,61.9
2026-08-14T15:00:00Z,bhadla-solar,2245.0,0.0,0.0,0.0,0.0,0.0,3.56,2.35,22.95,26.8
2026-08-14T16:00:00Z,bhadla-solar,2245.0,0.0,0.0,0.0,0.0,0.0,6.19,4.09,17.57,43.4
2026-08-14T17:00:00Z,bhadla-solar,2245.0,0.0,0.0,0.0,0.0,0.0,1.36,0.9,18.16,36.4
2026-08-14T18:00:00Z,bhadla-solar,2245.0,0.0,0.0,0.0,0.0,0.0,5.13,3.39,16.21,42.2
2026-08-14T19:00:00Z,bhadla-solar,2245.0,0.0,0.0,0.0,0.0,0.0,10.15,6.71,13.91,70.3
2026-08-14T20:00:00Z,bhadla-solar,2245.0,0.0,0.0,0.0,0.0,0.0,8.19,5.41,13.86,51.7
2026-08-14T21:00:00Z,bhadla-solar,2245.0,0.0,0.0,0.0,0.0,0.0,3.66,2.42,9.24,20.5
2026-08-14T22:00:00Z,bhadla-solar,2245.0,0.0,0.0,0.0,0.0,0.0,9.17,6.06,8.62,14.6
2026-08-14T23:00:00Z,bhadla-solar,2245.0,0.0,0.0,0.0,0.0,0.0,8.43,5.57,11.95,32.3
2026-08-15T00:00:00Z,bhadla-solar,2245.0,0.0,0.0,0.0,0.0,0.0,8.38,5.53,12.46,26.0
2026-08-15T01:00:00Z,bhadla-solar,2245.0,0.0,0.0,0.0,0.0,0.0,8.02,5.3,13.37,14.0
2026-08-15T02:00:00Z,bhadla-solar,2245.0,287.5,287.5,0.0,129.01,75.81,5.34,3.53,15.07,45.4
2026-08-15T03:00:00Z,bhadla-solar,2245.0,734.14,734.14,0.0,321.26,229.01,1.47,0.97,15.22,34.2
2026-08-15T04:00:00Z,bhadla-solar,2245.0,808.56,808.56,0.0,369.8,263.56,8.69,5.74,21.32,55.6
2026-08-15T05:00:00Z,bhadla-solar,2245.0,1385.17,1385.17,0.0,680.63,566.89,6.2,4.09,21.89,21.5
2026-08-15T06:00:00Z,bhadla-solar,2245.0,1749.21,1749.21,0.0,883.84,776.57,11.46,7.57,27.38,7.0
2026-08-15T07:00:00Z,bhadla-solar,2245.0,1171.4,1171.4,0.0,539.41,410.63,9.56,6.32,23.09,59.4
2026-08-15T08:00:00Z,bhadla-solar,2245.0,1766.84,1766.84,0.0,900.29,793.98,2.81,1.86,30.84,11.9
2026-08-15T09:00:00Z,bhadla-solar,2245.0,1344.05,1344.05,0.0,663.08,545.32,8.68,5.74,30.68,36.9
2026-08-15T10:00:00Z,bhadla-solar,2245.0,1182.51,1182.51,0.0,567.45,451.91,7.51,4.96,31.14,38.1
2026-08-15T11:00:00Z,bhadla-solar,2245.0,955.3,955.3,0.0,472.39,364.15,3.72,2.46,30.32,32.3
2026-08-15T12:00:00Z,bhadla-solar,2245.0,668.63,668.63,0.0,302.58,212.95,1.24,0.82,29.62,35.4
2026-08-15T13:00:00Z,bhadla-solar,2245.0,359.07,359.07,0.0,164.74,103.45,9.21,6.08,28.58,8.6
2026-08-15T14:00:00Z,bhadla-solar,2245.0,0.0,0.0,0.0,0.0,0.0,9.04,5.97,28.22,34.7
2026-08-15T15:00:00Z,bhadla-solar,2245.0,0.0,0.0,0.0,0.0,0.0,7.84,5.18,25.39,21.1
2026-08-15T16:00:00Z,bhadla-solar,2245.0,0.0,0.0,0.0,0.0,0.0,3.43,2.27,21.05,38.7
2026-08-15T17:00:00Z,bhadla-solar,2245.0,0.0,0.0,0.0,0.0,0.0,4.45,2.94,15.48,34.1
2026-08-15T18:00:00Z,bhadla-solar,2245.0,0.0,0.0,0.0,0.0,0.0,5.68,3.76,15.9,32.1
2026-08-15T19:00:00Z,bhadla-solar,2245.0,0.0,0.0,0.0,0.0,0.0,9.99,6.6,13.0,39.5
2026-08-15T20:00:00Z,bhadla-solar,2245.0,0.0,0.0,0.0,0.0,0.0,9.28,6.13,9.7,10.1
2026-08-15T21:00:00Z,bhadla-solar,2245.0,0.0,0.0,0.0,0.0,0.0,7.63,5.04,8.91,7.0
2026-08-15T22:00:00Z,bhadla-solar,2245.0,0.0,0.0,0.0,0.0,0.0,8.94,5.91,9.15,44.8
2026-08-15T23:00:00Z,bhadla-solar,2245.0,0.0,0.0,0.0,0.0,0.0,1.11,0.73,13.31,20.0
2026-08-16T00:00:00Z,bhadla-solar,2245.0,0.0,0.0,0.0,0.0,0.0,6.75,4.46,11.34,10.8
2026-08-16T01:00:00Z,bhadla-solar,2245.0,0.0,0.0,0.0,0.0,0.0,6.93,4.58,12.11,47.6
2026-08-16T02:00:00Z,bhadla-solar,2245.0,300.6,300.6,0.0,135.2,80.57,4.13,2.73,12.33,41.4
2026-08-16T03:00:00Z,bhadla-solar,2245.0,465.36,465.36,0.0,210.5,129.23,7.18,4.74,18.5,67.2
2026-08-16T04:00:00Z,bhadla-solar,2245.0,995.84,995.84,0.0,453.55,345.18,1.6,1.06,19.92,38.7
2026-08-16T05:00:00Z,bhadla-solar,2245.0,1672.05,1672.05,0.0,815.52,704.63,4.83,3.19,24.07,0.0
2026-08-16T06:00:00Z,bhadla-solar,2245.0,1844.18,1844.18,0.0,882.29,774.95,5.6,3.7,23.35,7.2
2026-08-16T07:00:00Z,bhadla-solar,2245.0,1678.44,1678.44,0.0,845.63,735.91,10.58,6.99,26.01,19.3
2026-08-16T08:00:00Z,bhadla-solar,2245.0,1846.52,1846.52,0.0,910.49,804.81,4.17,2.76,27.14,10.5
2026-08-16T09:00:00Z,bhadla-solar,2245.0,1139.86,1139.86,0.0,551.8,428.77,9.37,6.19,29.52,52.5
2026-08-16T10:00:00Z,bhadla-solar,2245.0,1562.47,1562.47,0.0,793.67,682.16,2.92,1.93,29.69,1.4
2026-08-16T11:00:00Z,bhadla-solar,2245.0,1168.74,1168.74,0.0,552.35,441.66,4.41,2.91,26.96,15.8
2026-08-16T12:00:00Z,bhadla-solar,2245.0,698.97,698.97,0.0,324.97,232.92,10.08,6.66,28.52,28.4
2026-08-16T13:00:00Z,bhadla-solar,2245.0,326.88,326.88,0.0,146.4,89.66,4.05,2.68,26.47,22.1
2026-08-16T14:00:00Z,bhadla-solar,2245.0,0.0,0.0,0.0,0.0,0.0,10.02,6.62,25.2,58.5
2026-08-16T15:00:00Z,bhadla-solar,2245.0,0.0,0.0,0.0,0.0,0.0,4.3,2.84,24.97,13.0
2026-08-16T16:00:00Z,bhadla-solar,2245.0,0.0,0.0,0.0,0.0,0.0,7.74,5.11,21.69,55.9
2026-08-16T17:00:00Z,bhadla-solar,2245.0,0.0,0.0,0.0,0.0,0.0,5.27,3.48,15.46,33.8
2026-08-16T18:00:00Z,bhadla-solar,2245.0,0.0,0.0,0.0,0.0,0.0,7.93,5.24,15.56,23.2
2026-08-16T19:00:00Z,bhadla-solar,2245.0,0.0,0.0,0.0,0.0,0.0,1.5,0.99,12.74,31.7
2026-08-16T20:00:00Z,bhadla-solar,2245.0,0.0,0.0,0.0,0.0,0.0,9.88,6.53,10.49,31.6
2026-08-16T21:00:00Z,bhadla-solar,2245.0,0.0,0.0,0.0,0.0,0.0,3.99,2.63,10.24,0.9
2026-08-16T22:00:00Z,bhadla-solar,2245.0,0.0,0.0,0.0,0.0,0.0,0.88,0.58,11.61,35.9
2026-08-16T23:00:00Z,bhadla-solar,2245.0,0.0,0.0,0.0,0.0,0.0,9.43,6.23,8.94,41.5
2026-08-17T00:00:00Z,bhadla-solar,2245.0,0.0,0.0,0.0,0.0,0.0,5.31,3.51,13.92,41.1
2026-08-17T01:00:00Z,bhadla-solar,2245.0,0.0,0.0,0.0,0.0,0.0,3.24,2.14,12.82,11.3
2026-08-17T02:00:00Z,bhadla-solar,2245.0,336.06,336.06,0.0,146.85,89.53,12.04,7.95,13.43,33.7
2026-08-17T03:00:00Z,bhadla-solar,2245.0,943.7,943.7,0.0,435.83,332.22,2.41,1.59,15.94,0.0
2026-08-17T04:00:00Z,bhadla-solar,2245.0,1133.7,1133.7,0.0,520.67,410.6,5.92,3.91,18.25,25.2
2026-08-17T05:00:00Z,bhadla-solar,2245.0,1249.14,1249.14,0.0,583.95,468.17,0.9,0.59,19.68,36.9
2026-08-17T06:00:00Z,bhadla-solar,2245.0,868.96,868.96,0.0,404.1,273.24,11.02,7.28,20.76,73.7
2026-08-17T07:00:00Z,bhadla-solar,2245.0,1480.35,1480.35,0.0,715.38,597.56,9.11,6.02,25.28,36.4
2026-08-17T08:00:00Z,bhadla-solar,2245.0,1206.21,1206.21,0.0,574.33,447.92,2.22,1.46,26.84,54.6
2026-08-17T09:00:00Z,bhadla-solar,2245.0,1473.57,1473.57,0.0,736.77,622.49,3.91,2.58,30.82,26.5
2026-08-17T10:00:00Z,bhadla-solar,2245.0,1207.4,1207.4,0.0,600.52,485.57,4.67,3.09,30.74,32.7
2026-08-17T11:00:00Z,bhadla-solar,2245.0,1283.93,1283.93,0.0,628.8,515.77,6.24,4.12,27.23,0.0
2026-08-17T12:00:00Z,bhadla-solar,2245.0,848.25,848.25,0.0,415.67,313.86,10.99,7.26,27.91,0.0
2026-08-17T13:00:00Z,bhadla-solar,2245.0,371.9,371.9,0.0,167.27,105.35,8.45,5.58,26.84,6.7
2026-08-17T14:00:00Z,bhadla-solar,2245.0,0.0,0.0,0.0,0.0,0.0,5.42,3.58,25.09,18.8
2026-08-17T15:00:00Z,bhadla-solar,2245.0,0.0,0.0,0.0,0.0,0.0,12.2,8.06,25.92,37.4
2026-08-17T16:00:00Z,bhadla-solar,2245.0,0.0,0.0,0.0,0.0,0.0,1.48,0.98,24.11,42.4
2026-08-17T17:00:00Z,bhadla-solar,2245.0,0.0,0.0,0.0,0.0,0.0,2.02,1.34,15.78,39.7
2026-08-17T18:00:00Z,bhadla-solar,2245.0,0.0,0.0,0.0,0.0,0.0,4.36,2.88,16.58,25.2
2026-08-17T19:00:00Z,bhadla-solar,2245.0,0.0,0.0,0.0,0.0,0.0,4.05,2.67,12.75,15.9
2026-08-17T20:00:00Z,bhadla-solar,2245.0,0.0,0.0,0.0,0.0,0.0,1.92,1.27,10.98,33.8
2026-08-17T21:00:00Z,bhadla-solar,2245.0,0.0,0.0,0.0,0.0,0.0,9.36,6.19,12.01,20.0
2026-08-17T22:00:00Z,bhadla-solar,2245.0,0.0,0.0,0.0,0.0,0.0,6.41,4.23,10.8,27.3
2026-08-17T23:00:00Z,bhadla-solar,2245.0,0.0,0.0,0.0,0.0,0.0,9.35,6.18,10.16,42.7
2026-08-18T00:00:00Z,bhadla-solar,2245.0,0.0,0.0,0.0,0.0,0.0,6.06,4.0,13.09,60.3
2026-08-18T01:00:00Z,bhadla-solar,2245.0,0.0,0.0,0.0,0.0,0.0,2.56,1.69,9.63,4.6
2026-08-18T02:00:00Z,bhadla-solar,2245.0,415.2,415.2,0.0,183.8,117.97,3.67,2.42,14.88,9.5
2026-08-18T03:00:00Z,bhadla-solar,2245.0,765.39,765.39,0.0,349.17,254.15,3.29,2.17,15.54,25.8
2026-08-18T04:00:00Z,bhadla-solar,2245.0,1174.76,1174.76,0.0,572.93,461.53,14.27,9.43,21.19,14.7
2026-08-18T05:00:00Z,bhadla-solar,2245.0,1602.82,1602.82,0.0,777.64,665.95,4.86,3.21,24.65,6.0
2026-08-18T06:00:00Z,bhadla-solar,2245.0,1605.09,1605.09,0.0,792.16,680.38,6.2,4.09,23.76,19.7
2026-08-18T07:00:00Z,bhadla-solar,2245.0,1641.25,1641.25,0.0,809.88,697.94,12.49,8.25,27.49,24.0
2026-08-18T08:00:00Z,bhadla-solar,2245.0,1229.39,1229.39,0.0,598.4,473.48,8.31,5.49,27.16,51.5
2026-08-18T09:00:00Z,bhadla-solar,2245.0,1291.59,1291.59,0.0,603.65,483.08,4.5,2.97,28.41,45.2
2026-08-18T10:00:00Z,bhadla-solar,2245.0,1300.27,1300.27,0.0,661.89,548.04,2.56,1.69,30.63,22.8
2026-08-18T11:00:00Z,bhadla-solar,2245.0,1276.99,1276.99,0.0,619.01,506.29,3.87,2.56,27.25,2.0
2026-08-18T12:00:00Z,bhadla-solar,2245.0,607.59,607.59,0.0,282.47,195.0,8.28,5.47,29.05,41.7
2026-08-18T13:00:00Z,bhadla-solar,2245.0,278.58,278.58,0.0,133.33,79.83,3.47,2.29,28.04,31.8
2026-08-18T14:00:00Z,bhadla-solar,2245.0,0.0,0.0,0.0,0.0,0.0,6.36,4.2,25.72,33.6
2026-08-18T15:00:00Z,bhadla-solar,2245.0,0.0,0.0,0.0,0.0,0.0,10.22,6.75,23.65,17.5
2026-08-18T16:00:00Z,bhadla-solar,2245.0,0.0,0.0,0.0,0.0,0.0,4.1,2.71,21.77,26.2
2026-08-18T17:00:00Z,bhadla-solar,2245.0,0.0,0.0,0.0,0.0,0.0,7.58,5.01,18.61,16.6
2026-08-18T18:00:00Z,bhadla-solar,2245.0,0.0,0.0,0.0,0.0,0.0,7.45,4.92,15.4,15.6
2026-08-18T19:00:00Z,bhadla-solar,2245.0,0.0,0.0,0.0,0.0,0.0,1.22,0.8,15.61,44.4
2026-08-18T20:00:00Z,bhadla-solar,2245.0,0.0,0.0,0.0,0.0,0.0,13.41,8.86,9.51,31.6
2026-08-18T21:00:00Z,bhadla-solar,2245.0,0.0,0.0,0.0,0.0,0.0,9.88,6.53,11.26,35.2
2026-08-18T22:00:00Z,bhadla-solar,2245.0,0.0,0.0,0.0,0.0,0.0,3.33,2.2,10.01,39.6
2026-08-18T23:00:00Z,bhadla-solar,2245.0,0.0,0.0,0.0,0.0,0.0,2.69,1.78,10.81,22.6
2026-08-19T00:00:00Z,bhadla-solar,2245.0,0.0,0.0,0.0,0.0,0.0,4.49,2.97,9.32,27.5
2026-08-19T01:00:00Z,bhadla-solar,2245.0,0.0,0.0,0.0,0.0,0.0,11.46,7.57,12.28,8.4
2026-08-19T02:00:00Z,bhadla-solar,2245.0,429.96,429.96,0.0,198.31,129.14,10.7,7.07,15.65,0.0
2026-08-19T03:00:00Z,bhadla-solar,2245.0,707.73,707.73,0.0,320.81,228.6,8.93,5.9,15.76,34.3
2026-08-19T04:00:00Z,bhadla-solar,2245.0,1036.46,1036.46,0.0,471.89,363.05,1.71,1.13,22.43,35.0
2026-08-19T05:00:00Z,bhadla-solar,2245.0,1000.05,1000.05,0.0,450.38,331.78,1.56,1.03,21.95,58.2
2026-08-19T06:00:00Z,bhadla-solar,2245.0,1144.68,1144.68,0.0,543.49,419.49,6.88,4.54,26.31,54.3
2026-08-19T07:00:00Z,bhadla-solar,2245.0,1762.14,1762.14,0.0,907.18,801.29,2.91,1.93,25.85,11.3
2026-08-19T08:00:00Z,bhadla-solar,2245.0,1568.42,1568.42,0.0,799.92,687.42,5.39,3.56,28.76,25.0
2026-08-19T09:00:00Z,bhadla-solar,2245.0,1835.33,1835.33,0.0,925.62,820.28,8.31,5.49,31.58,0.0
2026-08-19T10:00:00Z,bhadla-solar,2245.0,1269.93,1269.93,0.0,649.98,535.92,4.64,3.07,30.29,24.7
2026-08-19T11:00:00Z,bhadla-solar,2245.0,917.28,917.28,0.0,443.68,336.32,5.88,3.89,30.62,38.3
2026-08-19T12:00:00Z,bhadla-solar,2245.0,649.54,649.54,0.0,300.6,211.18,9.09,6.0,28.18,36.0
2026-08-19T13:00:00Z,bhadla-solar,2245.0,327.99,327.99,0.0,148.33,91.11,4.52,2.99,28.37,20.7
2026-08-19T14:00:00Z,bhadla-solar,2245.0,0.0,0.0,0.0,0.0,0.0,7.87,5.2,28.91,41.4
2026-08-19T15:00:00Z,bhadla-solar,2245.0,0.0,0.0,0.0,0.0,0.0,3.71,2.45,22.38,40.1
2026-08-19T16:00:00Z,bhadla-solar,2245.0,0.0,0.0,0.0,0.0,0.0,4.95,3.27,20.94,36.0
2026-08-19T17:00:00Z,bhadla-solar,2245.0,0.0,0.0,0.0,0.0,0.0,9.6,6.34,17.58,33.9
2026-08-19T18:00:00Z,bhadla-solar,2245.0,0.0,0.0,0.0,0.0,0.0,7.34,4.85,16.7,52.3
2026-08-19T19:00:00Z,bhadla-solar,2245.0,0.0,0.0,0.0,0.0,0.0,1.45,0.96,15.26,39.8
2026-08-19T20:00:00Z,bhadla-solar,2245.0,0.0,0.0,0.0,0.0,0.0,3.27,2.16,11.72,14.7
2026-08-19T21:00:00Z,bhadla-solar,2245.0,0.0,0.0,0.0,0.0,0.0,6.44,4.26,9.99,30.1
2026-08-19T22:00:00Z,bhadla-solar,2245.0,0.0,0.0,0.0,0.0,0.0,3.15,2.08,9.75,28.0
2026-08-19T23:00:00Z,bhadla-solar,2245.0,0.0,0.0,0.0,0.0,0.0,6.86,4.53,9.95,42.6
2026-08-20T00:00:00Z,bhadla-solar,2245.0,0.0,0.0,0.0,0.0,0.0,3.96,2.62,10.91,6.7
2026-08-20T01:00:00Z,bhadla-solar,2245.0,0.0,0.0,0.0,0.0,0.0,6.16,4.07,12.35,7.1
2026-08-20T02:00:00Z,bhadla-solar,2245.0,423.75,423.75,0.0,188.77,121.8,18.75,12.39,13.62,6.3
2026-08-20T03:00:00Z,bhadla-solar,2245.0,841.87,841.87,0.0,389.97,290.9,5.51,3.64,18.4,13.7
2026-08-20T04:00:00Z,bhadla-solar,2245.0,859.5,859.5,0.0,396.69,289.76,5.83,3.85,16.67,50.2
2026-08-20T05:00:00Z,bhadla-solar,2245.0,1199.68,1199.68,0.0,576.46,460.53,4.29,2.83,22.13,38.1
2026-08-20T06:00:00Z,bhadla-solar,2245.0,1381.12,1381.12,0.0,684.77,567.71,9.94,6.57,24.21,34.7
2026-08-20T07:00:00Z,bhadla-solar,2245.0,1415.76,1415.76,0.0,680.22,560.2,3.52,2.33,26.09,41.0
2026-08-20T08:00:00Z,bhadla-solar,2245.0,1952.22,1952.22,0.0,990.66,889.92,4.03,2.66,29.62,0.0
2026-08-20T09:00:00Z,bhadla-solar,2245.0,1703.05,1703.05,0.0,881.19,773.75,3.77,2.49,31.06,6.2
2026-08-20T10:00:00Z,bhadla-solar,2245.0,1483.28,1483.28,0.0,740.48,628.03,3.35,2.21,30.42,10.0
2026-08-20T11:00:00Z,bhadla-solar,2245.0,853.73,853.73,0.0,420.47,313.82,14.86,9.82,28.2,43.1
2026-08-20T12:00:00Z,bhadla-solar,2245.0,612.16,612.16,0.0,290.44,202.12,2.01,1.33,28.87,39.2
2026-08-20T13:00:00Z,bhadla-solar,2245.0,302.21,302.21,0.0,136.53,82.24,10.81,7.14,27.09,29.4
2026-08-20T14:00:00Z,bhadla-solar,2245.0,0.0,0.0,0.0,0.0,0.0,5.79,3.83,25.88,26.3
2026-08-20T15:00:00Z,bhadla-solar,2245.0,0.0,0.0,0.0,0.0,0.0,1.71,1.13,21.27,55.3
2026-08-20T16:00:00Z,bhadla-solar,2245.0,0.0,0.0,0.0,0.0,0.0,2.18,1.44,19.9,37.3
2026-08-20T17:00:00Z,bhadla-solar,2245.0,0.0,0.0,0.0,0.0,0.0,13.73,9.07,19.83,47.3
2026-08-20T18:00:00Z,bhadla-solar,2245.0,0.0,0.0,0.0,0.0,0.0,8.01,5.29,14.74,24.2
2026-08-20T19:00:00Z,bhadla-solar,2245.0,0.0,0.0,0.0,0.0,0.0,11.44,7.56,15.87,34.3
2026-08-20T20:00:00Z,bhadla-solar,2245.0,0.0,0.0,0.0,0.0,0.0,11.59,7.65,11.91,28.9
2026-08-20T21:00:00Z,bhadla-solar,2245.0,0.0,0.0,0.0,0.0,0.0,5.08,3.36,11.21,40.8
2026-08-20T22:00:00Z,bhadla-solar,2245.0,0.0,0.0,0.0,0.0,0.0,3.63,2.4,8.75,24.6
2026-08-20T23:00:00Z,bhadla-solar,2245.0,0.0,0.0,0.0,0.0,0.0,6.69,4.42,9.2,5.3
2026-08-21T00:00:00Z,bhadla-solar,2245.0,0.0,0.0,0.0,0.0,0.0,4.57,3.02,10.57,26.0
2026-08-21T01:00:00Z,bhadla-solar,2245.0,0.0,0.0,0.0,0.0,0.0,4.37,2.89,12.45,52.4
2026-08-21T02:00:00Z,bhadla-solar,2245.0,388.51,388.51,0.0,174.6,110.89,13.92,9.2,13.36,15.5
2026-08-21T03:00:00Z,bhadla-solar,2245.0,816.66,816.66,0.0,376.4,278.68,9.53,6.3,18.42,17.7
2026-08-21T04:00:00Z,bhadla-solar,2245.0,1106.53,1106.53,0.0,521.64,411.54,8.26,5.46,21.48,25.0
2026-08-21T05:00:00Z,bhadla-solar,2245.0,1080.53,1080.53,0.0,513.48,396.22,9.47,6.26,23.7,48.1
2026-08-21T06:00:00Z,bhadla-solar,2245.0,1118.32,1118.32,0.0,516.99,391.68,2.59,1.71,23.45,58.0
2026-08-21T07:00:00Z,bhadla-solar,2245.0,1074.32,1074.32,0.0,532.8,403.61,10.13,6.69,26.94,60.3
2026-08-21T08:00:00Z,bhadla-solar,2245.0,1697.05,1697.05,0.0,860.22,751.44,8.44,5.57,27.29,17.1
2026-08-21T09:00:00Z,bhadla-solar,2245.0,1491.22,1491.22,0.0,739.76,625.63,13.89,9.18,27.97,26.1
2026-08-21T10:00:00Z,bhadla-solar,2245.0,1480.76,1480.76,0.0,734.89,622.34,5.2,3.44,27.19,10.9
2026-08-21T11:00:00Z,bhadla-solar,2245.0,1066.04,1066.04,0.0,532.22,422.15,4.92,3.25,30.91,20.0
2026-08-21T12:00:00Z,bhadla-solar,2245.0,800.23,800.23,0.0,364.62,268.31,6.48,4.28,27.91,16.0
2026-08-21T13:00:00Z,bhadla-solar,2245.0,276.65,276.65,0.0,130.72,77.87,5.98,3.95,27.67,33.7
2026-08-21T14:00:00Z,bhadla-solar,2245.0,0.0,0.0,0.0,0.0,0.0,6.31,4.17,29.13,23.0
2026-08-21T15:00:00Z,bhadla-solar,2245.0,0.0,0.0,0.0,0.0,0.0,1.53,1.01,22.85,19.4
2026-08-21T16:00:00Z,bhadla-solar,2245.0,0.0,0.0,0.0,0.0,0.0,3.48,2.3,21.28,22.3
2026-08-21T17:00:00Z,bhadla-solar,2245.0,0.0,0.0,0.0,0.0,0.0,13.19,8.71,15.38,47.5
2026-08-21T18:00:00Z,bhadla-solar,2245.0,0.0,0.0,0.0,0.0,0.0,1.02,0.67,17.37,28.8
2026-08-21T19:00:00Z,bhadla-solar,2245.0,0.0,0.0,0.0,0.0,0.0,8.17,5.4,14.99,20.4
2026-08-21T20:00:00Z,bhadla-solar,2245.0,0.0,0.0,0.0,0.0,0.0,6.09,4.02,12.57,19.9
2026-08-21T21:00:00Z,bhadla-solar,2245.0,0.0,0.0,0.0,0.0,0.0,11.28,7.45,10.2,24.7
2026-08-21T22:00:00Z,bhadla-solar,2245.0,0.0,0.0,0.0,0.0,0.0,1.84,1.22,10.01,33.5
2026-08-21T23:00:00Z,bhadla-solar,2245.0,0.0,0.0,0.0,0.0,0.0,3.94,2.6,13.76,37.1
2026-08-22T00:00:00Z,bhadla-solar,2245.0,0.0,0.0,0.0,0.0,0.0,7.44,4.91,8.91,33.2
2026-08-22T01:00:00Z,bhadla-solar,2245.0,0.0,0.0,0.0,0.0,0.0,6.5,4.29,12.62,35.1
2026-08-22T02:00:00Z,bhadla-solar,2245.0,343.79,343.79,0.0,149.78,91.79,9.8,6.48,14.98,31.8
2026-08-22T03:00:00Z,bhadla-solar,2245.0,658.3,658.3,0.0,292.26,202.88,8.35,5.52,18.93,42.8
2026-08-22T04:00:00Z,bhadla-solar,2245.0,1306.16,1306.16,0.0,602.16,490.02,7.66,5.06,19.91,8.8
2026-08-22T05:00:00Z,bhadla-solar,2245.0,1271.76,1271.76,0.0,590.11,474.47,9.99,6.6,24.6,35.9
2026-08-22T06:00:00Z,bhadla-solar,2245.0,1835.81,1835.81,0.0,933.82,829.01,6.05,4.0,24.62,0.0
2026-08-22T07:00:00Z,bhadla-solar,2245.0,1331.67,1331.67,0.0,645.34,523.15,1.19,0.79,25.72,45.6
2026-08-22T08:00:00Z,bhadla-solar,2245.0,1490.29,1490.29,0.0,745.6,629.76,7.06,4.66,27.33,32.2
2026-08-22T09:00:00Z,bhadla-solar,2245.0,1338.77,1338.77,0.0,670.54,553.13,2.47,1.63,31.82,35.8
2026-08-22T10:00:00Z,bhadla-solar,2245.0,1191.6,1191.6,0.0,608.17,493.36,1.9,1.25,31.17,31.5
2026-08-22T11:00:00Z,bhadla-solar,2245.0,1085.62,1085.62,0.0,513.96,404.45,4.08,2.69,28.68,23.7
2026-08-22T12:00:00Z,bhadla-solar,2245.0,443.64,443.64,0.0,217.58,137.1,3.04,2.01,29.71,62.0
2026-08-22T13:00:00Z,bhadla-solar,2245.0,280.55,280.55,0.0,128.06,75.87,10.45,6.9,26.87,35.6
2026-08-22T14:00:00Z,bhadla-solar,2245.0,0.0,0.0,0.0,0.0,0.0,2.23,1.47,25.17,34.0
2026-08-22T15:00:00Z,bhadla-solar,2245.0,0.0,0.0,0.0,0.0,0.0,1.31,0.87,23.87,38.8
2026-08-22T16:00:00Z,bhadla-solar,2245.0,0.0,0.0,0.0,0.0,0.0,18.76,12.39,20.0,45.3
2026-08-22T17:00:00Z,bhadla-solar,2245.0,0.0,0.0,0.0,0.0,0.0,7.47,4.93,19.11,35.5
2026-08-22T18:00:00Z,bhadla-solar,2245.0,0.0,0.0,0.0,0.0,0.0,5.83,3.85,16.38,45.4
2026-08-22T19:00:00Z,bhadla-solar,2245.0,0.0,0.0,0.0,0.0,0.0,5.66,3.74,11.54,48.8
2026-08-22T20:00:00Z,bhadla-solar,2245.0,0.0,0.0,0.0,0.0,0.0,2.79,1.84,9.77,51.3
2026-08-22T21:00:00Z,bhadla-solar,2245.0,0.0,0.0,0.0,0.0,0.0,4.45,2.94,8.84,17.7
2026-08-22T22:00:00Z,bhadla-solar,2245.0,0.0,0.0,0.0,0.0,0.0,2.43,1.61,11.09,37.5
2026-08-22T23:00:00Z,bhadla-solar,2245.0,0.0,0.0,0.0,0.0,0.0,1.85,1.22,11.0,51.0
2026-08-23T00:00:00Z,bhadla-solar,2245.0,0.0,0.0,0.0,0.0,0.0,5.49,3.63,13.78,31.1
2026-08-23T01:00:00Z,bhadla-solar,2245.0,0.0,0.0,0.0,0.0,0.0,5.27,3.48,13.22,47.0
2026-08-23T02:00:00Z,bhadla-solar,2245.0,453.71,453.71,0.0,198.31,129.14,4.23,2.8,12.64,0.0
2026-08-23T03:00:00Z,bhadla-solar,2245.0,977.79,977.79,0.0,435.83,332.22,2.93,1.94,19.73,0.0
2026-08-23T04:00:00Z,bhadla-solar,2245.0,1173.19,1173.19,0.0,541.64,431.04,6.34,4.19,21.35,21.0
2026-08-23T05:00:00Z,bhadla-solar,2245.0,1344.5,1344.5,0.0,656.0,541.75,13.11,8.66,19.59,25.4
2026-08-23T06:00:00Z,bhadla-solar,2245.0,1895.65,1895.65,0.0,933.82,829.01,4.63,3.06,24.24,0.0
2026-08-23T07:00:00Z,bhadla-solar,2245.0,1593.29,1593.29,0.0,792.0,678.94,3.02,2.0,26.75,26.4
2026-08-23T08:00:00Z,bhadla-solar,2245.0,1922.1,1922.1,0.0,990.66,889.92,3.61,2.38,26.18,0.0
2026-08-23T09:00:00Z,bhadla-solar,2245.0,1254.31,1254.31,0.0,604.96,484.45,5.11,3.38,29.8,45.0
2026-08-23T10:00:00Z,bhadla-solar,2245.0,1241.06,1241.06,0.0,600.95,486.01,3.7,2.45,29.3,32.6
2026-08-23T11:00:00Z,bhadla-solar,2245.0,739.36,739.36,0.0,338.21,234.08,3.52,2.32,32.25,60.1
2026-08-23T12:00:00Z,bhadla-solar,2245.0,855.88,855.88,0.0,415.67,313.86,7.18,4.74,28.1,0.0
2026-08-23T13:00:00Z,bhadla-solar,2245.0,327.94,327.94,0.0,148.54,91.27,5.71,3.77,25.55,20.5
2026-08-23T14:00:00Z,bhadla-solar,2245.0,0.0,0.0,0.0,0.0,0.0,7.96,5.26,23.77,36.1
2026-08-23T15:00:00Z,bhadla-solar,2245.0,0.0,0.0,0.0,0.0,0.0,14.5,9.58,22.88,29.6
2026-08-23T16:00:00Z,bhadla-solar,2245.0,0.0,0.0,0.0,0.0,0.0,3.9,2.57,19.4,27.1
2026-08-23T17:00:00Z,bhadla-solar,2245.0,0.0,0.0,0.0,0.0,0.0,6.39,4.22,16.14,31.2
2026-08-23T18:00:00Z,bhadla-solar,2245.0,0.0,0.0,0.0,0.0,0.0,8.05,5.32,15.66,24.8
2026-08-23T19:00:00Z,bhadla-solar,2245.0,0.0,0.0,0.0,0.0,0.0,7.28,4.81,11.55,0.0
2026-08-23T20:00:00Z,bhadla-solar,2245.0,0.0,0.0,0.0,0.0,0.0,6.1,4.03,8.88,25.1
2026-08-23T21:00:00Z,bhadla-solar,2245.0,0.0,0.0,0.0,0.0,0.0,5.51,3.64,9.14,14.7
2026-08-23T22:00:00Z,bhadla-solar,2245.0,0.0,0.0,0.0,0.0,0.0,10.43,6.89,10.14,0.0
2026-08-23T23:00:00Z,bhadla-solar,2245.0,0.0,0.0,0.0,0.0,0.0,0.98,0.65,12.7,6.3
2026-08-24T00:00:00Z,bhadla-solar,2245.0,0.0,0.0,0.0,0.0,0.0,7.55,4.99,10.58,39.1
2026-08-24T01:00:00Z,bhadla-solar,2245.0,0.0,0.0,0.0,0.0,0.0,8.67,5.73,13.99,27.4
2026-08-24T02:00:00Z,bhadla-solar,2245.0,247.35,247.35,0.0,110.76,61.76,7.72,5.1,14.32,57.4
2026-08-24T03:00:00Z,bhadla-solar,2245.0,636.78,636.78,0.0,286.55,197.74,8.2,5.42,17.5,44.5
2026-08-24T04:00:00Z,bhadla-solar,2245.0,892.97,892.97,0.0,387.08,280.4,7.25,4.79,18.88,52.1
2026-08-24T05:00:00Z,bhadla-solar,2245.0,816.77,816.77,0.0,377.72,257.58,9.39,6.2,22.41,69.8
2026-08-24T06:00:00Z,bhadla-solar,2245.0,1379.11,1379.11,0.0,666.01,548.03,11.29,7.46,22.21,37.3
2026-08-24T07:00:00Z,bhadla-solar,2245.0,1750.27,1750.27,0.0,877.64,769.91,3.39,2.24,28.5,15.2
2026-08-24T08:00:00Z,bhadla-solar,2245.0,1598.21,1598.21,0.0,813.27,701.59,10.99,7.26,26.13,23.3
2026-08-24T09:00:00Z,bhadla-solar,2245.0,1557.49,1557.49,0.0,784.56,672.54,12.85,8.49,30.73,19.8
2026-08-24T10:00:00Z,bhadla-solar,2245.0,1028.53,1028.53,0.0,504.84,388.19,4.7,3.1,28.78,48.2
2026-08-24T11:00:00Z,bhadla-solar,2245.0,1058.04,1058.04,0.0,503.63,394.43,9.01,5.95,30.31,25.9
2026-08-24T12:00:00Z,bhadla-solar,2245.0,732.26,732.26,0.0,345.34,251.11,6.37,4.21,29.05,22.0
2026-08-24T13:00:00Z,bhadla-solar,2245.0,273.76,273.76,0.0,129.06,76.62,10.13,6.69,26.71,34.9
2026-08-24T14:00:00Z,bhadla-solar,2245.0,0.0,0.0,0.0,0.0,0.0,9.91,6.55,26.1,18.5
2026-08-24T15:00:00Z,bhadla-solar,2245.0,0.0,0.0,0.0,0.0,0.0,20.1,13.28,23.0,34.6
2026-08-24T16:00:00Z,bhadla-solar,2245.0,0.0,0.0,0.0,0.0,0.0,10.15,6.7,19.64,37.5
2026-08-24T17:00:00Z,bhadla-solar,2245.0,0.0,0.0,0.0,0.0,0.0,8.94,5.91,14.92,29.1
2026-08-24T18:00:00Z,bhadla-solar,2245.0,0.0,0.0,0.0,0.0,0.0,9.31,6.15,16.99,5.6
2026-08-24T19:00:00Z,bhadla-solar,2245.0,0.0,0.0,0.0,0.0,0.0,5.93,3.92,15.05,18.5
2026-08-24T20:00:00Z,bhadla-solar,2245.0,0.0,0.0,0.0,0.0,0.0,4.0,2.65,10.85,39.0
2026-08-24T21:00:00Z,bhadla-solar,2245.0,0.0,0.0,0.0,0.0,0.0,5.23,3.45,10.3,57.6
2026-08-24T22:00:00Z,bhadla-solar,2245.0,0.0,0.0,0.0,0.0,0.0,7.61,5.03,10.19,16.3
2026-08-24T23:00:00Z,bhadla-solar,2245.0,0.0,0.0,0.0,0.0,0.0,4.09,2.7,8.81,32.9
2026-08-25T00:00:00Z,bhadla-solar,2245.0,0.0,0.0,0.0,0.0,0.0,14.5,9.58,11.55,0.0
2026-08-25T01:00:00Z,bhadla-solar,2245.0,0.0,0.0,0.0,0.0,0.0,3.0,1.99,8.62,39.4
2026-08-25T02:00:00Z,bhadla-solar,2245.0,288.45,288.45,0.0,129.27,76.0,7.93,5.24,14.68,45.3
2026-08-25T03:00:00Z,bhadla-solar,2245.0,727.52,727.52,0.0,326.88,234.07,6.23,4.11,18.3,32.5
2026-08-25T04:00:00Z,bhadla-solar,2245.0,1016.88,1016.88,0.0,481.54,372.46,8.67,5.73,20.74,33.1
2026-08-25T05:00:00Z,bhadla-solar,2245.0,933.07,933.07,0.0,435.04,316.11,5.43,3.59,24.73,60.7
2026-08-25T06:00:00Z,bhadla-solar,2245.0,1523.07,1523.07,0.0,726.98,612.0,4.01,2.65,24.76,28.8
2026-08-25T07:00:00Z,bhadla-solar,2245.0,1055.84,1055.84,0.0,503.83,372.84,9.59,6.34,27.98,64.1
2026-08-25T08:00:00Z,bhadla-solar,2245.0,1568.31,1568.31,0.0,795.38,682.6,7.44,4.92,27.4,25.6
2026-08-25T09:00:00Z,bhadla-solar,2245.0,1768.43,1768.43,0.0,925.62,820.28,7.48,4.94,30.81,0.0
2026-08-25T10:00:00Z,bhadla-solar,2245.0,1194.0,1194.0,0.0,574.55,459.14,8.78,5.8,30.32,36.9
2026-08-25T11:00:00Z,bhadla-solar,2245.0,1223.39,1223.39,0.0,590.36,478.51,2.42,1.6,29.83,7.9
2026-08-25T12:00:00Z,bhadla-solar,2245.0,528.58,528.58,0.0,247.15,163.48,2.75,1.82,28.71,52.7
2026-08-25T13:00:00Z,bhadla-solar,2245.0,274.81,274.81,0.0,125.36,73.84,2.52,1.66,27.77,37.6
2026-08-25T14:00:00Z,bhadla-solar,2245.0,0.0,0.0,0.0,0.0,0.0,7.24,4.78,23.75,36.1
2026-08-25T15:00:00Z,bhadla-solar,2245.0,0.0,0.0,0.0,0.0,0.0,6.28,4.15,23.31,0.0
2026-08-25T16:00:00Z,bhadla-solar,2245.0,0.0,0.0,0.0,0.0,0.0,12.35,8.16,21.66,29.9
2026-08-25T17:00:00Z,bhadla-solar,2245.0,0.0,0.0,0.0,0.0,0.0,4.47,2.95,17.9,8.1
2026-08-25T18:00:00Z,bhadla-solar,2245.0,0.0,0.0,0.0,0.0,0.0,10.35,6.84,16.9,52.0
2026-08-25T19:00:00Z,bhadla-solar,2245.0,0.0,0.0,0.0,0.0,0.0,13.38,8.84,13.08,39.1
2026-08-25T20:00:00Z,bhadla-solar,2245.0,0.0,0.0,0.0,0.0,0.0,4.25,2.81,11.68,31.1
2026-08-25T21:00:00Z,bhadla-solar,2245.0,0.0,0.0,0.0,0.0,0.0,6.62,4.37,13.28,39.3
2026-08-25T22:00:00Z,bhadla-solar,2245.0,0.0,0.0,0.0,0.0,0.0,11.78,7.78,9.45,17.9
2026-08-25T23:00:00Z,bhadla-solar,2245.0,0.0,0.0,0.0,0.0,0.0,3.78,2.5,11.67,42.2
2026-08-26T00:00:00Z,bhadla-solar,2245.0,0.0,0.0,0.0,0.0,0.0,10.24,6.76,11.43,10.7
2026-08-26T01:00:00Z,bhadla-solar,2245.0,0.0,0.0,0.0,0.0,0.0,4.55,3.0,12.44,15.2
2026-08-26T02:00:00Z,bhadla-solar,2245.0,316.34,316.34,0.0,143.69,87.1,6.35,4.2,15.13,35.8
2026-08-26T03:00:00Z,bhadla-solar,2245.0,862.52,862.52,0.0,408.58,307.67,3.64,2.4,16.56,8.1
2026-08-26T04:00:00Z,bhadla-solar,2245.0,883.46,883.46,0.0,410.99,303.7,3.44,2.28,20.25,47.3
2026-08-26T05:00:00Z,bhadla-solar,2245.0,1408.79,1408.79,0.0,681.07,567.34,8.36,5.52,23.02,21.4
2026-08-26T06:00:00Z,bhadla-solar,2245.0,1862.47,1862.47,0.0,933.82,829.01,7.78,5.14,24.51,0.0
2026-08-26T07:00:00Z,bhadla-solar,2245.0,791.99,791.99,0.0,366.27,226.72,8.54,5.64,26.91,82.1
2026-08-26T08:00:00Z,bhadla-solar,2245.0,1744.31,1744.31,0.0,909.02,803.25,8.14,5.38,29.65,10.7
2026-08-26T09:00:00Z,bhadla-solar,2245.0,1276.34,1276.34,0.0,632.34,513.12,2.73,1.8,29.48,41.2
2026-08-26T10:00:00Z,bhadla-solar,2245.0,1413.35,1413.35,0.0,707.34,594.3,3.54,2.34,29.72,15.4
2026-08-26T11:00:00Z,bhadla-solar,2245.0,892.63,892.63,0.0,419.27,312.66,6.3,4.17,31.72,43.3
2026-08-26T12:00:00Z,bhadla-solar,2245.0,763.36,763.36,0.0,364.38,268.09,9.04,5.97,30.2,16.0
2026-08-26T13:00:00Z,bhadla-solar,2245.0,342.68,342.68,0.0,159.78,99.72,4.82,3.18,27.97,12.3
2026-08-26T14:00:00Z,bhadla-solar,2245.0,0.0,0.0,0.0,0.0,0.0,13.87,9.16,23.89,0.0
2026-08-26T15:00:00Z,bhadla-solar,2245.0,0.0,0.0,0.0,0.0,0.0,13.34,8.81,21.88,53.6
2026-08-26T16:00:00Z,bhadla-solar,2245.0,0.0,0.0,0.0,0.0,0.0,3.61,2.39,19.82,15.6
2026-08-26T17:00:00Z,bhadla-solar,2245.0,0.0,0.0,0.0,0.0,0.0,8.2,5.42,16.78,31.5
2026-08-26T18:00:00Z,bhadla-solar,2245.0,0.0,0.0,0.0,0.0,0.0,6.49,4.29,14.39,49.8
2026-08-26T19:00:00Z,bhadla-solar,2245.0,0.0,0.0,0.0,0.0,0.0,7.78,5.14,14.22,1.7
2026-08-26T20:00:00Z,bhadla-solar,2245.0,0.0,0.0,0.0,0.0,0.0,3.9,2.58,9.58,12.2
2026-08-26T21:00:00Z,bhadla-solar,2245.0,0.0,0.0,0.0,0.0,0.0,1.99,1.32,11.21,15.6
2026-08-26T22:00:00Z,bhadla-solar,2245.0,0.0,0.0,0.0,0.0,0.0,10.59,7.0,11.49,55.4
2026-08-26T23:00:00Z,bhadla-solar,2245.0,0.0,0.0,0.0,0.0,0.0,2.96,1.95,13.96,44.6
2026-08-27T00:00:00Z,bhadla-solar,2245.0,0.0,0.0,0.0,0.0,0.0,7.89,5.21,10.32,52.9
2026-08-27T01:00:00Z,bhadla-solar,2245.0,0.0,0.0,0.0,0.0,0.0,11.99,7.92,11.94,52.1
2026-08-27T02:00:00Z,bhadla-solar,2245.0,428.43,428.43,0.0,191.76,124.1,3.71,2.45,12.34,4.3
2026-08-27T03:00:00Z,bhadla-solar,2245.0,961.88,961.88,0.0,435.83,332.22,5.64,3.73,18.02,0.0
2026-08-27T04:00:00Z,bhadla-solar,2245.0,956.33,956.33,0.0,433.96,326.09,10.38,6.86,18.7,42.7
2026-08-27T05:00:00Z,bhadla-solar,2245.0,1201.02,1201.02,0.0,560.79,444.52,4.39,2.9,22.18,40.6
2026-08-27T06:00:00Z,bhadla-solar,2245.0,1736.04,1736.04,0.0,818.2,707.7,8.02,5.3,23.91,16.1
2026-08-27T07:00:00Z,bhadla-solar,2245.0,1099.41,1099.41,0.0,525.19,395.52,5.73,3.79,26.3,61.3
2026-08-27T08:00:00Z,bhadla-solar,2245.0,1821.78,1821.78,0.0,976.25,874.62,14.76,9.75,30.74,1.9
2026-08-27T09:00:00Z,bhadla-solar,2245.0,1477.59,1477.59,0.0,759.89,646.7,2.78,1.84,27.96,23.3
2026-08-27T10:00:00Z,bhadla-solar,2245.0,1331.61,1331.61,0.0,669.43,555.71,4.56,3.01,31.39,21.5
2026-08-27T11:00:00Z,bhadla-solar,2245.0,978.79,978.79,0.0,472.88,364.62,4.4,2.91,29.37,32.2
2026-08-27T12:00:00Z,bhadla-solar,2245.0,855.87,855.87,0.0,404.04,303.49,9.73,6.43,30.33,3.6
2026-08-27T13:00:00Z,bhadla-solar,2245.0,318.83,318.83,0.0,147.64,90.59,1.23,0.81,29.1,21.2
2026-08-27T14:00:00Z,bhadla-solar,2245.0,0.0,0.0,0.0,0.0,0.0,12.36,8.17,28.01,42.0
2026-08-27T15:00:00Z,bhadla-solar,2245.0,0.0,0.0,0.0,0.0,0.0,8.57,5.66,24.5,53.0
2026-08-27T16:00:00Z,bhadla-solar,2245.0,0.0,0.0,0.0,0.0,0.0,2.45,1.62,22.18,29.3
2026-08-27T17:00:00Z,bhadla-solar,2245.0,0.0,0.0,0.0,0.0,0.0,4.94,3.26,19.4,22.7
2026-08-27T18:00:00Z,bhadla-solar,2245.0,0.0,0.0,0.0,0.0,0.0,4.84,3.2,14.69,24.0
2026-08-27T19:00:00Z,bhadla-solar,2245.0,0.0,0.0,0.0,0.0,0.0,2.09,1.38,13.28,59.5
2026-08-27T20:00:00Z,bhadla-solar,2245.0,0.0,0.0,0.0,0.0,0.0,6.41,4.23,9.91,41.0
2026-08-27T21:00:00Z,bhadla-solar,2245.0,0.0,0.0,0.0,0.0,0.0,10.7,7.07,12.43,15.8
2026-08-27T22:00:00Z,bhadla-solar,2245.0,0.0,0.0,0.0,0.0,0.0,3.93,2.6,10.5,30.3
2026-08-27T23:00:00Z,bhadla-solar,2245.0,0.0,0.0,0.0,0.0,0.0,4.77,3.15,8.3,10.7
2026-08-28T00:00:00Z,bhadla-solar,2245.0,0.0,0.0,0.0,0.0,0.0,7.73,5.11,12.5,23.6
2026-08-28T01:00:00Z,bhadla-solar,2245.0,0.0,0.0,0.0,0.0,0.0,11.78,7.78,13.07,61.4
2026-08-28T02:00:00Z,bhadla-solar,2245.0,394.25,394.25,0.0,176.72,112.52,3.82,2.52,14.43,14.2
2026-08-28T03:00:00Z,bhadla-solar,2245.0,601.7,601.7,0.0,276.62,188.8,3.84,2.54,17.06,47.5
2026-08-28T04:00:00Z,bhadla-solar,2245.0,1183.06,1183.06,0.0,566.75,455.51,8.13,5.37,22.16,15.9
2026-08-28T05:00:00Z,bhadla-solar,2245.0,1535.83,1535.83,0.0,775.73,664.01,1.83,1.21,24.16,6.3
2026-08-28T06:00:00Z,bhadla-solar,2245.0,1107.09,1107.09,0.0,512.99,387.49,13.17,8.7,22.67,58.6
2026-08-28T07:00:00Z,bhadla-solar,2245.0,1553.26,1553.26,0.0,741.15,624.93,7.17,4.73,24.3,33.0
2026-08-28T08:00:00Z,bhadla-solar,2245.0,1756.62,1756.62,0.0,844.82,735.1,2.55,1.68,29.64,19.1
2026-08-28T09:00:00Z,bhadla-solar,2245.0,1269.77,1269.77,0.0,624.74,505.16,10.37,6.85,28.54,42.3
2026-08-28T10:00:00Z,bhadla-solar,2245.0,1402.71,1402.71,0.0,709.27,596.27,16.7,11.03,29.73,15.1
2026-08-28T11:00:00Z,bhadla-solar,2245.0,1125.53,1125.53,0.0,531.04,421.0,4.79,3.17,30.8,20.2
2026-08-28T12:00:00Z,bhadla-solar,2245.0,833.76,833.76,0.0,388.51,289.62,8.61,5.69,26.43,8.5
2026-08-28T13:00:00Z,bhadla-solar,2245.0,263.79,263.79,0.0,121.5,70.94,7.28,4.81,26.81,40.5
2026-08-28T14:00:00Z,bhadla-solar,2245.0,0.0,0.0,0.0,0.0,0.0,2.02,1.34,23.38,12.7
2026-08-28T15:00:00Z,bhadla-solar,2245.0,0.0,0.0,0.0,0.0,0.0,4.9,3.24,24.35,22.5
2026-08-28T16:00:00Z,bhadla-solar,2245.0,0.0,0.0,0.0,0.0,0.0,5.81,3.84,20.31,33.8
2026-08-28T17:00:00Z,bhadla-solar,2245.0,0.0,0.0,0.0,0.0,0.0,16.49,10.9,18.83,30.4
2026-08-28T18:00:00Z,bhadla-solar,2245.0,0.0,0.0,0.0,0.0,0.0,1.79,1.18,16.96,28.1
2026-08-28T19:00:00Z,bhadla-solar,2245.0,0.0,0.0,0.0,0.0,0.0,5.9,3.9,14.17,40.4
2026-08-28T20:00:00Z,bhadla-solar,2245.0,0.0,0.0,0.0,0.0,0.0,3.74,2.47,11.08,14.2
2026-08-28T21:00:00Z,bhadla-solar,2245.0,0.0,0.0,0.0,0.0,0.0,11.6,7.66,11.44,42.9
2026-08-28T22:00:00Z,bhadla-solar,2245.0,0.0,0.0,0.0,0.0,0.0,4.97,3.28,10.21,39.3
2026-08-28T23:00:00Z,bhadla-solar,2245.0,0.0,0.0,0.0,0.0,0.0,2.56,1.69,10.89,25.5
2026-08-29T00:00:00Z,bhadla-solar,2245.0,0.0,0.0,0.0,0.0,0.0,0.76,0.5,11.71,47.7
2026-08-29T01:00:00Z,bhadla-solar,2245.0,0.0,0.0,0.0,0.0,0.0,8.89,5.87,11.75,6.1
2026-08-29T02:00:00Z,bhadla-solar,2245.0,415.99,415.99,0.0,178.98,114.26,12.12,8.01,13.91,12.7
2026-08-29T03:00:00Z,bhadla-solar,2245.0,767.76,767.76,0.0,334.32,240.77,7.11,4.7,15.09,30.3
2026-08-29T04:00:00Z,bhadla-solar,2245.0,1310.88,1310.88,0.0,616.23,503.73,1.36,0.9,20.71,6.0
2026-08-29T05:00:00Z,bhadla-solar,2245.0,1073.51,1073.51,0.0,506.95,389.54,13.73,9.07,22.9,49.2
2026-08-29T06:00:00Z,bhadla-solar,2245.0,1652.05,1652.05,0.0,815.43,704.8,4.49,2.97,25.89,16.5
2026-08-29T07:00:00Z,bhadla-solar,2245.0,1343.32,1343.32,0.0,640.62,518.14,2.61,1.73,25.67,46.2
2026-08-29T08:00:00Z,bhadla-solar,2245.0,1430.18,1430.18,0.0,757.87,642.78,6.78,4.48,30.92,30.5
2026-08-29T09:00:00Z,bhadla-solar,2245.0,1395.7,1395.7,0.0,685.26,568.54,8.25,5.45,28.68,33.8
2026-08-29T10:00:00Z,bhadla-solar,2245.0,1237.7,1237.7,0.0,601.37,486.44,8.24,5.44,28.3,32.6
2026-08-29T11:00:00Z,bhadla-solar,2245.0,993.95,993.95,0.0,503.55,394.36,4.0,2.64,29.61,25.9
2026-08-29T12:00:00Z,bhadla-solar,2245.0,820.04,820.04,0.0,376.93,279.29,9.18,6.07,27.96,12.1
2026-08-29T13:00:00Z,bhadla-solar,2245.0,267.24,267.24,0.0,122.27,71.52,9.96,6.58,27.55,39.9
2026-08-29T14:00:00Z,bhadla-solar,2245.0,0.0,0.0,0.0,0.0,0.0,12.47,8.24,26.98,14.2
2026-08-29T15:00:00Z,bhadla-solar,2245.0,0.0,0.0,0.0,0.0,0.0,2.32,1.53,20.81,26.9
2026-08-29T16:00:00Z,bhadla-solar,2245.0,0.0,0.0,0.0,0.0,0.0,5.21,3.44,21.52,38.7
2026-08-29T17:00:00Z,bhadla-solar,2245.0,0.0,0.0,0.0,0.0,0.0,11.69,7.72,15.54,19.4
2026-08-29T18:00:00Z,bhadla-solar,2245.0,0.0,0.0,0.0,0.0,0.0,4.89,3.23,17.91,45.3
2026-08-29T19:00:00Z,bhadla-solar,2245.0,0.0,0.0,0.0,0.0,0.0,6.98,4.61,12.23,21.4
2026-08-29T20:00:00Z,bhadla-solar,2245.0,0.0,0.0,0.0,0.0,0.0,12.38,8.18,10.43,25.4
2026-08-29T21:00:00Z,bhadla-solar,2245.0,0.0,0.0,0.0,0.0,0.0,5.95,3.93,11.25,46.3
2026-08-29T22:00:00Z,bhadla-solar,2245.0,0.0,0.0,0.0,0.0,0.0,3.27,2.16,9.95,45.2
2026-08-29T23:00:00Z,bhadla-solar,2245.0,0.0,0.0,0.0,0.0,0.0,9.28,6.13,11.2,32.3
2026-08-30T00:00:00Z,bhadla-solar,2245.0,0.0,0.0,0.0,0.0,0.0,1.86,1.23,12.93,37.0
2026-08-30T01:00:00Z,bhadla-solar,2245.0,0.0,0.0,0.0,0.0,0.0,10.65,7.04,11.48,34.5
2026-08-30T02:00:00Z,bhadla-solar,2245.0,334.59,334.59,0.0,152.36,93.78,13.47,8.9,12.96,30.1
2026-08-30T03:00:00Z,bhadla-solar,2245.0,960.38,960.38,0.0,420.76,318.65,4.28,2.83,14.94,4.5
2026-08-30T04:00:00Z,bhadla-solar,2245.0,1208.52,1208.52,0.0,558.18,447.15,9.46,6.25,20.81,17.7
2026-08-30T05:00:00Z,bhadla-solar,2245.0,1376.06,1376.06,0.0,653.29,538.98,7.51,4.96,20.4,25.9
2026-08-30T06:00:00Z,bhadla-solar,2245.0,1496.74,1496.74,0.0,739.42,625.05,11.36,7.5,23.13,27.1
2026-08-30T07:00:00Z,bhadla-solar,2245.0,1981.51,1981.51,0.0,961.79,859.3,1.78,1.18,25.41,4.1
2026-08-30T08:00:00Z,bhadla-solar,2245.0,997.67,997.67,0.0,477.0,344.59,10.27,6.79,29.16,67.4
2026-08-30T09:00:00Z,bhadla-solar,2245.0,1091.01,1091.01,0.0,542.37,418.9,14.23,9.4,29.31,53.8
2026-08-30T10:00:00Z,bhadla-solar,2245.0,1584.06,1584.06,0.0,802.42,691.07,8.61,5.69,30.2,0.0
2026-08-30T11:00:00Z,bhadla-solar,2245.0,1005.87,1005.87,0.0,505.98,396.71,8.77,5.79,35.47,25.4
2026-08-30T12:00:00Z,bhadla-solar,2245.0,801.32,801.32,0.0,390.12,291.07,3.35,2.21,29.15,8.0
2026-08-30T13:00:00Z,bhadla-solar,2245.0,334.95,334.95,0.0,150.51,92.75,6.29,4.15,25.65,19.1
2026-08-30T14:00:00Z,bhadla-solar,2245.0,0.0,0.0,0.0,0.0,0.0,5.88,3.88,27.05,9.3
2026-08-30T15:00:00Z,bhadla-solar,2245.0,0.0,0.0,0.0,0.0,0.0,4.11,2.72,23.6,34.1
2026-08-30T16:00:00Z,bhadla-solar,2245.0,0.0,0.0,0.0,0.0,0.0,8.16,5.39,21.96,53.4
2026-08-30T17:00:00Z,bhadla-solar,2245.0,0.0,0.0,0.0,0.0,0.0,1.01,0.67,19.01,41.3
2026-08-30T18:00:00Z,bhadla-solar,2245.0,0.0,0.0,0.0,0.0,0.0,8.69,5.74,15.44,20.6
2026-08-30T19:00:00Z,bhadla-solar,2245.0,0.0,0.0,0.0,0.0,0.0,5.2,3.43,15.1,43.5
2026-08-30T20:00:00Z,bhadla-solar,2245.0,0.0,0.0,0.0,0.0,0.0,10.46,6.91,8.91,35.3
2026-08-30T21:00:00Z,bhadla-solar,2245.0,0.0,0.0,0.0,0.0,0.0,15.9,10.5,11.59,25.4
2026-08-30T22:00:00Z,bhadla-solar,2245.0,0.0,0.0,0.0,0.0,0.0,4.46,2.94,12.85,32.6
2026-08-30T23:00:00Z,bhadla-solar,2245.0,0.0,0.0,0.0,0.0,0.0,3.55,2.34,10.82,10.1
2026-08-31T00:00:00Z,bhadla-solar,2245.0,0.0,0.0,0.0,0.0,0.0,13.6,8.99,9.08,57.6
2026-08-31T01:00:00Z,bhadla-solar,2245.0,0.0,0.0,0.0,0.0,0.0,5.91,3.91,13.98,16.5
2026-08-31T02:00:00Z,bhadla-solar,2245.0,273.73,273.73,0.0,123.04,71.21,1.44,0.95,14.5,49.3
2026-08-31T03:00:00Z,bhadla-solar,2245.0,883.73,883.73,0.0,388.86,289.9,2.28,1.51,14.92,14.0
2026-08-31T04:00:00Z,bhadla-solar,2245.0,1091.95,1091.95,0.0,512.97,403.1,5.82,3.85,20.93,26.8
2026-08-31T05:00:00Z,bhadla-solar,2245.0,1351.91,1351.91,0.0,670.49,556.54,2.77,1.83,22.39,23.1
2026-08-31T06:00:00Z,bhadla-solar,2245.0,1413.13,1413.13,0.0,713.91,598.29,1.47,0.97,24.54,30.6
2026-08-31T07:00:00Z,bhadla-solar,2245.0,1718.12,1718.12,0.0,827.87,717.04,8.51,5.62,24.57,21.7
2026-08-31T08:00:00Z,bhadla-solar,2245.0,1759.34,1759.34,0.0,905.82,799.85,5.56,3.67,28.16,11.1
2026-08-31T09:00:00Z,bhadla-solar,2245.0,1192.91,1192.91,0.0,596.99,476.1,3.06,2.02,30.19,46.2
2026-08-31T10:00:00Z,bhadla-solar,2245.0,1182.47,1182.47,0.0,560.51,444.85,9.51,6.28,30.3,39.2
2026-08-31T11:00:00Z,bhadla-solar,2245.0,950.65,950.65,0.0,451.81,344.2,4.31,2.85,32.86,36.6
2026-08-31T12:00:00Z,bhadla-solar,2245.0,773.79,773.79,0.0,356.58,261.13,8.69,5.74,29.91,18.5
2026-08-31T13:00:00Z,bhadla-solar,2245.0,259.11,259.11,0.0,115.72,66.6,4.89,3.23,28.08,44.7
2026-08-31T14:00:00Z,bhadla-solar,2245.0,0.0,0.0,0.0,0.0,0.0,4.77,3.15,24.13,44.7
2026-08-31T15:00:00Z,bhadla-solar,2245.0,0.0,0.0,0.0,0.0,0.0,8.28,5.47,24.58,40.4
2026-08-31T16:00:00Z,bhadla-solar,2245.0,0.0,0.0,0.0,0.0,0.0,15.16,10.02,19.9,15.1
2026-08-31T17:00:00Z,bhadla-solar,2245.0,0.0,0.0,0.0,0.0,0.0,2.89,1.91,20.14,36.8
2026-08-31T18:00:00Z,bhadla-solar,2245.0,0.0,0.0,0.0,0.0,0.0,4.6,3.04,15.16,30.8
2026-08-31T19:00:00Z,bhadla-solar,2245.0,0.0,0.0,0.0,0.0,0.0,10.5,6.94,13.19,6.0
2026-08-31T20:00:00Z,bhadla-solar,2245.0,0.0,0.0,0.0,0.0,0.0,4.0,2.64,11.2,3.8
2026-08-31T21:00:00Z,bhadla-solar,2245.0,0.0,0.0,0.0,0.0,0.0,10.0,6.61,7.88,19.6
2026-08-31T22:00:00Z,bhadla-solar,2245.0,0.0,0.0,0.0,0.0,0.0,3.56,2.35,11.12,32.8
2026-08-31T23:00:00Z,bhadla-solar,2245.0,0.0,0.0,0.0,0.0,0.0,9.52,6.29,7.88,34.9
2026-09-01T00:00:00Z,bhadla-solar,2245.0,0.0,0.0,0.0,0.0,0.0,8.26,5.46,12.38,16.7
2026-09-01T01:00:00Z,bhadla-solar,2245.0,0.0,0.0,0.0,0.0,0.0,2.49,1.65,10.71,20.3
2026-09-01T02:00:00Z,bhadla-solar,2245.0,372.57,372.57,0.0,168.93,106.53,4.75,3.14,15.69,19.3
2026-09-01T03:00:00Z,bhadla-solar,2245.0,492.46,492.46,0.0,218.51,136.44,9.94,6.57,17.13,64.8
2026-09-01T04:00:00Z,bhadla-solar,2245.0,1188.91,1188.91,0.0,587.24,475.47,5.7,3.76,19.03,11.8
2026-09-01T05:00:00Z,bhadla-solar,2245.0,1235.19,1235.19,0.0,592.47,476.88,7.12,4.7,23.03,35.6
2026-09-01T06:00:00Z,bhadla-solar,2245.0,1488.06,1488.06,0.0,698.15,581.75,2.01,1.32,26.22,32.8
2026-09-01T07:00:00Z,bhadla-solar,2245.0,1806.34,1806.34,0.0,901.18,794.92,5.52,3.65,26.76,12.1
2026-09-01T08:00:00Z,bhadla-solar,2245.0,1878.43,1878.43,0.0,915.05,809.65,6.82,4.51,24.59,9.9
2026-09-01T09:00:00Z,bhadla-solar,2245.0,1485.64,1485.64,0.0,731.94,617.44,10.54,6.97,29.23,27.2
2026-09-01T10:00:00Z,bhadla-solar,2245.0,986.27,986.27,0.0,480.58,363.49,6.61,4.37,30.08,52.1
2026-09-01T11:00:00Z,bhadla-solar,2245.0,873.06,873.06,0.0,432.03,325.02,3.19,2.11,28.78,40.7
2026-09-01T12:00:00Z,bhadla-solar,2245.0,874.5,874.5,0.0,415.67,313.86,7.94,5.25,31.57,0.0
2026-09-01T13:00:00Z,bhadla-solar,2245.0,210.91,210.91,0.0,97.23,52.69,3.63,2.4,28.35,58.4
2026-09-01T14:00:00Z,bhadla-solar,2245.0,0.0,0.0,0.0,0.0,0.0,3.35,2.21,25.31,36.7
2026-09-01T15:00:00Z,bhadla-solar,2245.0,0.0,0.0,0.0,0.0,0.0,6.83,4.51,22.66,12.4
2026-09-01T16:00:00Z,bhadla-solar,2245.0,0.0,0.0,0.0,0.0,0.0,2.75,1.82,16.73,46.8
2026-09-01T17:00:00Z,bhadla-solar,2245.0,0.0,0.0,0.0,0.0,0.0,4.16,2.75,17.11,30.2
2026-09-01T18:00:00Z,bhadla-solar,2245.0,0.0,0.0,0.0,0.0,0.0,5.57,3.68,16.26,43.0
2026-09-01T19:00:00Z,bhadla-solar,2245.0,0.0,0.0,0.0,0.0,0.0,3.34,2.21,11.18,37.4
2026-09-01T20:00:00Z,bhadla-solar,2245.0,0.0,0.0,0.0,0.0,0.0,3.19,2.11,9.59,44.2
2026-09-01T21:00:00Z,bhadla-solar,2245.0,0.0,0.0,0.0,0.0,0.0,6.3,4.16,8.8,14.3
2026-09-01T22:00:00Z,bhadla-solar,2245.0,0.0,0.0,0.0,0.0,0.0,4.9,3.24,10.84,8.4
2026-09-01T23:00:00Z,bhadla-solar,2245.0,0.0,0.0,0.0,0.0,0.0,1.75,1.16,10.67,48.7
2026-09-02T00:00:00Z,bhadla-solar,2245.0,0.0,0.0,0.0,0.0,0.0,1.83,1.21,9.84,34.7
2026-09-02T01:00:00Z,bhadla-solar,2245.0,0.0,0.0,0.0,0.0,0.0,12.04,7.96,11.09,34.0
2026-09-02T02:00:00Z,bhadla-solar,2245.0,410.16,410.16,0.0,181.6,116.28,5.57,3.68,12.0,11.0
2026-09-02T03:00:00Z,bhadla-solar,2245.0,511.46,511.46,0.0,223.41,140.85,4.04,2.67,17.5,63.4
2026-09-02T04:00:00Z,bhadla-solar,2245.0,1107.14,1107.14,0.0,527.89,417.64,8.67,5.73,19.06,23.8
2026-09-02T05:00:00Z,bhadla-solar,2245.0,1437.81,1437.81,0.0,728.38,615.65,5.17,3.41,24.19,13.9
2026-09-02T06:00:00Z,bhadla-solar,2245.0,1605.06,1605.06,0.0,780.21,667.85,5.75,3.8,27.18,21.4
2026-09-02T07:00:00Z,bhadla-solar,2245.0,1814.75,1814.75,0.0,946.26,842.8,10.22,6.75,26.48,6.2
2026-09-02T08:00:00Z,bhadla-solar,2245.0,1453.26,1453.26,0.0,717.13,599.53,7.02,4.64,28.57,35.9
2026-09-02T09:00:00Z,bhadla-solar,2245.0,1271.54,1271.54,0.0,616.79,496.84,13.6,8.98,29.72,43.4
2026-09-02T10:00:00Z,bhadla-solar,2245.0,1533.63,1533.63,0.0,789.32,677.75,8.93,5.9,30.2,2.1
2026-09-02T11:00:00Z,bhadla-solar,2245.0,903.93,903.93,0.0,435.92,328.79,18.9,12.49,28.55,39.9
2026-09-02T12:00:00Z,bhadla-solar,2245.0,886.09,886.09,0.0,415.67,313.86,3.53,2.34,29.92,0.0
2026-09-02T13:00:00Z,bhadla-solar,2245.0,301.49,301.49,0.0,142.39,86.65,4.04,2.67,30.97,25.1
2026-09-02T14:00:00Z,bhadla-solar,2245.0,0.0,0.0,0.0,0.0,0.0,4.01,2.65,26.01,5.5
2026-09-02T15:00:00Z,bhadla-solar,2245.0,0.0,0.0,0.0,0.0,0.0,4.65,3.07,20.9,39.4
2026-09-02T16:00:00Z,bhadla-solar,2245.0,0.0,0.0,0.0,0.0,0.0,8.49,5.61,19.98,34.2
2026-09-02T17:00:00Z,bhadla-solar,2245.0,0.0,0.0,0.0,0.0,0.0,8.75,5.78,16.79,41.0
2026-09-02T18:00:00Z,bhadla-solar,2245.0,0.0,0.0,0.0,0.0,0.0,8.72,5.76,14.09,30.9
2026-09-02T19:00:00Z,bhadla-solar,2245.0,0.0,0.0,0.0,0.0,0.0,6.49,4.29,14.83,23.3
2026-09-02T20:00:00Z,bhadla-solar,2245.0,0.0,0.0,0.0,0.0,0.0,3.82,2.53,10.72,19.6
2026-09-02T21:00:00Z,bhadla-solar,2245.0,0.0,0.0,0.0,0.0,0.0,1.82,1.2,10.96,29.4
2026-09-02T22:00:00Z,bhadla-solar,2245.0,0.0,0.0,0.0,0.0,0.0,6.87,4.54,12.91,33.2
2026-09-02T23:00:00Z,bhadla-solar,2245.0,0.0,0.0,0.0,0.0,0.0,3.59,2.37,15.25,33.7
2026-09-03T00:00:00Z,bhadla-solar,2245.0,0.0,0.0,0.0,0.0,0.0,6.03,3.98,9.61,36.2
2026-09-03T01:00:00Z,bhadla-solar,2245.0,0.0,0.0,0.0,0.0,0.0,10.76,7.11,11.72,41.5
2026-09-03T02:00:00Z,bhadla-solar,2245.0,386.27,386.27,0.0,173.55,110.08,9.92,6.56,12.72,16.2
2026-09-03T03:00:00Z,bhadla-solar,2245.0,688.7,688.7,0.0,299.54,209.44,7.1,4.69,14.82,40.7
2026-09-03T04:00:00Z,bhadla-solar,2245.0,1282.95,1282.95,0.0,635.04,522.07,2.04,1.35,21.0,2.2
2026-09-03T05:00:00Z,bhadla-solar,2245.0,1592.23,1592.23,0.0,764.75,652.79,12.55,8.29,21.93,8.1
2026-09-03T06:00:00Z,bhadla-solar,2245.0,1223.9,1223.9,0.0,579.77,457.55,5.3,3.5,23.92,49.3
2026-09-03T07:00:00Z,bhadla-solar,2245.0,1356.23,1356.23,0.0,654.88,533.29,6.11,4.04,28.32,44.3
2026-09-03T08:00:00Z,bhadla-solar,2245.0,2015.27,2015.27,0.0,982.0,880.73,8.48,5.6,28.94,1.1
2026-09-03T09:00:00Z,bhadla-solar,2245.0,1515.4,1515.4,0.0,761.19,648.06,4.49,2.97,29.76,23.1
2026-09-03T10:00:00Z,bhadla-solar,2245.0,1300.56,1300.56,0.0,644.43,530.27,3.83,2.53,31.57,25.6
2026-09-03T11:00:00Z,bhadla-solar,2245.0,857.53,857.53,0.0,431.17,324.2,7.88,5.2,31.92,40.9
2026-09-03T12:00:00Z,bhadla-solar,2245.0,619.04,619.04,0.0,280.86,193.56,3.01,1.99,26.99,42.2
2026-09-03T13:00:00Z,bhadla-solar,2245.0,318.72,318.72,0.0,144.09,87.92,8.59,5.68,24.88,23.8
2026-09-03T14:00:00Z,bhadla-solar,2245.0,0.0,0.0,0.0,0.0,0.0,3.51,2.32,25.35,5.5
2026-09-03T15:00:00Z,bhadla-solar,2245.0,0.0,0.0,0.0,0.0,0.0,7.31,4.83,24.08,11.4
2026-09-03T16:00:00Z,bhadla-solar,2245.0,0.0,0.0,0.0,0.0,0.0,7.42,4.9,19.3,30.2
2026-09-03T17:00:00Z,bhadla-solar,2245.0,0.0,0.0,0.0,0.0,0.0,7.89,5.22,17.68,15.3
2026-09-03T18:00:00Z,bhadla-solar,2245.0,0.0,0.0,0.0,0.0,0.0,8.72,5.76,17.07,38.2
2026-09-03T19:00:00Z,bhadla-solar,2245.0,0.0,0.0,0.0,0.0,0.0,2.15,1.42,11.83,4.5
2026-09-03T20:00:00Z,bhadla-solar,2245.0,0.0,0.0,0.0,0.0,0.0,8.15,5.38,11.96,30.4
2026-09-03T21:00:00Z,bhadla-solar,2245.0,0.0,0.0,0.0,0.0,0.0,3.08,2.03,9.41,33.1
2026-09-03T22:00:00Z,bhadla-solar,2245.0,0.0,0.0,0.0,0.0,0.0,3.15,2.08,5.71,30.1
2026-09-03T23:00:00Z,bhadla-solar,2245.0,0.0,0.0,0.0,0.0,0.0,9.05,5.98,9.81,39.5
2026-09-04T00:00:00Z,bhadla-solar,2245.0,0.0,0.0,0.0,0.0,0.0,5.77,3.81,9.56,25.8
2026-09-04T01:00:00Z,bhadla-solar,2245.0,0.0,0.0,0.0,0.0,0.0,6.93,4.58,10.37,51.8
2026-09-04T02:00:00Z,bhadla-solar,2245.0,392.25,392.25,0.0,180.17,115.18,9.02,5.96,12.43,11.9
2026-09-04T03:00:00Z,bhadla-solar,2245.0,634.7,634.7,0.0,277.4,189.5,15.11,9.99,16.29,47.3
2026-09-04T04:00:00Z,bhadla-solar,2245.0,1394.72,1394.72,0.0,645.97,532.72,3.74,2.47,18.61,0.0
2026-09-04T05:00:00Z,bhadla-solar,2245.0,1055.84,1055.84,0.0,488.63,370.84,6.66,4.4,21.51,52.1
2026-09-04T06:00:00Z,bhadla-solar,2245.0,1401.66,1401.66,0.0,656.61,538.17,4.05,2.68,24.06,38.6
2026-09-04T07:00:00Z,bhadla-solar,2245.0,1565.89,1565.89,0.0,787.53,674.19,2.35,1.56,25.76,26.9
2026-09-04T08:00:00Z,bhadla-solar,2245.0,1514.31,1514.31,0.0,743.99,628.05,8.6,5.68,28.33,32.4
2026-09-04T09:00:00Z,bhadla-solar,2245.0,1557.01,1557.01,0.0,811.94,701.22,5.84,3.86,30.33,16.0
2026-09-04T10:00:00Z,bhadla-solar,2245.0,1586.66,1586.66,0.0,792.46,680.94,9.45,6.25,29.27,1.6
2026-09-04T11:00:00Z,bhadla-solar,2245.0,654.93,654.93,0.0,309.17,205.92,9.89,6.53,27.78,66.1
2026-09-04T12:00:00Z,bhadla-solar,2245.0,708.68,708.68,0.0,327.21,234.92,5.11,3.38,28.42,27.7
2026-09-04T13:00:00Z,bhadla-solar,2245.0,289.91,289.91,0.0,132.98,79.57,6.44,4.25,28.4,32.0
2026-09-04T14:00:00Z,bhadla-solar,2245.0,0.0,0.0,0.0,0.0,0.0,1.45,0.96,26.71,19.0
2026-09-04T15:00:00Z,bhadla-solar,2245.0,0.0,0.0,0.0,0.0,0.0,8.36,5.52,24.29,34.9
2026-09-04T16:00:00Z,bhadla-solar,2245.0,0.0,0.0,0.0,0.0,0.0,5.9,3.9,18.82,45.5
2026-09-04T17:00:00Z,bhadla-solar,2245.0,0.0,0.0,0.0,0.0,0.0,4.92,3.25,18.18,34.6
2026-09-04T18:00:00Z,bhadla-solar,2245.0,0.0,0.0,0.0,0.0,0.0,10.92,7.21,16.96,57.4
2026-09-04T19:00:00Z,bhadla-solar,2245.0,0.0,0.0,0.0,0.0,0.0,10.77,7.11,13.49,40.6
2026-09-04T20:00:00Z,bhadla-solar,2245.0,0.0,0.0,0.0,0.0,0.0,4.91,3.24,11.5,44.0
2026-09-04T21:00:00Z,bhadla-solar,2245.0,0.0,0.0,0.0,0.0,0.0,2.76,1.82,14.09,0.0
2026-09-04T22:00:00Z,bhadla-solar,2245.0,0.0,0.0,0.0,0.0,0.0,12.15,8.03,8.7,12.9
2026-09-04T23:00:00Z,bhadla-solar,2245.0,0.0,0.0,0.0,0.0,0.0,8.69,5.74,11.3,24.5
2026-09-05T00:00:00Z,bhadla-solar,2245.0,0.0,0.0,0.0,0.0,0.0,3.06,2.02,9.11,42.3
2026-09-05T01:00:00Z,bhadla-solar,2245.0,0.0,0.0,0.0,0.0,0.0,2.6,1.72,9.42,27.4
2026-09-05T02:00:00Z,bhadla-solar,2245.0,342.06,342.06,0.0,149.3,91.42,5.55,3.67,15.16,32.1
2026-09-05T03:00:00Z,bhadla-solar,2245.0,607.48,607.48,0.0,268.32,181.32,5.39,3.56,17.0,50.0
2026-09-05T04:00:00Z,bhadla-solar,2245.0,1214.96,1214.96,0.0,574.59,463.15,2.26,1.49,19.95,14.4
2026-09-05T05:00:00Z,bhadla-solar,2245.0,1169.17,1169.17,0.0,555.66,439.29,10.48,6.93,19.21,41.4
2026-09-05T06:00:00Z,bhadla-solar,2245.0,1416.23,1416.23,0.0,703.37,587.23,6.82,4.51,23.86,32.1
2026-09-05T07:00:00Z,bhadla-solar,2245.0,1728.39,1728.39,0.0,903.01,796.86,11.77,7.77,27.44,11.8
2026-09-05T08:00:00Z,bhadla-solar,2245.0,1610.89,1610.89,0.0,805.42,693.27,3.25,2.15,26.63,24.3
2026-09-05T09:00:00Z,bhadla-solar,2245.0,1623.2,1623.2,0.0,814.72,704.13,3.09,2.04,29.9,15.6
2026-09-05T10:00:00Z,bhadla-solar,2245.0,1554.69,1554.69,0.0,766.84,654.86,4.01,2.65,30.01,5.8
2026-09-05T11:00:00Z,bhadla-solar,2245.0,878.42,878.42,0.0,416.88,310.34,1.25,0.83,30.21,43.8
2026-09-05T12:00:00Z,bhadla-solar,2245.0,891.52,891.52,0.0,415.67,313.86,3.41,2.25,29.33,0.0
2026-09-05T13:00:00Z,bhadla-solar,2245.0,240.72,240.72,0.0,104.79,58.37,4.03,2.66,28.25,52.8
2026-09-05T14:00:00Z,bhadla-solar,2245.0,0.0,0.0,0.0,0.0,0.0,5.06,3.35,26.53,27.9
2026-09-05T15:00:00Z,bhadla-solar,2245.0,0.0,0.0,0.0,0.0,0.0,3.68,2.43,21.36,26.4
2026-09-05T16:00:00Z,bhadla-solar,2245.0,0.0,0.0,0.0,0.0,0.0,6.72,4.44,21.28,24.3
2026-09-05T17:00:00Z,bhadla-solar,2245.0,0.0,0.0,0.0,0.0,0.0,6.92,4.58,16.12,10.8
2026-09-05T18:00:00Z,bhadla-solar,2245.0,0.0,0.0,0.0,0.0,0.0,13.03,8.61,16.16,27.8
2026-09-05T19:00:00Z,bhadla-solar,2245.0,0.0,0.0,0.0,0.0,0.0,11.5,7.6,13.59,20.9
2026-09-05T20:00:00Z,bhadla-solar,2245.0,0.0,0.0,0.0,0.0,0.0,7.05,4.66,12.26,39.6
2026-09-05T21:00:00Z,bhadla-solar,2245.0,0.0,0.0,0.0,0.0,0.0,9.31,6.15,10.82,23.2
2026-09-05T22:00:00Z,bhadla-solar,2245.0,0.0,0.0,0.0,0.0,0.0,12.68,8.38,9.66,25.3
2026-09-05T23:00:00Z,bhadla-solar,2245.0,0.0,0.0,0.0,0.0,0.0,8.77,5.79,12.27,4.0
2026-09-06T00:00:00Z,bhadla-solar,2245.0,0.0,0.0,0.0,0.0,0.0,6.75,4.46,11.2,22.7
2026-09-06T01:00:00Z,bhadla-solar,2245.0,0.0,0.0,0.0,0.0,0.0,8.09,5.35,13.89,31.4
2026-09-06T02:00:00Z,bhadla-solar,2245.0,440.05,440.05,0.0,198.31,129.14,3.78,2.5,12.86,0.0
2026-09-06T03:00:00Z,bhadla-solar,2245.0,756.41,756.41,0.0,352.43,257.09,9.29,6.14,17.12,24.9
2026-09-06T04:00:00Z,bhadla-solar,2245.0,1245.77,1245.77,0.0,559.87,448.8,10.16,6.71,19.23,17.3
2026-09-06T05:00:00Z,bhadla-solar,2245.0,1178.6,1178.6,0.0,543.03,426.39,4.89,3.23,24.16,43.4
2026-09-06T06:00:00Z,bhadla-solar,2245.0,1730.7,1730.7,0.0,856.24,747.61,9.25,6.11,23.3,10.8
2026-09-06T07:00:00Z,bhadla-solar,2245.0,1498.31,1498.31,0.0,723.29,605.95,9.81,6.48,27.61,35.4
2026-09-06T08:00:00Z,bhadla-solar,2245.0,1907.26,1907.26,0.0,990.66,889.92,3.92,2.59,27.23,0.0
2026-09-06T09:00:00Z,bhadla-solar,2245.0,1561.55,1561.55,0.0,776.64,664.25,8.8,5.81,29.88,20.9
2026-09-06T10:00:00Z,bhadla-solar,2245.0,1280.94,1280.94,0.0,635.89,521.57,2.02,1.33,30.24,27.0
2026-09-06T11:00:00Z,bhadla-solar,2245.0,1094.5,1094.5,0.0,542.11,431.73,5.88,3.89,29.59,17.9
2026-09-06T12:00:00Z,bhadla-solar,2245.0,772.72,772.72,0.0,364.07,267.82,4.99,3.3,27.9,16.1
2026-09-06T13:00:00Z,bhadla-solar,2245.0,352.02,352.02,0.0,160.04,99.91,7.07,4.67,27.95,12.1
2026-09-06T14:00:00Z,bhadla-solar,2245.0,0.0,0.0,0.0,0.0,0.0,8.87,5.86,25.95,19.7
2026-09-06T15:00:00Z,bhadla-solar,2245.0,0.0,0.0,0.0,0.0,0.0,6.37,4.21,21.7,5.2
2026-09-06T16:00:00Z,bhadla-solar,2245.0,0.0,0.0,0.0,0.0,0.0,1.67,1.1,22.3,38.1
2026-09-06T17:00:00Z,bhadla-solar,2245.0,0.0,0.0,0.0,0.0,0.0,10.15,6.71,17.31,32.5
2026-09-06T18:00:00Z,bhadla-solar,2245.0,0.0,0.0,0.0,0.0,0.0,3.05,2.01,14.53,61.0
2026-09-06T19:00:00Z,bhadla-solar,2245.0,0.0,0.0,0.0,0.0,0.0,14.84,9.8,10.84,33.6
2026-09-06T20:00:00Z,bhadla-solar,2245.0,0.0,0.0,0.0,0.0,0.0,2.41,1.59,12.28,13.4
2026-09-06T21:00:00Z,bhadla-solar,2245.0,0.0,0.0,0.0,0.0,0.0,11.88,7.85,10.11,65.2
2026-09-06T22:00:00Z,bhadla-solar,2245.0,0.0,0.0,0.0,0.0,0.0,13.27,8.77,8.43,4.4
2026-09-06T23:00:00Z,bhadla-solar,2245.0,0.0,0.0,0.0,0.0,0.0,6.06,4.0,10.35,23.1
2026-09-07T00:00:00Z,bhadla-solar,2245.0,0.0,0.0,0.0,0.0,0.0,3.25,2.15,12.05,56.7
2026-09-07T01:00:00Z,bhadla-solar,2245.0,0.0,0.0,0.0,0.0,0.0,8.36,5.52,15.16,27.8
2026-09-07T02:00:00Z,bhadla-solar,2245.0,367.76,367.76,0.0,164.12,102.83,11.7,7.73,14.73,22.4
2026-09-07T03:00:00Z,bhadla-solar,2245.0,660.59,660.59,0.0,303.5,213.01,3.42,2.26,19.25,39.5
2026-09-07T04:00:00Z,bhadla-solar,2245.0,1083.07,1083.07,0.0,514.83,404.9,7.91,5.23,21.16,26.4
2026-09-07T05:00:00Z,bhadla-solar,2245.0,1262.28,1262.28,0.0,606.27,490.96,11.13,7.35,21.56,33.4
2026-09-07T06:00:00Z,bhadla-solar,2245.0,1914.0,1914.0,0.0,933.45,828.62,10.69,7.06,22.23,0.1
2026-09-07T07:00:00Z,bhadla-solar,2245.0,1480.06,1480.06,0.0,723.85,606.55,2.84,1.88,25.3,35.3
2026-09-07T08:00:00Z,bhadla-solar,2245.0,1860.77,1860.77,0.0,990.66,889.92,2.57,1.7,29.84,0.0
2026-09-07T09:00:00Z,bhadla-solar,2245.0,1125.7,1125.7,0.0,535.78,411.99,10.94,7.23,29.23,54.8
2026-09-07T10:00:00Z,bhadla-solar,2245.0,1180.17,1180.17,0.0,600.24,485.29,5.73,3.78,30.93,32.8
2026-09-07T11:00:00Z,bhadla-solar,2245.0,1114.28,1114.28,0.0,542.55,432.17,2.8,1.85,28.14,17.8
2026-09-07T12:00:00Z,bhadla-solar,2245.0,627.21,627.21,0.0,299.43,210.14,1.91,1.26,27.74,36.4
2026-09-07T13:00:00Z,bhadla-solar,2245.0,290.59,290.59,0.0,136.35,82.1,7.18,4.74,26.46,29.5
2026-09-07T14:00:00Z,bhadla-solar,2245.0,0.0,0.0,0.0,0.0,0.0,7.32,4.83,28.05,48.7
2026-09-07T15:00:00Z,bhadla-solar,2245.0,0.0,0.0,0.0,0.0,0.0,6.79,4.49,22.75,23.8
2026-09-07T16:00:00Z,bhadla-solar,2245.0,0.0,0.0,0.0,0.0,0.0,3.6,2.38,20.67,25.7
2026-09-07T17:00:00Z,bhadla-solar,2245.0,0.0,0.0,0.0,0.0,0.0,1.89,1.25,17.83,25.5
2026-09-07T18:00:00Z,bhadla-solar,2245.0,0.0,0.0,0.0,0.0,0.0,4.6,3.04,17.32,49.5
2026-09-07T19:00:00Z,bhadla-solar,2245.0,0.0,0.0,0.0,0.0,0.0,6.04,3.99,13.93,45.8
2026-09-07T20:00:00Z,bhadla-solar,2245.0,0.0,0.0,0.0,0.0,0.0,6.02,3.98,13.37,0.5
2026-09-07T21:00:00Z,bhadla-solar,2245.0,0.0,0.0,0.0,0.0,0.0,8.66,5.72,10.85,56.0
2026-09-07T22:00:00Z,bhadla-solar,2245.0,0.0,0.0,0.0,0.0,0.0,5.21,3.44,10.85,12.4
2026-09-07T23:00:00Z,bhadla-solar,2245.0,0.0,0.0,0.0,0.0,0.0,5.24,3.46,9.18,31.4
2026-09-08T00:00:00Z,bhadla-solar,2245.0,0.0,0.0,0.0,0.0,0.0,13.43,8.87,10.15,0.0
2026-09-08T01:00:00Z,bhadla-solar,2245.0,0.0,0.0,0.0,0.0,0.0,6.97,4.6,12.22,27.2
2026-09-08T02:00:00Z,bhadla-solar,2245.0,442.17,442.17,0.0,198.31,129.14,7.66,5.06,16.87,0.0
2026-09-08T03:00:00Z,bhadla-solar,2245.0,680.43,680.43,0.0,306.98,216.14,6.68,4.41,16.94,38.4
2026-09-08T04:00:00Z,bhadla-solar,2245.0,809.3,809.3,0.0,369.79,263.54,2.48,1.64,18.33,55.6
2026-09-08T05:00:00Z,bhadla-solar,2245.0,1679.01,1679.01,0.0,815.52,704.63,0.93,0.61,22.46,0.0
2026-09-08T06:00:00Z,bhadla-solar,2245.0,1839.85,1839.85,0.0,914.28,808.5,11.32,7.48,23.71,2.7
2026-09-08T07:00:00Z,bhadla-solar,2245.0,1469.43,1469.43,0.0,711.2,593.11,3.42,2.26,27.2,36.9
2026-09-08T08:00:00Z,bhadla-solar,2245.0,1586.51,1586.51,0.0,805.77,693.64,6.45,4.26,26.98,24.3
2026-09-08T09:00:00Z,bhadla-solar,2245.0,1807.87,1807.87,0.0,925.62,820.28,6.9,4.56,28.29,0.0
2026-09-08T10:00:00Z,bhadla-solar,2245.0,1262.67,1262.67,0.0,637.67,523.39,5.76,3.8,32.69,26.7
2026-09-08T11:00:00Z,bhadla-solar,2245.0,1120.45,1120.45,0.0,549.84,439.23,3.46,2.29,29.31,16.3
2026-09-08T12:00:00Z,bhadla-solar,2245.0,801.49,801.49,0.0,383.7,285.34,13.42,8.87,30.86,10.0
2026-09-08T13:00:00Z,bhadla-solar,2245.0,246.6,246.6,0.0,111.86,63.69,14.28,9.43,28.16,47.6
2026-09-08T14:00:00Z,bhadla-solar,2245.0,0.0,0.0,0.0,0.0,0.0,3.14,2.07,23.22,47.8
2026-09-08T15:00:00Z,bhadla-solar,2245.0,0.0,0.0,0.0,0.0,0.0,1.28,0.84,22.94,46.5
2026-09-08T16:00:00Z,bhadla-solar,2245.0,0.0,0.0,0.0,0.0,0.0,7.92,5.23,22.88,22.9
2026-09-08T17:00:00Z,bhadla-solar,2245.0,0.0,0.0,0.0,0.0,0.0,6.51,4.3,15.06,51.2
2026-09-08T18:00:00Z,bhadla-solar,2245.0,0.0,0.0,0.0,0.0,0.0,0.76,0.5,16.47,44.5
2026-09-08T19:00:00Z,bhadla-solar,2245.0,0.0,0.0,0.0,0.0,0.0,2.37,1.57,14.36,41.2
2026-09-08T20:00:00Z,bhadla-solar,2245.0,0.0,0.0,0.0,0.0,0.0,8.44,5.58,10.96,36.9
2026-09-08T21:00:00Z,bhadla-solar,2245.0,0.0,0.0,0.0,0.0,0.0,8.06,5.32,11.65,28.2
2026-09-08T22:00:00Z,bhadla-solar,2245.0,0.0,0.0,0.0,0.0,0.0,5.87,3.88,9.4,43.3
2026-09-08T23:00:00Z,bhadla-solar,2245.0,0.0,0.0,0.0,0.0,0.0,12.23,8.08,10.3,36.4
2026-09-09T00:00:00Z,bhadla-solar,2245.0,0.0,0.0,0.0,0.0,0.0,10.23,6.76,13.14,29.4
2026-09-09T01:00:00Z,bhadla-solar,2245.0,0.0,0.0,0.0,0.0,0.0,15.32,10.12,11.07,49.1
2026-09-09T02:00:00Z,bhadla-solar,2245.0,326.43,326.43,0.0,143.61,87.04,10.63,7.02,15.07,35.9
2026-09-09T03:00:00Z,bhadla-solar,2245.0,747.77,747.77,0.0,335.3,241.66,3.73,2.47,16.88,30.0
2026-09-09T04:00:00Z,bhadla-solar,2245.0,1159.89,1159.89,0.0,530.15,419.84,3.38,2.24,19.95,23.3
2026-09-09T05:00:00Z,bhadla-solar,2245.0,1023.87,1023.87,0.0,495.4,377.76,5.08,3.35,22.37,51.0
2026-09-09T06:00:00Z,bhadla-solar,2245.0,1332.19,1332.19,0.0,653.1,534.48,1.13,0.75,25.05,39.1
2026-09-09T07:00:00Z,bhadla-solar,2245.0,1960.69,1960.69,0.0,993.45,892.93,11.5,7.6,25.66,0.0
2026-09-09T08:00:00Z,bhadla-solar,2245.0,1862.33,1862.33,0.0,990.66,889.92,11.32,7.48,29.63,0.0
2026-09-09T09:00:00Z,bhadla-solar,2245.0,1006.94,1006.94,0.0,499.08,373.56,8.53,5.64,30.05,59.9
2026-09-09T10:00:00Z,bhadla-solar,2245.0,1499.03,1499.03,0.0,781.81,670.1,3.67,2.43,29.56,3.3
2026-09-09T11:00:00Z,bhadla-solar,2245.0,933.95,933.95,0.0,444.15,336.78,10.88,7.19,30.11,38.2
2026-09-09T12:00:00Z,bhadla-solar,2245.0,684.01,684.01,0.0,322.64,230.85,7.55,4.99,31.23,29.1
2026-09-09T13:00:00Z,bhadla-solar,2245.0,205.58,205.58,0.0,94.11,50.34,3.44,2.27,27.57,60.7
2026-09-09T14:00:00Z,bhadla-solar,2245.0,0.0,0.0,0.0,0.0,0.0,4.69,3.1,24.47,34.3
2026-09-09T15:00:00Z,bhadla-solar,2245.0,0.0,0.0,0.0,0.0,0.0,10.89,7.19,22.35,0.0
2026-09-09T16:00:00Z,bhadla-solar,2245.0,0.0,0.0,0.0,0.0,0.0,11.54,7.62,19.87,8.3
2026-09-09T17:00:00Z,bhadla-solar,2245.0,0.0,0.0,0.0,0.0,0.0,2.15,1.42,17.33,11.0
2026-09-09T18:00:00Z,bhadla-solar,2245.0,0.0,0.0,0.0,0.0,0.0,7.62,5.03,14.46,47.1
2026-09-09T19:00:00Z,bhadla-solar,2245.0,0.0,0.0,0.0,0.0,0.0,2.84,1.88,13.5,6.5
2026-09-09T20:00:00Z,bhadla-solar,2245.0,0.0,0.0,0.0,0.0,0.0,9.38,6.19,11.16,21.6
2026-09-09T21:00:00Z,bhadla-solar,2245.0,0.0,0.0,0.0,0.0,0.0,9.93,6.56,9.02,43.4
2026-09-09T22:00:00Z,bhadla-solar,2245.0,0.0,0.0,0.0,0.0,0.0,2.79,1.84,11.33,24.4
2026-09-09T23:00:00Z,bhadla-solar,2245.0,0.0,0.0,0.0,0.0,0.0,5.56,3.67,11.05,36.8
2026-09-10T00:00:00Z,bhadla-solar,2245.0,0.0,0.0,0.0,0.0,0.0,15.44,10.2,9.74,15.2
2026-09-10T01:00:00Z,bhadla-solar,2245.0,0.0,0.0,0.0,0.0,0.0,6.42,4.24,12.37,25.0
2026-09-10T02:00:00Z,bhadla-solar,2245.0,364.35,364.35,0.0,155.83,96.44,9.89,6.54,14.95,27.9
2026-09-10T03:00:00Z,bhadla-solar,2245.0,942.25,942.25,0.0,426.88,324.15,5.27,3.48,18.82,2.7
2026-09-10T04:00:00Z,bhadla-solar,2245.0,1097.25,1097.25,0.0,505.7,396.01,4.86,3.21,15.45,28.2
2026-09-10T05:00:00Z,bhadla-solar,2245.0,1672.21,1672.21,0.0,793.04,681.68,3.07,2.03,19.63,3.6
2026-09-10T06:00:00Z,bhadla-solar,2245.0,1435.84,1435.84,0.0,688.55,571.67,2.81,1.86,24.88,34.1
2026-09-10T07:00:00Z,bhadla-solar,2245.0,1693.39,1693.39,0.0,844.79,735.01,4.41,2.91,27.15,19.5
2026-09-10T08:00:00Z,bhadla-solar,2245.0,1487.32,1487.32,0.0,717.23,599.64,17.75,11.73,26.28,35.9
2026-09-10T09:00:00Z,bhadla-solar,2245.0,1718.61,1718.61,0.0,899.17,792.58,5.73,3.79,28.93,3.7
2026-09-10T10:00:00Z,bhadla-solar,2245.0,1270.19,1270.19,0.0,653.17,539.16,14.3,9.45,30.82,24.2
2026-09-10T11:00:00Z,bhadla-solar,2245.0,976.17,976.17,0.0,483.16,374.59,3.38,2.23,30.47,30.1
2026-09-10T12:00:00Z,bhadla-solar,2245.0,647.51,647.51,0.0,302.12,212.54,9.93,6.56,27.03,35.5
2026-09-10T13:00:00Z,bhadla-solar,2245.0,354.88,354.88,0.0,163.36,102.41,5.54,3.66,27.29,9.6
2026-09-10T14:00:00Z,bhadla-solar,2245.0,0.0,0.0,0.0,0.0,0.0,5.0,3.3,26.1,26.6
2026-09-10T15:00:00Z,bhadla-solar,2245.0,0.0,0.0,0.0,0.0,0.0,9.49,6.27,21.64,31.4
2026-09-10T16:00:00Z,bhadla-solar,2245.0,0.0,0.0,0.0,0.0,0.0,4.0,2.64,21.3,60.8
2026-09-10T17:00:00Z,bhadla-solar,2245.0,0.0,0.0,0.0,0.0,0.0,6.91,4.57,16.72,41.9
2026-09-10T18:00:00Z,bhadla-solar,2245.0,0.0,0.0,0.0,0.0,0.0,5.91,3.9,16.0,18.8
2026-09-10T19:00:00Z,bhadla-solar,2245.0,0.0,0.0,0.0,0.0,0.0,2.29,1.51,16.21,57.8
2026-09-10T20:00:00Z,bhadla-solar,2245.0,0.0,0.0,0.0,0.0,0.0,15.51,10.24,15.52,19.3
2026-09-10T21:00:00Z,bhadla-solar,2245.0,0.0,0.0,0.0,0.0,0.0,5.92,3.91,13.24,25.5
2026-09-10T22:00:00Z,bhadla-solar,2245.0,0.0,0.0,0.0,0.0,0.0,5.82,3.85,8.52,18.8
2026-09-10T23:00:00Z,bhadla-solar,2245.0,0.0,0.0,0.0,0.0,0.0,2.45,1.62,10.07,57.5
2026-09-11T00:00:00Z,bhadla-solar,2245.0,0.0,0.0,0.0,0.0,0.0,8.5,5.62,10.84,11.9
2026-09-11T01:00:00Z,bhadla-solar,2245.0,0.0,0.0,0.0,0.0,0.0,4.48,2.96,13.78,66.7
2026-09-11T02:00:00Z,bhadla-solar,2245.0,149.96,149.96,0.0,69.37,29.9,3.3,2.18,13.07,84.5
2026-09-11T03:00:00Z,bhadla-solar,2245.0,687.92,687.92,0.0,309.75,218.64,9.54,6.3,16.25,37.6
2026-09-11T04:00:00Z,bhadla-solar,2245.0,1071.3,1071.3,0.0,503.14,393.51,12.12,8.01,18.5,28.7
2026-09-11T05:00:00Z,bhadla-solar,2245.0,1236.75,1236.75,0.0,621.49,506.5,4.02,2.65,24.87,30.9
2026-09-11T06:00:00Z,bhadla-solar,2245.0,1143.36,1143.36,0.0,554.31,430.83,4.85,3.2,22.82,52.8
2026-09-11T07:00:00Z,bhadla-solar,2245.0,1884.98,1884.98,0.0,959.51,856.88,8.55,5.65,26.83,4.4
2026-09-11T08:00:00Z,bhadla-solar,2245.0,1204.16,1204.16,0.0,595.2,470.09,8.95,5.91,28.84,51.9
2026-09-11T09:00:00Z,bhadla-solar,2245.0,1418.93,1418.93,0.0,703.27,587.41,9.18,6.06,31.06,31.2
2026-09-11T10:00:00Z,bhadla-solar,2245.0,1316.14,1316.14,0.0,663.43,549.61,3.36,2.22,28.81,22.5
2026-09-11T11:00:00Z,bhadla-solar,2245.0,1100.28,1100.28,0.0,536.51,426.3,6.79,4.49,30.5,19.1
2026-09-11T12:00:00Z,bhadla-solar,2245.0,711.84,711.84,0.0,330.73,238.07,1.26,0.83,30.86,26.6
2026-09-11T13:00:00Z,bhadla-solar,2245.0,242.15,242.15,0.0,113.24,64.73,3.02,1.99,29.58,46.6
2026-09-11T14:00:00Z,bhadla-solar,2245.0,0.0,0.0,0.0,0.0,0.0,10.95,7.23,22.85,44.1
2026-09-11T15:00:00Z,bhadla-solar,2245.0,0.0,0.0,0.0,0.0,0.0,7.89,5.21,23.96,29.6
2026-09-11T16:00:00Z,bhadla-solar,2245.0,0.0,0.0,0.0,0.0,0.0,7.35,4.86,19.56,9.7
2026-09-11T17:00:00Z,bhadla-solar,2245.0,0.0,0.0,0.0,0.0,0.0,5.95,3.93,18.95,9.3
2026-09-11T18:00:00Z,bhadla-solar,2245.0,0.0,0.0,0.0,0.0,0.0,9.22,6.09,15.18,9.7
2026-09-11T19:00:00Z,bhadla-solar,2245.0,0.0,0.0,0.0,0.0,0.0,10.85,7.17,15.02,6.9
2026-09-11T20:00:00Z,bhadla-solar,2245.0,0.0,0.0,0.0,0.0,0.0,7.84,5.18,10.5,17.8
2026-09-11T21:00:00Z,bhadla-solar,2245.0,0.0,0.0,0.0,0.0,0.0,2.72,1.8,11.46,17.3
2026-09-11T22:00:00Z,bhadla-solar,2245.0,0.0,0.0,0.0,0.0,0.0,10.68,7.06,10.91,38.3
2026-09-11T23:00:00Z,bhadla-solar,2245.0,0.0,0.0,0.0,0.0,0.0,8.1,5.35,7.94,31.5
2026-09-12T00:00:00Z,bhadla-solar,2245.0,0.0,0.0,0.0,0.0,0.0,8.27,5.46,12.16,55.3
2026-09-12T01:00:00Z,bhadla-solar,2245.0,0.0,0.0,0.0,0.0,0.0,0.93,0.61,13.03,22.8
2026-09-12T02:00:00Z,bhadla-solar,2245.0,377.7,377.7,0.0,172.12,108.98,6.56,4.33,16.66,17.2
2026-09-12T03:00:00Z,bhadla-solar,2245.0,792.42,792.42,0.0,357.48,261.64,8.89,5.87,14.74,23.4
2026-09-12T04:00:00Z,bhadla-solar,2245.0,1369.37,1369.37,0.0,645.97,532.72,7.0,4.62,20.21,0.0
2026-08-13T05:00:00Z,desert-sunlight,550.0,0.0,0.0,0.0,0.0,0.0,3.18,2.1,20.76,49.7
2026-08-13T06:00:00Z,desert-sunlight,550.0,0.0,0.0,0.0,0.0,0.0,13.44,8.88,17.35,14.8
2026-08-13T07:00:00Z,desert-sunlight,550.0,0.0,0.0,0.0,0.0,0.0,6.93,4.58,12.95,34.8
2026-08-13T08:00:00Z,desert-sunlight,550.0,0.0,0.0,0.0,0.0,0.0,13.01,8.59,9.56,10.0
2026-08-13T09:00:00Z,desert-sunlight,550.0,0.0,0.0,0.0,0.0,0.0,2.21,1.46,11.34,50.4
2026-08-13T10:00:00Z,desert-sunlight,550.0,0.0,0.0,0.0,0.0,0.0,7.82,5.17,9.9,38.8
2026-08-13T11:00:00Z,desert-sunlight,550.0,0.0,0.0,0.0,0.0,0.0,5.54,3.66,10.27,66.0
2026-08-13T12:00:00Z,desert-sunlight,550.0,0.0,0.0,0.0,0.0,0.0,15.71,10.38,12.73,16.6
2026-08-13T13:00:00Z,desert-sunlight,550.0,0.0,0.0,0.0,0.0,0.0,6.0,3.97,11.77,25.9
2026-08-13T14:00:00Z,desert-sunlight,550.0,34.18,34.18,0.0,62.73,32.41,10.37,6.85,14.08,24.3
2026-08-13T15:00:00Z,desert-sunlight,550.0,120.91,120.91,0.0,229.99,152.99,2.67,1.76,14.64,37.3
2026-08-13T16:00:00Z,desert-sunlight,550.0,184.49,184.49,0.0,345.69,246.51,10.81,7.14,19.39,48.0
2026-08-13T17:00:00Z,desert-sunlight,550.0,360.77,360.77,0.0,708.78,595.8,2.89,1.91,23.43,5.3
2026-08-13T18:00:00Z,desert-sunlight,550.0,356.44,356.44,0.0,740.8,627.64,9.57,6.32,21.16,21.0
2026-08-13T19:00:00Z,desert-sunlight,550.0,360.16,360.16,0.0,692.83,574.59,12.39,8.19,23.88,37.3
2026-08-13T20:00:00Z,desert-sunlight,550.0,385.06,385.06,0.0,825.04,713.91,11.05,7.3,27.55,22.7
2026-08-13T21:00:00Z,desert-sunlight,550.0,359.4,359.4,0.0,708.73,591.69,13.47,8.9,30.4,34.5
2026-08-13T22:00:00Z,desert-sunlight,550.0,360.36,360.36,0.0,725.05,611.57,11.34,7.49,28.51,21.6
2026-08-13T23:00:00Z,desert-sunlight,550.0,310.64,310.64,0.0,612.93,500.16,7.44,4.91,30.08,19.2
2026-08-14T00:00:00Z,desert-sunlight,550.0,273.13,273.13,0.0,523.61,414.04,8.26,5.46,27.35,0.0
2026-08-14T01:00:00Z,desert-sunlight,550.0,115.19,115.19,0.0,215.28,141.55,7.22,4.77,26.95,35.2
2026-08-14T02:00:00Z,desert-sunlight,550.0,21.47,21.47,0.0,39.93,18.86,4.44,2.93,24.63,22.8
2026-08-14T03:00:00Z,desert-sunlight,550.0,0.0,0.0,0.0,0.0,0.0,0.81,0.54,24.63,27.6
2026-08-14T04:00:00Z,desert-sunlight,550.0,0.0,0.0,0.0,0.0,0.0,6.87,4.54,23.67,40.7
2026-08-14T05:00:00Z,desert-sunlight,550.0,0.0,0.0,0.0,0.0,0.0,6.26,4.14,18.78,16.6
2026-08-14T06:00:00Z,desert-sunlight,550.0,0.0,0.0,0.0,0.0,0.0,8.34,5.51,15.82,48.6
2026-08-14T07:00:00Z,desert-sunlight,550.0,0.0,0.0,0.0,0.0,0.0,4.93,3.25,15.15,3.7
2026-08-14T08:00:00Z,desert-sunlight,550.0,0.0,0.0,0.0,0.0,0.0,11.8,7.8,15.44,12.6
2026-08-14T09:00:00Z,desert-sunlight,550.0,0.0,0.0,0.0,0.0,0.0,8.23,5.44,13.13,27.4
2026-08-14T10:00:00Z,desert-sunlight,550.0,0.0,0.0,0.0,0.0,0.0,6.87,4.54,11.62,31.7
2026-08-14T11:00:00Z,desert-sunlight,550.0,0.0,0.0,0.0,0.0,0.0,15.35,10.14,10.51,50.9
2026-08-14T12:00:00Z,desert-sunlight,550.0,0.0,0.0,0.0,0.0,0.0,4.48,2.96,9.41,21.6
2026-08-14T13:00:00Z,desert-sunlight,550.0,0.0,0.0,0.0,0.0,0.0,2.39,1.58,9.33,50.1
2026-08-14T14:00:00Z,desert-sunlight,550.0,39.73,39.73,0.0,72.54,38.66,15.42,10.19,12.7,7.8
2026-08-14T15:00:00Z,desert-sunlight,550.0,115.1,115.1,0.0,212.48,138.14,6.05,4.0,14.52,44.4
2026-08-14T16:00:00Z,desert-sunlight,550.0,278.08,278.08,0.0,517.29,408.34,7.62,5.03,17.52,7.3
2026-08-14T17:00:00Z,desert-sunlight,550.0,348.99,348.99,0.0,671.48,558.46,5.01,3.31,22.05,11.8
2026-08-14T18:00:00Z,desert-sunlight,550.0,355.34,355.34,0.0,699.25,584.52,15.58,10.29,22.83,27.1
2026-08-14T19:00:00Z,desert-sunlight,550.0,456.94,456.94,0.0,924.48,819.59,3.56,2.35,24.15,6.4
2026-08-14T20:00:00Z,desert-sunlight,550.0,316.22,316.22,0.0,616.85,492.48,6.01,3.97,27.7,49.8
2026-08-14T21:00:00Z,desert-sunlight,550.0,254.01,254.01,0.0,505.83,377.42,4.45,2.94,31.03,61.9
2026-08-14T22:00:00Z,desert-sunlight,550.0,273.96,273.96,0.0,547.77,428.22,4.59,3.03,31.51,48.1
2026-08-14T23:00:00Z,desert-sunlight,550.0,355.47,355.47,0.0,719.03,605.81,4.93,3.26,30.59,0.0
2026-08-15T00:00:00Z,desert-sunlight,550.0,173.87,173.87,0.0,340.44,242.88,1.87,1.23,29.41,45.5
2026-08-15T01:00:00Z,desert-sunlight,550.0,116.6,116.6,0.0,218.49,144.22,5.68,3.75,26.28,33.8
2026-08-15T02:00:00Z,desert-sunlight,550.0,26.18,26.18,0.0,48.4,23.77,7.07,4.67,24.38,0.0
2026-08-15T03:00:00Z,desert-sunlight,550.0,0.0,0.0,0.0,0.0,0.0,4.33,2.86,25.0,25.3
2026-08-15T04:00:00Z,desert-sunlight,550.0,0.0,0.0,0.0,0.0,0.0,3.48,2.3,22.68,21.4
2026-08-15T05:00:00Z,desert-sunlight,550.0,0.0,0.0,0.0,0.0,0.0,11.19,7.4,18.17,29.0
2026-08-15T06:00:00Z,desert-sunlight,550.0,0.0,0.0,0.0,0.0,0.0,10.68,7.06,15.07,17.4
2026-08-15T07:00:00Z,desert-sunlight,550.0,0.0,0.0,0.0,0.0,0.0,7.63,5.04,15.9,47.9
2026-08-15T08:00:00Z,desert-sunlight,550.0,0.0,0.0,0.0,0.0,0.0,0.95,0.63,11.74,60.6
2026-08-15T09:00:00Z,desert-sunlight,550.0,0.0,0.0,0.0,0.0,0.0,3.48,2.3,11.55,29.6
2026-08-15T10:00:00Z,desert-sunlight,550.0,0.0,0.0,0.0,0.0,0.0,12.94,8.55,10.75,19.5
2026-08-15T11:00:00Z,desert-sunlight,550.0,0.0,0.0,0.0,0.0,0.0,4.05,2.68,11.92,0.0
2026-08-15T12:00:00Z,desert-sunlight,550.0,0.0,0.0,0.0,0.0,0.0,6.45,4.26,10.4,35.1
2026-08-15T13:00:00Z,desert-sunlight,550.0,0.0,0.0,0.0,0.0,0.0,8.22,5.43,11.65,29.9
2026-08-15T14:00:00Z,desert-sunlight,550.0,33.58,33.58,0.0,60.71,31.12,14.17,9.36,14.39,27.7
2026-08-15T15:00:00Z,desert-sunlight,550.0,142.06,142.06,0.0,256.67,175.62,6.59,4.35,14.64,26.6
2026-08-15T16:00:00Z,desert-sunlight,550.0,224.95,224.95,0.0,415.08,311.95,9.32,6.16,15.47,31.5
2026-08-15T17:00:00Z,desert-sunlight,550.0,362.34,362.34,0.0,720.03,607.07,1.76,1.17,23.04,3.3
2026-08-15T18:00:00Z,desert-sunlight,550.0,343.25,343.25,0.0,649.95,533.37,6.46,4.27,19.61,34.3
2026-08-15T19:00:00Z,desert-sunlight,550.0,409.12,409.12,0.0,820.49,709.6,1.2,0.8,24.75,20.3
2026-08-15T20:00:00Z,desert-sunlight,550.0,466.24,466.24,0.0,968.92,866.95,6.01,3.97,27.87,4.0
2026-08-15T21:00:00Z,desert-sunlight,550.0,382.82,382.82,0.0,784.34,671.54,2.75,1.82,30.49,24.3
2026-08-15T22:00:00Z,desert-sunlight,550.0,418.68,418.68,0.0,869.27,760.73,8.11,5.36,27.84,0.0
2026-08-15T23:00:00Z,desert-sunlight,550.0,305.02,305.02,0.0,591.99,479.32,9.87,6.52,26.62,23.0
2026-08-16T00:00:00Z,desert-sunlight,550.0,200.8,200.8,0.0,394.7,293.58,3.4,2.24,30.35,32.0
2026-08-16T01:00:00Z,desert-sunlight,550.0,141.63,141.63,0.0,276.24,192.36,3.58,2.37,27.52,8.4
2026-08-16T02:00:00Z,desert-sunlight,550.0,23.74,23.74,0.0,44.31,21.4,1.42,0.94,28.41,11.0
2026-08-16T03:00:00Z,desert-sunlight,550.0,0.0,0.0,0.0,0.0,0.0,6.87,4.54,25.48,34.1
2026-08-16T04:00:00Z,desert-sunlight,550.0,0.0,0.0,0.0,0.0,0.0,5.9,3.9,21.61,42.1
2026-08-16T05:00:00Z,desert-sunlight,550.0,0.0,0.0,0.0,0.0,0.0,10.42,6.89,20.43,44.4
2026-08-16T06:00:00Z,desert-sunlight,550.0,0.0,0.0,0.0,0.0,0.0,6.5,4.29,19.08,23.2
2026-08-16T07:00:00Z,desert-sunlight,550.0,0.0,0.0,0.0,0.0,0.0,5.89,3.89,14.74,14.6
2026-08-16T08:00:00Z,desert-sunlight,550.0,0.0,0.0,0.0,0.0,0.0,2.81,1.86,14.79,25.6
2026-08-16T09:00:00Z,desert-sunlight,550.0,0.0,0.0,0.0,0.0,0.0,7.67,5.07,12.58,32.0
2026-08-16T10:00:00Z,desert-sunlight,550.0,0.0,0.0,0.0,0.0,0.0,2.67,1.77,9.67,21.2
2026-08-16T11:00:00Z,desert-sunlight,550.0,0.0,0.0,0.0,0.0,0.0,5.79,3.83,11.25,13.5
2026-08-16T12:00:00Z,desert-sunlight,550.0,0.0,0.0,0.0,0.0,0.0,7.41,4.9,10.98,40.2
2026-08-16T13:00:00Z,desert-sunlight,550.0,0.0,0.0,0.0,0.0,0.0,8.78,5.8,11.3,41.3
2026-08-16T14:00:00Z,desert-sunlight,550.0,39.41,39.41,0.0,72.71,38.77,5.21,3.44,12.85,7.5
2026-08-16T15:00:00Z,desert-sunlight,550.0,123.61,123.61,0.0,229.5,152.57,5.43,3.59,14.92,37.5
2026-08-16T16:00:00Z,desert-sunlight,550.0,248.49,248.49,0.0,481.9,374.96,8.21,5.42,15.22,15.7
2026-08-16T17:00:00Z,desert-sunlight,550.0,194.67,194.67,0.0,370.16,256.8,6.83,4.51,19.96,64.9
2026-08-16T18:00:00Z,desert-sunlight,550.0,347.66,347.66,0.0,681.24,565.84,2.5,1.65,23.34,29.7
2026-08-16T19:00:00Z,desert-sunlight,550.0,368.2,368.2,0.0,748.27,633.22,1.78,1.18,24.3,29.9
2026-08-16T20:00:00Z,desert-sunlight,550.0,383.78,383.78,0.0,774.19,659.83,9.13,6.04,28.17,29.3
2026-08-16T21:00:00Z,desert-sunlight,550.0,304.29,304.29,0.0,580.73,456.52,6.7,4.43,27.56,51.8
2026-08-16T22:00:00Z,desert-sunlight,550.0,362.65,362.65,0.0,753.73,641.23,3.91,2.58,29.7,17.3
2026-08-16T23:00:00Z,desert-sunlight,550.0,300.82,300.82,0.0,602.96,490.24,0.76,0.5,29.47,21.0
2026-08-17T00:00:00Z,desert-sunlight,550.0,205.68,205.68,0.0,408.25,306.24,9.8,6.48,30.09,28.6
2026-08-17T01:00:00Z,desert-sunlight,550.0,127.33,127.33,0.0,246.03,167.18,2.6,1.72,30.2,21.7
2026-08-17T02:00:00Z,desert-sunlight,550.0,13.79,13.79,0.0,25.29,10.36,2.29,1.51,24.99,62.1
2026-08-17T03:00:00Z,desert-sunlight,550.0,0.0,0.0,0.0,0.0,0.0,9.48,6.26,25.32,43.3
2026-08-17T04:00:00Z,desert-sunlight,550.0,0.0,0.0,0.0,0.0,0.0,3.67,2.42,23.18,25.4
2026-08-17T05:00:00Z,desert-sunlight,550.0,0.0,0.0,0.0,0.0,0.0,1.15,0.76,19.16,28.4
2026-08-17T06:00:00Z,desert-sunlight,550.0,0.0,0.0,0.0,0.0,0.0,3.85,2.55,14.86,52.4
2026-08-17T07:00:00Z,desert-sunlight,550.0,0.0,0.0,0.0,0.0,0.0,10.86,7.18,16.03,18.8
2026-08-17T08:00:00Z,desert-sunlight,550.0,0.0,0.0,0.0,0.0,0.0,2.71,1.79,11.07,29.3
2026-08-17T09:00:00Z,desert-sunlight,550.0,0.0,0.0,0.0,0.0,0.0,6.51,4.3,13.3,35.7
2026-08-17T10:00:00Z,desert-sunlight,550.0,0.0,0.0,0.0,0.0,0.0,3.32,2.19,11.22,22.8
2026-08-17T11:00:00Z,desert-sunlight,550.0,0.0,0.0,0.0,0.0,0.0,6.88,4.54,11.09,36.4
2026-08-17T12:00:00Z,desert-sunlight,550.0,0.0,0.0,0.0,0.0,0.0,2.46,1.62,7.66,26.0
2026-08-17T13:00:00Z,desert-sunlight,550.0,0.0,0.0,0.0,0.0,0.0,2.21,1.46,11.38,23.7
2026-08-17T14:00:00Z,desert-sunlight,550.0,32.58,32.58,0.0,57.88,29.31,9.82,6.49,12.97,32.5
2026-08-17T15:00:00Z,desert-sunlight,550.0,120.55,120.55,0.0,216.9,141.88,8.94,5.91,15.73,42.6
2026-08-17T16:00:00Z,desert-sunlight,550.0,196.23,196.23,0.0,362.5,262.36,6.97,4.6,18.48,44.0
2026-08-17T17:00:00Z,desert-sunlight,550.0,300.96,300.96,0.0,564.16,451.02,9.05,5.98,21.16,30.7
2026-08-17T18:00:00Z,desert-sunlight,550.0,360.68,360.68,0.0,692.43,577.45,5.16,3.41,22.81,28.1
2026-08-17T19:00:00Z,desert-sunlight,550.0,396.56,396.56,0.0,822.2,711.41,7.78,5.14,27.34,20.0
2026-08-17T20:00:00Z,desert-sunlight,550.0,355.12,355.12,0.0,702.16,583.22,5.78,3.82,25.71,38.7
2026-08-17T21:00:00Z,desert-sunlight,550.0,344.55,344.55,0.0,686.02,567.71,13.86,9.16,29.08,37.6
2026-08-17T22:00:00Z,desert-sunlight,550.0,409.76,409.76,0.0,839.38,729.81,8.83,5.84,29.08,4.5
2026-08-17T23:00:00Z,desert-sunlight,550.0,331.08,331.08,0.0,670.1,557.09,7.65,5.05,25.36,8.8
2026-08-18T00:00:00Z,desert-sunlight,550.0,184.63,184.63,0.0,356.08,257.49,5.72,3.78,29.66,41.6
2026-08-18T01:00:00Z,desert-sunlight,550.0,111.17,111.17,0.0,202.66,131.03,0.76,0.5,24.7,40.8
2026-08-18T02:00:00Z,desert-sunlight,550.0,16.07,16.07,0.0,29.6,12.86,9.82,6.49,26.08,50.5
2026-08-18T03:00:00Z,desert-sunlight,550.0,0.0,0.0,0.0,0.0,0.0,3.61,2.39,24.3,34.3
2026-08-18T04:00:00Z,desert-sunlight,550.0,0.0,0.0,0.0,0.0,0.0,5.34,3.53,20.9,41.0
2026-08-18T05:00:00Z,desert-sunlight,550.0,0.0,0.0,0.0,0.0,0.0,4.76,3.14,16.92,28.6
2026-08-18T06:00:00Z,desert-sunlight,550.0,0.0,0.0,0.0,0.0,0.0,6.75,4.46,17.31,38.4
2026-08-18T07:00:00Z,desert-sunlight,550.0,0.0,0.0,0.0,0.0,0.0,7.28,4.81,15.54,37.9
2026-08-18T08:00:00Z,desert-sunlight,550.0,0.0,0.0,0.0,0.0,0.0,9.99,6.6,12.33,20.0
2026-08-18T09:00:00Z,desert-sunlight,550.0,0.0,0.0,0.0,0.0,0.0,5.74,3.79,9.37,10.8
2026-08-18T10:00:00Z,desert-sunlight,550.0,0.0,0.0,0.0,0.0,0.0,1.01,0.67,9.74,28.6
2026-08-18T11:00:00Z,desert-sunlight,550.0,0.0,0.0,0.0,0.0,0.0,1.21,0.8,10.5,24.7
2026-08-18T12:00:00Z,desert-sunlight,550.0,0.0,0.0,0.0,0.0,0.0,5.51,3.64,10.34,35.1
2026-08-18T13:00:00Z,desert-sunlight,550.0,0.0,0.0,0.0,0.0,0.0,13.77,9.1,12.92,8.4
2026-08-18T14:00:00Z,desert-sunlight,550.0,42.26,42.26,0.0,77.16,41.6,5.78,3.82,13.63,0.0
2026-08-18T15:00:00Z,desert-sunlight,550.0,158.09,158.09,0.0,283.36,198.26,0.76,0.5,17.6,15.8
2026-08-18T16:00:00Z,desert-sunlight,550.0,262.66,262.66,0.0,495.13,387.44,8.61,5.69,19.76,12.5
2026-08-18T17:00:00Z,desert-sunlight,550.0,301.63,301.63,0.0,580.1,466.97,4.57,3.02,20.08,27.9
2026-08-18T18:00:00Z,desert-sunlight,550.0,309.07,309.07,0.0,595.58,476.97,6.43,4.25,22.87,42.3
2026-08-18T19:00:00Z,desert-sunlight,550.0,340.52,340.52,0.0,692.07,573.79,3.42,2.26,26.28,37.4
2026-08-18T20:00:00Z,desert-sunlight,550.0,337.22,337.22,0.0,666.69,545.49,10.91,7.21,28.2,43.3
2026-08-18T21:00:00Z,desert-sunlight,550.0,300.77,300.77,0.0,605.35,482.52,7.55,4.99,29.08,48.4
2026-08-18T22:00:00Z,desert-sunlight,550.0,371.76,371.76,0.0,752.13,639.57,6.78,4.48,26.97,17.5
2026-08-18T23:00:00Z,desert-sunlight,550.0,315.06,315.06,0.0,621.74,508.94,8.76,5.79,28.58,17.6
2026-08-19T00:00:00Z,desert-sunlight,550.0,161.11,161.11,0.0,310.55,214.94,5.64,3.73,29.32,52.9
2026-08-19T01:00:00Z,desert-sunlight,550.0,121.58,121.58,0.0,229.3,153.23,10.44,6.9,28.57,29.1
2026-08-19T02:00:00Z,desert-sunlight,550.0,21.97,21.97,0.0,40.37,19.11,4.76,3.15,26.29,21.6
2026-08-19T03:00:00Z,desert-sunlight,550.0,0.0,0.0,0.0,0.0,0.0,11.32,7.48,24.93,19.1
2026-08-19T04:00:00Z,desert-sunlight,550.0,0.0,0.0,0.0,0.0,0.0,9.68,6.4,21.62,37.5
2026-08-19T05:00:00Z,desert-sunlight,550.0,0.0,0.0,0.0,0.0,0.0,7.53,4.98,18.64,29.1
2026-08-19T06:00:00Z,desert-sunlight,550.0,0.0,0.0,0.0,0.0,0.0,5.08,3.36,13.58,1.4
2026-08-19T07:00:00Z,desert-sunlight,550.0,0.0,0.0,0.0,0.0,0.0,9.5,6.28,14.06,25.6
2026-08-19T08:00:00Z,desert-sunlight,550.0,0.0,0.0,0.0,0.0,0.0,2.13,1.41,10.59,38.4
2026-08-19T09:00:00Z,desert-sunlight,550.0,0.0,0.0,0.0,0.0,0.0,3.4,2.24,12.13,48.9
2026-08-19T10:00:00Z,desert-sunlight,550.0,0.0,0.0,0.0,0.0,0.0,2.83,1.87,9.08,34.1
2026-08-19T11:00:00Z,desert-sunlight,550.0,0.0,0.0,0.0,0.0,0.0,10.31,6.81,9.57,16.4
2026-08-19T12:00:00Z,desert-sunlight,550.0,0.0,0.0,0.0,0.0,0.0,11.41,7.54,8.69,25.6
2026-08-19T13:00:00Z,desert-sunlight,550.0,0.0,0.0,0.0,0.0,0.0,3.94,2.6,9.5,3.9
2026-08-19T14:00:00Z,desert-sunlight,550.0,17.36,17.36,0.0,30.88,12.11,9.21,6.09,12.45,78.0
2026-08-19T15:00:00Z,desert-sunlight,550.0,167.15,167.15,0.0,305.18,216.77,4.31,2.85,19.46,7.1
2026-08-19T16:00:00Z,desert-sunlight,550.0,200.56,200.56,0.0,369.84,269.28,7.57,5.0,17.52,42.3
2026-08-19T17:00:00Z,desert-sunlight,550.0,349.85,349.85,0.0,700.01,587.02,3.97,2.62,21.37,6.8
2026-08-19T18:00:00Z,desert-sunlight,550.0,351.88,351.88,0.0,703.68,589.12,7.19,4.75,25.0,26.4
2026-08-19T19:00:00Z,desert-sunlight,550.0,344.66,344.66,0.0,683.2,564.4,3.86,2.55,25.71,38.6
2026-08-19T20:00:00Z,desert-sunlight,550.0,491.26,491.26,0.0,987.74,886.96,3.04,2.01,25.54,1.6
2026-08-19T21:00:00Z,desert-sunlight,550.0,379.82,379.82,0.0,818.59,707.71,1.22,0.8,26.9,19.7
2026-08-19T22:00:00Z,desert-sunlight,550.0,344.2,344.2,0.0,682.63,567.69,7.67,5.07,27.49,27.9
2026-08-19T23:00:00Z,desert-sunlight,550.0,310.59,310.59,0.0,585.46,472.81,3.48,2.3,29.61,24.1
2026-08-20T00:00:00Z,desert-sunlight,550.0,255.61,255.61,0.0,492.02,384.53,12.21,8.07,29.02,7.8
2026-08-20T01:00:00Z,desert-sunlight,550.0,128.36,128.36,0.0,244.98,166.3,11.77,7.77,27.09,22.1
2026-08-20T02:00:00Z,desert-sunlight,550.0,23.03,23.03,0.0,44.87,21.72,4.56,3.02,27.46,9.5
2026-08-20T03:00:00Z,desert-sunlight,550.0,0.0,0.0,0.0,0.0,0.0,3.98,2.63,26.47,26.7
2026-08-20T04:00:00Z,desert-sunlight,550.0,0.0,0.0,0.0,0.0,0.0,4.69,3.1,20.67,21.8
2026-08-20T05:00:00Z,desert-sunlight,550.0,0.0,0.0,0.0,0.0,0.0,3.95,2.61,19.16,30.4
2026-08-20T06:00:00Z,desert-sunlight,550.0,0.0,0.0,0.0,0.0,0.0,3.61,2.39,17.69,17.6
2026-08-20T07:00:00Z,desert-sunlight,550.0,0.0,0.0,0.0,0.0,0.0,3.69,2.44,12.39,34.3
2026-08-20T08:00:00Z,desert-sunlight,550.0,0.0,0.0,0.0,0.0,0.0,3.83,2.53,9.31,40.6
2026-08-20T09:00:00Z,desert-sunlight,550.0,0.0,0.0,0.0,0.0,0.0,5.77,3.81,11.07,34.4
2026-08-20T10:00:00Z,desert-sunlight,550.0,0.0,0.0,0.0,0.0,0.0,7.39,4.88,11.78,0.0
2026-08-20T11:00:00Z,desert-sunlight,550.0,0.0,0.0,0.0,0.0,0.0,5.76,3.8,8.5,51.7
2026-08-20T12:00:00Z,desert-sunlight,550.0,0.0,0.0,0.0,0.0,0.0,1.77,1.17,11.79,28.6
2026-08-20T13:00:00Z,desert-sunlight,550.0,0.0,0.0,0.0,0.0,0.0,9.24,6.11,12.49,26.7
2026-08-20T14:00:00Z,desert-sunlight,550.0,36.28,36.28,0.0,65.0,33.85,10.56,6.97,15.32,20.5
2026-08-20T15:00:00Z,desert-sunlight,550.0,139.9,139.9,0.0,257.45,176.28,2.63,1.73,15.03,26.3
2026-08-20T16:00:00Z,desert-sunlight,550.0,243.65,243.65,0.0,465.67,359.65,2.18,1.44,19.43,19.5
2026-08-20T17:00:00Z,desert-sunlight,550.0,311.01,311.01,0.0,588.37,475.25,9.54,6.3,21.35,26.5
2026-08-20T18:00:00Z,desert-sunlight,550.0,383.17,383.17,0.0,802.25,691.39,7.24,4.78,23.57,11.9
2026-08-20T19:00:00Z,desert-sunlight,550.0,333.28,333.28,0.0,701.94,584.23,4.08,2.69,24.81,36.1
2026-08-20T20:00:00Z,desert-sunlight,550.0,481.03,481.03,0.0,999.9,899.89,6.1,4.03,27.37,0.0
2026-08-20T21:00:00Z,desert-sunlight,550.0,301.64,301.64,0.0,578.37,454.02,2.39,1.58,28.47,52.1
2026-08-20T22:00:00Z,desert-sunlight,550.0,341.48,341.48,0.0,679.46,564.42,4.25,2.81,28.44,28.4
2026-08-20T23:00:00Z,desert-sunlight,550.0,327.34,327.34,0.0,646.32,533.42,10.16,6.72,29.98,13.1
2026-08-21T00:00:00Z,desert-sunlight,550.0,193.58,193.58,0.0,381.09,280.86,7.83,5.18,30.58,35.4
2026-08-21T01:00:00Z,desert-sunlight,550.0,113.42,113.42,0.0,212.23,139.01,9.49,6.27,28.16,36.6
2026-08-21T02:00:00Z,desert-sunlight,550.0,24.1,24.1,0.0,45.58,22.13,3.95,2.61,27.28,7.6
2026-08-21T03:00:00Z,desert-sunlight,550.0,0.0,0.0,0.0,0.0,0.0,2.21,1.46,24.52,23.5
2026-08-21T04:00:00Z,desert-sunlight,550.0,0.0,0.0,0.0,0.0,0.0,6.65,4.39,22.0,35.2
2026-08-21T05:00:00Z,desert-sunlight,550.0,0.0,0.0,0.0,0.0,0.0,12.67,8.37,20.08,17.5
2026-08-21T06:00:00Z,desert-sunlight,550.0,0.0,0.0,0.0,0.0,0.0,13.52,8.93,17.74,49.5
2026-08-21T07:00:00Z,desert-sunlight,550.0,0.0,0.0,0.0,0.0,0.0,10.91,7.21,12.32,19.1
2026-08-21T08:00:00Z,desert-sunlight,550.0,0.0,0.0,0.0,0.0,0.0,8.76,5.79,14.11,41.3
2026-08-21T09:00:00Z,desert-sunlight,550.0,0.0,0.0,0.0,0.0,0.0,9.17,6.06,8.82,20.4
2026-08-21T10:00:00Z,desert-sunlight,550.0,0.0,0.0,0.0,0.0,0.0,2.65,1.75,12.52,29.7
2026-08-21T11:00:00Z,desert-sunlight,550.0,0.0,0.0,0.0,0.0,0.0,5.45,3.6,8.72,31.6
2026-08-21T12:00:00Z,desert-sunlight,550.0,0.0,0.0,0.0,0.0,0.0,16.6,10.96,10.07,44.0
2026-08-21T13:00:00Z,desert-sunlight,550.0,0.0,0.0,0.0,0.0,0.0,8.65,5.71,10.83,4.1
2026-08-21T14:00:00Z,desert-sunlight,550.0,44.52,44.52,0.0,77.13,41.59,3.99,2.64,14.12,0.1
2026-08-21T15:00:00Z,desert-sunlight,550.0,123.87,123.87,0.0,230.46,153.38,4.05,2.67,13.77,37.2
2026-08-21T16:00:00Z,desert-sunlight,550.0,170.93,170.93,0.0,314.49,217.09,7.69,5.08,19.77,55.4
2026-08-21T17:00:00Z,desert-sunlight,550.0,283.99,283.99,0.0,526.83,413.64,3.22,2.13,19.07,37.3
2026-08-21T18:00:00Z,desert-sunlight,550.0,384.37,384.37,0.0,768.17,656.03,9.02,5.96,24.11,16.9
2026-08-21T19:00:00Z,desert-sunlight,550.0,319.41,319.41,0.0,630.76,508.94,10.06,6.65,24.77,45.6
2026-08-21T20:00:00Z,desert-sunlight,550.0,360.76,360.76,0.0,705.63,586.9,7.05,4.66,26.44,38.3
2026-08-21T21:00:00Z,desert-sunlight,550.0,385.23,385.23,0.0,766.39,652.58,11.2,7.4,27.89,26.7
2026-08-21T22:00:00Z,desert-sunlight,550.0,321.73,321.73,0.0,636.75,520.25,1.15,0.76,27.48,34.8
2026-08-21T23:00:00Z,desert-sunlight,550.0,226.41,226.41,0.0,444.61,332.57,6.25,4.13,31.1,49.6
2026-08-22T00:00:00Z,desert-sunlight,550.0,250.01,250.01,0.0,485.16,378.12,9.71,6.41,30.88,9.5
2026-08-22T01:00:00Z,desert-sunlight,550.0,153.11,153.11,0.0,295.28,208.22,4.95,3.27,28.95,0.0
2026-08-22T02:00:00Z,desert-sunlight,550.0,20.44,20.44,0.0,37.97,17.71,7.39,4.88,23.83,28.0
2026-08-22T03:00:00Z,desert-sunlight,550.0,0.0,0.0,0.0,0.0,0.0,7.56,5.0,26.07,64.3
2026-08-22T04:00:00Z,desert-sunlight,550.0,0.0,0.0,0.0,0.0,0.0,10.67,7.05,20.99,48.1
2026-08-22T05:00:00Z,desert-sunlight,550.0,0.0,0.0,0.0,0.0,0.0,4.32,2.85,19.13,23.6
2026-08-22T06:00:00Z,desert-sunlight,550.0,0.0,0.0,0.0,0.0,0.0,4.28,2.83,14.08,15.9
2026-08-22T07:00:00Z,desert-sunlight,550.0,0.0,0.0,0.0,0.0,0.0,8.04,5.31,16.82,26.8
2026-08-22T08:00:00Z,desert-sunlight,550.0,0.0,0.0,0.0,0.0,0.0,4.2,2.77,13.11,37.0
2026-08-22T09:00:00Z,desert-sunlight,550.0,0.0,0.0,0.0,0.0,0.0,7.53,4.98,12.29,12.7
2026-08-22T10:00:00Z,desert-sunlight,550.0,0.0,0.0,0.0,0.0,0.0,3.67,2.43,8.81,26.9
2026-08-22T11:00:00Z,desert-sunlight,550.0,0.0,0.0,0.0,0.0,0.0,9.97,6.59,12.82,23.7
2026-08-22T12:00:00Z,desert-sunlight,550.0,0.0,0.0,0.0,0.0,0.0,9.02,5.96,8.58,36.7
2026-08-22T13:00:00Z,desert-sunlight,550.0,0.0,0.0,0.0,0.0,0.0,4.61,3.04,8.35,25.7
2026-08-22T14:00:00Z,desert-sunlight,550.0,42.14,42.14,0.0,75.79,40.73,6.06,4.01,13.63,2.3
2026-08-22T15:00:00Z,desert-sunlight,550.0,161.33,161.33,0.0,299.77,212.18,9.34,6.17,14.38,9.2
2026-08-22T16:00:00Z,desert-sunlight,550.0,204.01,204.01,0.0,398.5,296.31,3.76,2.48,19.6,35.5
2026-08-22T17:00:00Z,desert-sunlight,550.0,323.4,323.4,0.0,612.92,499.83,8.48,5.6,21.28,22.1
2026-08-22T18:00:00Z,desert-sunlight,550.0,312.89,312.89,0.0,604.33,486.05,9.8,6.47,25.25,41.0
2026-08-22T19:00:00Z,desert-sunlight,550.0,429.71,429.71,0.0,865.52,757.23,5.6,3.7,25.04,14.2
2026-08-22T20:00:00Z,desert-sunlight,550.0,435.97,435.97,0.0,911.02,805.36,6.66,4.4,27.98,11.6
2026-08-22T21:00:00Z,desert-sunlight,550.0,323.65,323.65,0.0,680.05,561.4,1.21,0.8,32.25,38.4
2026-08-22T22:00:00Z,desert-sunlight,550.0,279.76,279.76,0.0,549.53,430.04,1.63,1.08,29.05,47.8
2026-08-22T23:00:00Z,desert-sunlight,550.0,359.1,359.1,0.0,719.03,605.81,3.81,2.52,30.59,0.0
2026-08-23T00:00:00Z,desert-sunlight,550.0,205.42,205.42,0.0,404.09,302.35,9.66,6.38,30.16,29.7
2026-08-23T01:00:00Z,desert-sunlight,550.0,135.27,135.27,0.0,252.25,172.36,10.3,6.8,29.92,18.9
2026-08-23T02:00:00Z,desert-sunlight,550.0,19.14,19.14,0.0,36.72,16.99,0.76,0.5,27.8,31.4
2026-08-23T03:00:00Z,desert-sunlight,550.0,0.0,0.0,0.0,0.0,0.0,10.85,7.17,22.51,42.2
2026-08-23T04:00:00Z,desert-sunlight,550.0,0.0,0.0,0.0,0.0,0.0,7.51,4.96,18.59,19.2
2026-08-23T05:00:00Z,desert-sunlight,550.0,0.0,0.0,0.0,0.0,0.0,8.35,5.52,21.33,25.7
2026-08-23T06:00:00Z,desert-sunlight,550.0,0.0,0.0,0.0,0.0,0.0,11.37,7.51,18.94,48.3
2026-08-23T07:00:00Z,desert-sunlight,550.0,0.0,0.0,0.0,0.0,0.0,9.01,5.95,15.35,14.8
2026-08-23T08:00:00Z,desert-sunlight,550.0,0.0,0.0,0.0,0.0,0.0,7.17,4.74,11.96,27.1
2026-08-23T09:00:00Z,desert-sunlight,550.0,0.0,0.0,0.0,0.0,0.0,9.16,6.05,7.82,22.1
2026-08-23T10:00:00Z,desert-sunlight,550.0,0.0,0.0,0.0,0.0,0.0,7.61,5.03,8.9,35.8
2026-08-23T11:00:00Z,desert-sunlight,550.0,0.0,0.0,0.0,0.0,0.0,6.13,4.05,10.2,52.2
2026-08-23T12:00:00Z,desert-sunlight,550.0,0.0,0.0,0.0,0.0,0.0,11.08,7.32,8.6,22.3
2026-08-23T13:00:00Z,desert-sunlight,550.0,0.0,0.0,0.0,0.0,0.0,10.5,6.94,11.06,17.2
2026-08-23T14:00:00Z,desert-sunlight,550.0,41.77,41.77,0.0,77.16,41.6,2.72,1.8,15.95,0.0
2026-08-23T15:00:00Z,desert-sunlight,550.0,150.53,150.53,0.0,271.91,188.54,12.72,8.41,16.72,20.5
2026-08-23T16:00:00Z,desert-sunlight,550.0,193.68,193.68,0.0,365.49,265.18,8.11,5.36,19.14,43.3
2026-08-23T17:00:00Z,desert-sunlight,550.0,238.96,238.96,0.0,453.84,340.57,8.08,5.34,19.43,50.1
2026-08-23T18:00:00Z,desert-sunlight,550.0,398.12,398.12,0.0,780.59,668.92,8.44,5.58,21.11,15.1
2026-08-23T19:00:00Z,desert-sunlight,550.0,341.92,341.92,0.0,653.54,533.04,8.81,5.82,28.44,42.6
2026-08-23T20:00:00Z,desert-sunlight,550.0,418.29,418.29,0.0,838.39,728.1,2.82,1.86,27.38,21.0
2026-08-23T21:00:00Z,desert-sunlight,550.0,448.93,448.93,0.0,964.9,862.23,6.77,4.47,30.75,0.0
2026-08-23T22:00:00Z,desert-sunlight,550.0,232.9,232.9,0.0,455.11,332.38,10.26,6.78,28.75,61.9
2026-08-23T23:00:00Z,desert-sunlight,550.0,359.82,359.82,0.0,717.23,604.02,12.21,8.07,30.01,0.3
2026-08-24T00:00:00Z,desert-sunlight,550.0,247.01,247.01,0.0,491.81,384.33,9.68,6.39,28.73,7.9
2026-08-24T01:00:00Z,desert-sunlight,550.0,134.48,134.48,0.0,256.35,175.77,4.08,2.69,28.27,17.1
2026-08-24T02:00:00Z,desert-sunlight,550.0,15.53,15.53,0.0,28.45,12.19,8.64,5.71,23.46,53.6
2026-08-24T03:00:00Z,desert-sunlight,550.0,0.0,0.0,0.0,0.0,0.0,5.54,3.66,23.64,28.2
2026-08-24T04:00:00Z,desert-sunlight,550.0,0.0,0.0,0.0,0.0,0.0,7.49,4.95,22.73,22.1
2026-08-24T05:00:00Z,desert-sunlight,550.0,0.0,0.0,0.0,0.0,0.0,4.88,3.22,19.38,12.5
2026-08-24T06:00:00Z,desert-sunlight,550.0,0.0,0.0,0.0,0.0,0.0,5.51,3.64,18.8,32.3
2026-08-24T07:00:00Z,desert-sunlight,550.0,0.0,0.0,0.0,0.0,0.0,1.32,0.87,14.47,22.3
2026-08-24T08:00:00Z,desert-sunlight,550.0,0.0,0.0,0.0,0.0,0.0,6.3,4.17,12.33,31.3
2026-08-24T09:00:00Z,desert-sunlight,550.0,0.0,0.0,0.0,0.0,0.0,7.86,5.19,10.64,7.9
2026-08-24T10:00:00Z,desert-sunlight,550.0,0.0,0.0,0.0,0.0,0.0,5.51,3.64,9.67,32.3
2026-08-24T11:00:00Z,desert-sunlight,550.0,0.0,0.0,0.0,0.0,0.0,6.18,4.08,10.63,35.6
2026-08-24T12:00:00Z,desert-sunlight,550.0,0.0,0.0,0.0,0.0,0.0,5.01,3.31,9.12,35.4
2026-08-24T13:00:00Z,desert-sunlight,550.0,0.0,0.0,0.0,0.0,0.0,6.95,4.59,12.12,24.2
2026-08-24T14:00:00Z,desert-sunlight,550.0,25.12,25.12,0.0,46.36,21.98,7.02,4.64,14.6,51.9
2026-08-24T15:00:00Z,desert-sunlight,550.0,147.32,147.32,0.0,281.2,196.43,5.24,3.46,17.28,16.7
2026-08-24T16:00:00Z,desert-sunlight,550.0,231.02,231.02,0.0,429.51,325.56,4.45,2.94,18.75,28.1
2026-08-24T17:00:00Z,desert-sunlight,550.0,267.79,267.79,0.0,517.53,404.33,1.22,0.8,19.78,38.9
2026-08-24T18:00:00Z,desert-sunlight,550.0,439.24,439.24,0.0,883.16,775.33,4.06,2.68,24.75,0.0
2026-08-24T19:00:00Z,desert-sunlight,550.0,318.75,318.75,0.0,625.34,503.21,4.5,2.97,25.62,46.4
2026-08-24T20:00:00Z,desert-sunlight,550.0,471.92,471.92,0.0,999.9,899.89,6.88,4.55,25.36,0.0
2026-08-24T21:00:00Z,desert-sunlight,550.0,357.07,357.07,0.0,732.22,616.5,7.86,5.19,28.51,31.3
2026-08-24T22:00:00Z,desert-sunlight,550.0,377.93,377.93,0.0,810.54,699.99,4.47,2.96,31.56,8.8
2026-08-24T23:00:00Z,desert-sunlight,550.0,321.29,321.29,0.0,637.98,525.11,4.61,3.04,28.54,14.7
2026-08-25T00:00:00Z,desert-sunlight,550.0,220.7,220.7,0.0,419.08,316.36,4.61,3.04,27.3,26.0
2026-08-25T01:00:00Z,desert-sunlight,550.0,135.04,135.04,0.0,256.7,176.07,11.0,7.27,26.67,17.0
2026-08-25T02:00:00Z,desert-sunlight,550.0,15.91,15.91,0.0,29.53,12.82,8.6,5.68,24.47,50.7
2026-08-25T03:00:00Z,desert-sunlight,550.0,0.0,0.0,0.0,0.0,0.0,5.67,3.75,23.12,28.7
2026-08-25T04:00:00Z,desert-sunlight,550.0,0.0,0.0,0.0,0.0,0.0,3.71,2.45,23.13,23.6
2026-08-25T05:00:00Z,desert-sunlight,550.0,0.0,0.0,0.0,0.0,0.0,11.58,7.65,18.31,31.5
2026-08-25T06:00:00Z,desert-sunlight,550.0,0.0,0.0,0.0,0.0,0.0,9.66,6.38,16.08,40.2
2026-08-25T07:00:00Z,desert-sunlight,550.0,0.0,0.0,0.0,0.0,0.0,7.01,4.63,13.59,43.7
2026-08-25T08:00:00Z,desert-sunlight,550.0,0.0,0.0,0.0,0.0,0.0,13.44,8.88,12.4,27.2
2026-08-25T09:00:00Z,desert-sunlight,550.0,0.0,0.0,0.0,0.0,0.0,6.7,4.43,9.18,18.5
2026-08-25T10:00:00Z,desert-sunlight,550.0,0.0,0.0,0.0,0.0,0.0,8.57,5.66,10.88,57.3
2026-08-25T11:00:00Z,desert-sunlight,550.0,0.0,0.0,0.0,0.0,0.0,15.1,9.98,6.73,43.3
2026-08-25T12:00:00Z,desert-sunlight,550.0,0.0,0.0,0.0,0.0,0.0,2.9,1.92,11.49,55.5
2026-08-25T13:00:00Z,desert-sunlight,550.0,0.0,0.0,0.0,0.0,0.0,4.8,3.17,12.21,3.3
2026-08-25T14:00:00Z,desert-sunlight,550.0,33.14,33.14,0.0,61.56,31.66,6.05,4.0,14.33,26.3
2026-08-25T15:00:00Z,desert-sunlight,550.0,146.07,146.07,0.0,269.87,186.81,4.2,2.78,16.34,21.3
2026-08-25T16:00:00Z,desert-sunlight,550.0,280.41,280.41,0.0,533.09,423.24,1.68,1.11,17.76,3.5
2026-08-25T17:00:00Z,desert-sunlight,550.0,286.13,286.13,0.0,536.06,422.88,8.11,5.36,20.43,35.7
2026-08-25T18:00:00Z,desert-sunlight,550.0,383.05,383.05,0.0,807.68,697.02,1.19,0.79,26.87,11.1
2026-08-25T19:00:00Z,desert-sunlight,550.0,278.52,278.52,0.0,553.41,427.13,1.95,1.29,24.42,56.0
2026-08-25T20:00:00Z,desert-sunlight,550.0,384.36,384.36,0.0,829.38,718.53,5.72,3.78,31.27,22.2
2026-08-25T21:00:00Z,desert-sunlight,550.0,243.48,243.48,0.0,476.39,346.33,7.94,5.25,28.31,65.8
2026-08-25T22:00:00Z,desert-sunlight,550.0,346.62,346.62,0.0,678.95,563.89,3.99,2.64,27.95,28.5
2026-08-25T23:00:00Z,desert-sunlight,550.0,343.9,343.9,0.0,693.71,580.61,4.63,3.06,30.29,4.6
2026-08-26T00:00:00Z,desert-sunlight,550.0,249.06,249.06,0.0,484.39,377.4,10.35,6.84,27.78,9.7
2026-08-26T01:00:00Z,desert-sunlight,550.0,103.96,103.96,0.0,201.85,130.36,6.95,4.59,27.94,41.1
2026-08-26T02:00:00Z,desert-sunlight,550.0,26.05,26.05,0.0,48.4,23.77,1.58,1.05,27.85,0.0
2026-08-26T03:00:00Z,desert-sunlight,550.0,0.0,0.0,0.0,0.0,0.0,8.04,5.31,21.3,47.5
2026-08-26T04:00:00Z,desert-sunlight,550.0,0.0,0.0,0.0,0.0,0.0,8.43,5.57,21.94,8.9
2026-08-26T05:00:00Z,desert-sunlight,550.0,0.0,0.0,0.0,0.0,0.0,6.6,4.36,18.5,8.0
2026-08-26T06:00:00Z,desert-sunlight,550.0,0.0,0.0,0.0,0.0,0.0,2.28,1.51,17.09,28.0
2026-08-26T07:00:00Z,desert-sunlight,550.0,0.0,0.0,0.0,0.0,0.0,8.59,5.68,14.23,33.5
2026-08-26T08:00:00Z,desert-sunlight,550.0,0.0,0.0,0.0,0.0,0.0,19.36,12.79,12.55,32.9
2026-08-26T09:00:00Z,desert-sunlight,550.0,0.0,0.0,0.0,0.0,0.0,5.22,3.45,7.54,0.0
2026-08-26T10:00:00Z,desert-sunlight,550.0,0.0,0.0,0.0,0.0,0.0,5.06,3.35,10.36,42.0
2026-08-26T11:00:00Z,desert-sunlight,550.0,0.0,0.0,0.0,0.0,0.0,2.26,1.49,10.42,10.8
2026-08-26T12:00:00Z,desert-sunlight,550.0,0.0,0.0,0.0,0.0,0.0,0.76,0.5,9.75,27.9
2026-08-26T13:00:00Z,desert-sunlight,550.0,0.0,0.0,0.0,0.0,0.0,14.26,9.42,11.09,40.4
2026-08-26T14:00:00Z,desert-sunlight,550.0,34.04,34.04,0.0,61.49,31.62,3.34,2.21,12.24,26.4
2026-08-26T15:00:00Z,desert-sunlight,550.0,138.84,138.84,0.0,247.87,168.16,4.92,3.25,14.42,30.1
2026-08-26T16:00:00Z,desert-sunlight,550.0,195.49,195.49,0.0,364.75,264.49,13.84,9.15,17.71,43.5
2026-08-26T17:00:00Z,desert-sunlight,550.0,249.91,249.91,0.0,483.15,369.91,6.7,4.43,22.88,45.0
2026-08-26T18:00:00Z,desert-sunlight,550.0,325.37,325.37,0.0,637.51,520.47,8.83,5.84,22.74,36.2
2026-08-26T19:00:00Z,desert-sunlight,550.0,428.17,428.17,0.0,887.51,780.48,11.7,7.73,26.04,11.3
2026-08-26T20:00:00Z,desert-sunlight,550.0,363.03,363.03,0.0,733.38,616.42,4.71,3.11,25.85,34.7
2026-08-26T21:00:00Z,desert-sunlight,550.0,252.51,252.51,0.0,495.59,366.61,2.97,1.96,30.6,63.2
2026-08-26T22:00:00Z,desert-sunlight,550.0,293.04,293.04,0.0,578.03,459.51,12.95,8.56,31.06,43.6
2026-08-26T23:00:00Z,desert-sunlight,550.0,333.89,333.89,0.0,672.07,559.05,13.43,8.87,28.4,8.5
2026-08-27T00:00:00Z,desert-sunlight,550.0,182.45,182.45,0.0,350.84,252.59,4.39,2.9,29.27,42.9
2026-08-27T01:00:00Z,desert-sunlight,550.0,126.41,126.41,0.0,243.88,165.39,9.14,6.04,29.31,22.6
2026-08-27T02:00:00Z,desert-sunlight,550.0,18.6,18.6,0.0,34.09,15.47,8.95,5.91,27.08,38.4
2026-08-27T03:00:00Z,desert-sunlight,550.0,0.0,0.0,0.0,0.0,0.0,13.15,8.69,23.28,41.1
2026-08-27T04:00:00Z,desert-sunlight,550.0,0.0,0.0,0.0,0.0,0.0,6.84,4.52,22.28,20.9
2026-08-27T05:00:00Z,desert-sunlight,550.0,0.0,0.0,0.0,0.0,0.0,4.3,2.84,20.14,41.0
2026-08-27T06:00:00Z,desert-sunlight,550.0,0.0,0.0,0.0,0.0,0.0,13.71,9.06,16.45,55.9
2026-08-27T07:00:00Z,desert-sunlight,550.0,0.0,0.0,0.0,0.0,0.0,5.11,3.37,12.66,10.1
2026-08-27T08:00:00Z,desert-sunlight,550.0,0.0,0.0,0.0,0.0,0.0,5.44,3.59,12.01,27.5
2026-08-27T09:00:00Z,desert-sunlight,550.0,0.0,0.0,0.0,0.0,0.0,3.41,2.26,11.63,50.5
2026-08-27T10:00:00Z,desert-sunlight,550.0,0.0,0.0,0.0,0.0,0.0,4.71,3.11,6.62,9.2
2026-08-27T11:00:00Z,desert-sunlight,550.0,0.0,0.0,0.0,0.0,0.0,7.03,4.65,11.82,60.1
2026-08-27T12:00:00Z,desert-sunlight,550.0,0.0,0.0,0.0,0.0,0.0,10.13,6.69,10.25,22.5
2026-08-27T13:00:00Z,desert-sunlight,550.0,0.0,0.0,0.0,0.0,0.0,11.96,7.9,14.47,21.5
2026-08-27T14:00:00Z,desert-sunlight,550.0,29.67,29.67,0.0,54.44,27.13,5.38,3.56,13.01,38.3
2026-08-27T15:00:00Z,desert-sunlight,550.0,141.41,141.41,0.0,266.67,184.1,8.29,5.48,14.85,22.6
2026-08-27T16:00:00Z,desert-sunlight,550.0,278.36,278.36,0.0,518.57,409.54,1.46,0.96,17.03,7.0
2026-08-27T17:00:00Z,desert-sunlight,550.0,231.01,231.01,0.0,427.13,313.83,6.62,4.37,19.71,54.8
2026-08-27T18:00:00Z,desert-sunlight,550.0,354.57,354.57,0.0,684.67,569.4,8.09,5.34,21.84,29.2
2026-08-27T19:00:00Z,desert-sunlight,550.0,362.06,362.06,0.0,695.63,577.55,1.63,1.08,22.89,37.0
2026-08-27T20:00:00Z,desert-sunlight,550.0,497.36,497.36,0.0,993.41,892.99,4.38,2.9,29.79,0.8
2026-08-27T21:00:00Z,desert-sunlight,550.0,405.66,405.66,0.0,841.6,732.01,8.21,5.42,30.54,16.6
2026-08-27T22:00:00Z,desert-sunlight,550.0,342.46,342.46,0.0,709.06,595.03,15.77,10.42,32.91,24.0
2026-08-27T23:00:00Z,desert-sunlight,550.0,244.01,244.01,0.0,491.54,379.29,5.36,3.54,31.54,41.1
2026-08-28T00:00:00Z,desert-sunlight,550.0,253.95,253.95,0.0,522.04,412.58,6.92,4.58,29.1,0.4
2026-08-28T01:00:00Z,desert-sunlight,550.0,148.97,148.97,0.0,284.32,199.09,5.84,3.86,30.18,4.8
2026-08-28T02:00:00Z,desert-sunlight,550.0,10.47,10.47,0.0,19.44,6.96,5.0,3.3,26.4,77.8
2026-08-28T03:00:00Z,desert-sunlight,550.0,0.0,0.0,0.0,0.0,0.0,11.27,7.44,23.45,53.6
2026-08-28T04:00:00Z,desert-sunlight,550.0,0.0,0.0,0.0,0.0,0.0,4.37,2.89,18.43,28.2
2026-08-28T05:00:00Z,desert-sunlight,550.0,0.0,0.0,0.0,0.0,0.0,5.05,3.33,19.01,34.7
2026-08-28T06:00:00Z,desert-sunlight,550.0,0.0,0.0,0.0,0.0,0.0,2.48,1.64,18.81,0.0
2026-08-28T07:00:00Z,desert-sunlight,550.0,0.0,0.0,0.0,0.0,0.0,7.51,4.96,14.75,27.5
2026-08-28T08:00:00Z,desert-sunlight,550.0,0.0,0.0,0.0,0.0,0.0,3.49,2.31,14.94,24.4
2026-08-28T09:00:00Z,desert-sunlight,550.0,0.0,0.0,0.0,0.0,0.0,11.88,7.85,9.57,21.5
2026-08-28T10:00:00Z,desert-sunlight,550.0,0.0,0.0,0.0,0.0,0.0,2.93,1.94,12.52,35.9
2026-08-28T11:00:00Z,desert-sunlight,550.0,0.0,0.0,0.0,0.0,0.0,8.09,5.34,9.99,29.0
2026-08-28T12:00:00Z,desert-sunlight,550.0,0.0,0.0,0.0,0.0,0.0,4.15,2.74,11.82,47.3
2026-08-28T13:00:00Z,desert-sunlight,550.0,0.0,0.0,0.0,0.0,0.0,6.64,4.39,8.03,17.7
2026-08-28T14:00:00Z,desert-sunlight,550.0,34.02,34.02,0.0,62.7,32.39,2.99,1.98,14.03,24.4
2026-08-28T15:00:00Z,desert-sunlight,550.0,108.39,108.39,0.0,201.8,129.07,9.11,6.02,20.32,48.7
2026-08-28T16:00:00Z,desert-sunlight,550.0,270.03,270.03,0.0,510.32,401.76,18.28,12.08,16.41,8.9
2026-08-28T17:00:00Z,desert-sunlight,550.0,218.72,218.72,0.0,408.26,294.94,11.02,7.28,20.6,58.2
2026-08-28T18:00:00Z,desert-sunlight,550.0,303.67,303.67,0.0,593.77,475.09,10.11,6.68,23.53,42.6
2026-08-28T19:00:00Z,desert-sunlight,550.0,248.24,248.24,0.0,488.35,358.32,6.86,4.54,28.66,64.7
2026-08-28T20:00:00Z,desert-sunlight,550.0,360.8,360.8,0.0,739.81,623.25,4.58,3.03,27.96,33.8
2026-08-28T21:00:00Z,desert-sunlight,550.0,456.88,456.88,0.0,964.9,862.23,6.42,4.24,27.97,0.0
2026-08-28T22:00:00Z,desert-sunlight,550.0,409.68,409.68,0.0,869.27,760.73,12.35,8.16,31.31,0.0
2026-08-28T23:00:00Z,desert-sunlight,550.0,261.33,261.33,0.0,507.69,395.37,7.26,4.79,30.97,38.2
2026-08-29T00:00:00Z,desert-sunlight,550.0,201.75,201.75,0.0,392.77,291.78,5.75,3.8,31.08,32.5
2026-08-29T01:00:00Z,desert-sunlight,550.0,141.95,141.95,0.0,267.86,185.37,4.64,3.06,29.91,12.1
2026-08-29T02:00:00Z,desert-sunlight,550.0,19.03,19.03,0.0,34.29,15.58,4.59,3.03,25.72,37.9
2026-08-29T03:00:00Z,desert-sunlight,550.0,0.0,0.0,0.0,0.0,0.0,12.8,8.46,20.2,26.7
2026-08-29T04:00:00Z,desert-sunlight,550.0,0.0,0.0,0.0,0.0,0.0,6.66,4.4,19.08,17.8
2026-08-29T05:00:00Z,desert-sunlight,550.0,0.0,0.0,0.0,0.0,0.0,9.89,6.53,22.02,50.3
2026-08-29T06:00:00Z,desert-sunlight,550.0,0.0,0.0,0.0,0.0,0.0,5.81,3.84,16.21,17.2
2026-08-29T07:00:00Z,desert-sunlight,550.0,0.0,0.0,0.0,0.0,0.0,2.94,1.94,15.54,47.1
2026-08-29T08:00:00Z,desert-sunlight,550.0,0.0,0.0,0.0,0.0,0.0,5.03,3.33,10.8,45.3
2026-08-29T09:00:00Z,desert-sunlight,550.0,0.0,0.0,0.0,0.0,0.0,12.63,8.34,11.44,27.6
2026-08-29T10:00:00Z,desert-sunlight,550.0,0.0,0.0,0.0,0.0,0.0,1.44,0.95,8.01,20.5
2026-08-29T11:00:00Z,desert-sunlight,550.0,0.0,0.0,0.0,0.0,0.0,3.55,2.34,10.09,22.9
2026-08-29T12:00:00Z,desert-sunlight,550.0,0.0,0.0,0.0,0.0,0.0,8.35,5.52,13.0,5.9
2026-08-29T13:00:00Z,desert-sunlight,550.0,0.0,0.0,0.0,0.0,0.0,8.42,5.56,13.47,35.3
2026-08-29T14:00:00Z,desert-sunlight,550.0,40.87,40.87,0.0,72.54,38.66,3.82,2.52,14.86,7.8
2026-08-29T15:00:00Z,desert-sunlight,550.0,149.76,149.76,0.0,277.9,193.63,5.87,3.88,15.85,18.0
2026-08-29T16:00:00Z,desert-sunlight,550.0,256.43,256.43,0.0,499.13,391.21,6.03,3.99,19.99,11.6
2026-08-29T17:00:00Z,desert-sunlight,550.0,303.06,303.06,0.0,591.11,477.99,3.02,2.0,19.12,26.0
2026-08-29T18:00:00Z,desert-sunlight,550.0,390.77,390.77,0.0,784.8,673.29,4.87,3.22,27.55,14.5
2026-08-29T19:00:00Z,desert-sunlight,550.0,317.88,317.88,0.0,660.91,540.83,8.81,5.82,24.72,41.6
2026-08-29T20:00:00Z,desert-sunlight,550.0,363.01,363.01,0.0,745.96,629.8,6.54,4.32,25.06,33.0
2026-08-29T21:00:00Z,desert-sunlight,550.0,420.6,420.6,0.0,864.55,756.25,4.95,3.27,27.07,13.5
2026-08-29T22:00:00Z,desert-sunlight,550.0,369.62,369.62,0.0,755.31,642.86,7.84,5.18,30.79,17.0
2026-08-29T23:00:00Z,desert-sunlight,550.0,314.83,314.83,0.0,628.87,516.04,5.43,3.59,29.16,16.3
2026-08-30T00:00:00Z,desert-sunlight,550.0,252.16,252.16,0.0,508.1,399.55,8.59,5.67,28.39,3.9
2026-08-30T01:00:00Z,desert-sunlight,550.0,122.52,122.52,0.0,229.01,152.99,4.76,3.14,27.73,29.2
2026-08-30T02:00:00Z,desert-sunlight,550.0,24.38,24.38,0.0,46.44,22.63,3.12,2.06,26.44,5.3
2026-08-30T03:00:00Z,desert-sunlight,550.0,0.0,0.0,0.0,0.0,0.0,3.96,2.62,25.39,39.8
2026-08-30T04:00:00Z,desert-sunlight,550.0,0.0,0.0,0.0,0.0,0.0,2.26,1.49,22.64,16.7
2026-08-30T05:00:00Z,desert-sunlight,550.0,0.0,0.0,0.0,0.0,0.0,8.51,5.62,17.65,42.4
2026-08-30T06:00:00Z,desert-sunlight,550.0,0.0,0.0,0.0,0.0,0.0,4.39,2.9,14.7,34.0
2026-08-30T07:00:00Z,desert-sunlight,550.0,0.0,0.0,0.0,0.0,0.0,3.83,2.53,13.59,51.3
2026-08-30T08:00:00Z,desert-sunlight,550.0,0.0,0.0,0.0,0.0,0.0,3.43,2.27,12.98,32.1
2026-08-30T09:00:00Z,desert-sunlight,550.0,0.0,0.0,0.0,0.0,0.0,4.14,2.74,10.6,15.0
2026-08-30T10:00:00Z,desert-sunlight,550.0,0.0,0.0,0.0,0.0,0.0,13.36,8.83,11.91,0.0
2026-08-30T11:00:00Z,desert-sunlight,550.0,0.0,0.0,0.0,0.0,0.0,6.71,4.43,10.44,23.2
2026-08-30T12:00:00Z,desert-sunlight,550.0,0.0,0.0,0.0,0.0,0.0,3.12,2.06,7.91,5.5
2026-08-30T13:00:00Z,desert-sunlight,550.0,0.0,0.0,0.0,0.0,0.0,8.62,5.7,13.3,35.2
2026-08-30T14:00:00Z,desert-sunlight,550.0,37.73,37.73,0.0,70.08,37.09,4.98,3.29,13.82,11.9
2026-08-30T15:00:00Z,desert-sunlight,550.0,126.25,126.25,0.0,228.54,151.75,2.29,1.51,16.37,37.9
2026-08-30T16:00:00Z,desert-sunlight,550.0,253.55,253.55,0.0,479.51,372.71,11.62,7.68,18.47,16.2
2026-08-30T17:00:00Z,desert-sunlight,550.0,253.89,253.89,0.0,470.52,357.27,0.98,0.65,20.45,47.2
2026-08-30T18:00:00Z,desert-sunlight,550.0,330.1,330.1,0.0,677.84,562.31,2.41,1.59,21.12,30.2
2026-08-30T19:00:00Z,desert-sunlight,550.0,323.73,323.73,0.0,655.11,534.69,5.63,3.72,27.03,42.4
2026-08-30T20:00:00Z,desert-sunlight,550.0,434.14,434.14,0.0,922.02,817.05,6.32,4.18,28.32,10.1
2026-08-30T21:00:00Z,desert-sunlight,550.0,309.21,309.21,0.0,625.84,504.15,13.02,8.6,30.56,45.7
2026-08-30T22:00:00Z,desert-sunlight,550.0,418.32,418.32,0.0,869.27,760.73,10.7,7.07,28.76,0.0
2026-08-30T23:00:00Z,desert-sunlight,550.0,231.18,231.18,0.0,459.76,347.65,11.18,7.39,31.86,46.9
2026-08-31T00:00:00Z,desert-sunlight,550.0,252.13,252.13,0.0,523.61,414.04,4.41,2.91,30.86,0.0
2026-08-31T01:00:00Z,desert-sunlight,550.0,136.3,136.3,0.0,252.25,172.36,3.36,2.22,31.28,18.9
2026-08-31T02:00:00Z,desert-sunlight,550.0,19.39,19.39,0.0,36.09,16.63,2.35,1.55,24.08,33.1
2026-08-31T03:00:00Z,desert-sunlight,550.0,0.0,0.0,0.0,0.0,0.0,8.11,5.36,24.25,26.8
2026-08-31T04:00:00Z,desert-sunlight,550.0,0.0,0.0,0.0,0.0,0.0,10.07,6.66,21.54,46.4
2026-08-31T05:00:00Z,desert-sunlight,550.0,0.0,0.0,0.0,0.0,0.0,1.98,1.31,20.35,21.4
2026-08-31T06:00:00Z,desert-sunlight,550.0,0.0,0.0,0.0,0.0,0.0,10.12,6.68,16.99,50.4
2026-08-31T07:00:00Z,desert-sunlight,550.0,0.0,0.0,0.0,0.0,0.0,6.85,4.53,13.97,13.9
2026-08-31T08:00:00Z,desert-sunlight,550.0,0.0,0.0,0.0,0.0,0.0,6.35,4.19,11.53,43.0
2026-08-31T09:00:00Z,desert-sunlight,550.0,0.0,0.0,0.0,0.0,0.0,8.93,5.9,9.91,21.2
2026-08-31T10:00:00Z,desert-sunlight,550.0,0.0,0.0,0.0,0.0,0.0,4.71,3.11,10.18,23.9
2026-08-31T11:00:00Z,desert-sunlight,550.0,0.0,0.0,0.0,0.0,0.0,12.81,8.46,8.34,30.3
2026-08-31T12:00:00Z,desert-sunlight,550.0,0.0,0.0,0.0,0.0,0.0,5.01,3.31,11.04,53.4
2026-08-31T13:00:00Z,desert-sunlight,550.0,0.0,0.0,0.0,0.0,0.0,7.54,4.98,13.79,30.3
2026-08-31T14:00:00Z,desert-sunlight,550.0,42.0,42.0,0.0,77.16,41.6,10.78,7.12,14.44,0.0
2026-08-31T15:00:00Z,desert-sunlight,550.0,103.32,103.32,0.0,189.79,118.88,1.08,0.71,14.87,53.5
2026-08-31T16:00:00Z,desert-sunlight,550.0,247.47,247.47,0.0,478.45,371.7,3.19,2.11,19.49,16.5
2026-08-31T17:00:00Z,desert-sunlight,550.0,351.78,351.78,0.0,685.5,572.5,7.09,4.68,21.81,9.4
2026-08-31T18:00:00Z,desert-sunlight,550.0,356.99,356.99,0.0,686.51,571.3,6.97,4.6,22.46,28.9
2026-08-31T19:00:00Z,desert-sunlight,550.0,427.73,427.73,0.0,851.49,742.39,2.68,1.77,24.97,16.1
2026-08-31T20:00:00Z,desert-sunlight,550.0,386.54,386.54,0.0,791.76,678.51,1.91,1.26,27.62,27.1
2026-08-31T21:00:00Z,desert-sunlight,550.0,389.99,389.99,0.0,769.42,655.79,7.12,4.7,29.88,26.3
2026-08-31T22:00:00Z,desert-sunlight,550.0,240.21,240.21,0.0,476.97,355.0,6.37,4.21,31.47,58.7
2026-08-31T23:00:00Z,desert-sunlight,550.0,278.72,278.72,0.0,568.54,455.96,12.98,8.58,30.84,27.2
2026-09-01T00:00:00Z,desert-sunlight,550.0,274.28,274.28,0.0,523.61,414.04,11.32,7.48,29.56,0.0
2026-09-01T01:00:00Z,desert-sunlight,550.0,136.74,136.74,0.0,262.42,180.84,0.97,0.64,28.56,14.5
2026-09-01T02:00:00Z,desert-sunlight,550.0,17.25,17.25,0.0,31.35,13.88,8.33,5.51,26.6,45.8
2026-09-01T03:00:00Z,desert-sunlight,550.0,0.0,0.0,0.0,0.0,0.0,9.95,6.57,23.72,51.0
2026-09-01T04:00:00Z,desert-sunlight,550.0,0.0,0.0,0.0,0.0,0.0,8.59,5.67,21.18,39.3
2026-09-01T05:00:00Z,desert-sunlight,550.0,0.0,0.0,0.0,0.0,0.0,8.72,5.76,21.78,36.9
2026-09-01T06:00:00Z,desert-sunlight,550.0,0.0,0.0,0.0,0.0,0.0,5.96,3.94,17.34,27.1
2026-09-01T07:00:00Z,desert-sunlight,550.0,0.0,0.0,0.0,0.0,0.0,6.42,4.24,15.51,11.7
2026-09-01T08:00:00Z,desert-sunlight,550.0,0.0,0.0,0.0,0.0,0.0,8.81,5.82,13.07,46.7
2026-09-01T09:00:00Z,desert-sunlight,550.0,0.0,0.0,0.0,0.0,0.0,6.76,4.46,11.26,26.6
2026-09-01T10:00:00Z,desert-sunlight,550.0,0.0,0.0,0.0,0.0,0.0,9.15,6.05,7.74,38.3
2026-09-01T11:00:00Z,desert-sunlight,550.0,0.0,0.0,0.0,0.0,0.0,1.04,0.69,11.2,62.2
2026-09-01T12:00:00Z,desert-sunlight,550.0,0.0,0.0,0.0,0.0,0.0,6.78,4.48,13.3,25.3
2026-09-01T13:00:00Z,desert-sunlight,550.0,0.0,0.0,0.0,0.0,0.0,5.3,3.5,10.32,10.6
2026-09-01T14:00:00Z,desert-sunlight,550.0,21.68,21.68,0.0,39.96,17.9,3.94,2.61,11.3,62.7
2026-09-01T15:00:00Z,desert-sunlight,550.0,156.63,156.63,0.0,286.89,201.25,4.75,3.14,17.81,14.4
2026-09-01T16:00:00Z,desert-sunlight,550.0,242.1,242.1,0.0,447.81,342.81,12.6,8.32,19.14,23.8
2026-09-01T17:00:00Z,desert-sunlight,550.0,239.42,239.42,0.0,448.3,335.03,6.85,4.52,21.99,51.1
2026-09-01T18:00:00Z,desert-sunlight,550.0,212.82,212.82,0.0,400.18,274.23,7.43,4.91,23.83,71.1
2026-09-01T19:00:00Z,desert-sunlight,550.0,354.55,354.55,0.0,716.21,599.32,4.84,3.2,26.41,34.2
2026-09-01T20:00:00Z,desert-sunlight,550.0,411.65,411.65,0.0,864.94,756.35,7.3,4.83,27.62,17.5
2026-09-01T21:00:00Z,desert-sunlight,550.0,389.15,389.15,0.0,789.36,676.85,6.14,4.06,29.77,23.6
2026-09-01T22:00:00Z,desert-sunlight,550.0,347.76,347.76,0.0,712.44,598.53,7.55,4.99,30.35,23.5
2026-09-01T23:00:00Z,desert-sunlight,550.0,214.58,214.58,0.0,411.51,299.61,3.18,2.1,29.14,55.6
2026-09-02T00:00:00Z,desert-sunlight,550.0,216.34,216.34,0.0,428.58,325.24,3.59,2.37,30.96,23.6
2026-09-02T01:00:00Z,desert-sunlight,550.0,128.18,128.18,0.0,240.43,162.51,6.7,4.43,28.45,24.1
2026-09-02T02:00:00Z,desert-sunlight,550.0,17.63,17.63,0.0,34.22,15.54,10.47,6.91,28.92,38.1
2026-09-02T03:00:00Z,desert-sunlight,550.0,0.0,0.0,0.0,0.0,0.0,6.54,4.32,24.31,35.7
2026-09-02T04:00:00Z,desert-sunlight,550.0,0.0,0.0,0.0,0.0,0.0,8.0,5.29,21.1,37.5
2026-09-02T05:00:00Z,desert-sunlight,550.0,0.0,0.0,0.0,0.0,0.0,6.36,4.2,21.62,0.0
2026-09-02T06:00:00Z,desert-sunlight,550.0,0.0,0.0,0.0,0.0,0.0,6.25,4.13,15.59,20.8
2026-09-02T07:00:00Z,desert-sunlight,550.0,0.0,0.0,0.0,0.0,0.0,9.23,6.1,13.22,13.8
2026-09-02T08:00:00Z,desert-sunlight,550.0,0.0,0.0,0.0,0.0,0.0,8.24,5.45,12.71,33.7
2026-09-02T09:00:00Z,desert-sunlight,550.0,0.0,0.0,0.0,0.0,0.0,9.17,6.06,10.62,32.4
2026-09-02T10:00:00Z,desert-sunlight,550.0,0.0,0.0,0.0,0.0,0.0,7.6,5.02,12.45,34.3
2026-09-02T11:00:00Z,desert-sunlight,550.0,0.0,0.0,0.0,0.0,0.0,6.67,4.41,10.22,19.2
2026-09-02T12:00:00Z,desert-sunlight,550.0,0.0,0.0,0.0,0.0,0.0,2.17,1.44,9.96,16.0
2026-09-02T13:00:00Z,desert-sunlight,550.0,0.0,0.0,0.0,0.0,0.0,9.14,6.04,11.88,20.0
2026-09-02T14:00:00Z,desert-sunlight,550.0,35.0,35.0,0.0,62.27,32.11,8.55,5.65,9.79,25.1
2026-09-02T15:00:00Z,desert-sunlight,550.0,150.46,150.46,0.0,270.61,187.44,8.92,5.9,16.63,21.0
2026-09-02T16:00:00Z,desert-sunlight,550.0,290.71,290.71,0.0,547.94,437.24,2.3,1.52,21.35,0.0
2026-09-02T17:00:00Z,desert-sunlight,550.0,328.43,328.43,0.0,646.57,533.52,4.58,3.03,22.28,16.2
2026-09-02T18:00:00Z,desert-sunlight,550.0,410.92,410.92,0.0,883.16,775.33,1.96,1.29,23.6,0.0
2026-09-02T19:00:00Z,desert-sunlight,550.0,373.15,373.15,0.0,736.35,620.62,2.12,1.4,26.14,31.5
2026-09-02T20:00:00Z,desert-sunlight,550.0,297.04,297.04,0.0,583.05,456.52,5.2,3.44,26.32,54.2
2026-09-02T21:00:00Z,desert-sunlight,550.0,319.92,319.92,0.0,660.45,540.71,3.71,2.45,30.76,41.0
2026-09-02T22:00:00Z,desert-sunlight,550.0,352.28,352.28,0.0,703.99,589.79,3.96,2.62,31.94,24.7
2026-09-02T23:00:00Z,desert-sunlight,550.0,301.22,301.22,0.0,610.32,497.57,1.83,1.21,30.22,19.7
2026-09-03T00:00:00Z,desert-sunlight,550.0,184.6,184.6,0.0,350.06,251.86,10.43,6.89,28.99,43.1
2026-09-03T01:00:00Z,desert-sunlight,550.0,89.52,89.52,0.0,170.93,104.59,3.19,2.11,28.88,54.7
2026-09-03T02:00:00Z,desert-sunlight,550.0,20.45,20.45,0.0,37.41,17.39,5.03,3.32,26.21,29.5
2026-09-03T03:00:00Z,desert-sunlight,550.0,0.0,0.0,0.0,0.0,0.0,6.89,4.55,23.0,39.1
2026-09-03T04:00:00Z,desert-sunlight,550.0,0.0,0.0,0.0,0.0,0.0,7.29,4.81,22.39,55.5
2026-09-03T05:00:00Z,desert-sunlight,550.0,0.0,0.0,0.0,0.0,0.0,2.78,1.84,20.2,39.7
2026-09-03T06:00:00Z,desert-sunlight,550.0,0.0,0.0,0.0,0.0,0.0,8.22,5.43,16.65,50.2
2026-09-03T07:00:00Z,desert-sunlight,550.0,0.0,0.0,0.0,0.0,0.0,2.55,1.69,15.66,41.6
2026-09-03T08:00:00Z,desert-sunlight,550.0,0.0,0.0,0.0,0.0,0.0,4.99,3.3,10.23,39.3
2026-09-03T09:00:00Z,desert-sunlight,550.0,0.0,0.0,0.0,0.0,0.0,3.57,2.36,14.57,15.9
2026-09-03T10:00:00Z,desert-sunlight,550.0,0.0,0.0,0.0,0.0,0.0,1.3,0.86,10.1,30.9
2026-09-03T11:00:00Z,desert-sunlight,550.0,0.0,0.0,0.0,0.0,0.0,5.65,3.73,8.57,19.8
2026-09-03T12:00:00Z,desert-sunlight,550.0,0.0,0.0,0.0,0.0,0.0,4.39,2.9,10.01,53.7
2026-09-03T13:00:00Z,desert-sunlight,550.0,0.0,0.0,0.0,0.0,0.0,9.77,6.46,12.79,8.4
2026-09-03T14:00:00Z,desert-sunlight,550.0,32.58,32.58,0.0,60.39,30.92,14.11,9.32,12.23,28.3
2026-09-03T15:00:00Z,desert-sunlight,550.0,140.18,140.18,0.0,254.81,174.04,10.34,6.83,14.31,27.3
2026-09-03T16:00:00Z,desert-sunlight,550.0,239.53,239.53,0.0,464.35,358.41,5.47,3.61,17.16,19.8
2026-09-03T17:00:00Z,desert-sunlight,550.0,245.55,245.55,0.0,463.76,350.51,6.03,3.99,20.91,48.4
2026-09-03T18:00:00Z,desert-sunlight,550.0,330.58,330.58,0.0,635.59,518.47,11.46,7.57,24.3,36.4
2026-09-03T19:00:00Z,desert-sunlight,550.0,445.26,445.26,0.0,932.79,828.38,5.06,3.34,23.58,5.3
2026-09-03T20:00:00Z,desert-sunlight,550.0,397.98,397.98,0.0,829.14,718.27,6.88,4.55,27.39,22.2
2026-09-03T21:00:00Z,desert-sunlight,550.0,272.02,272.02,0.0,577.59,453.2,6.08,4.02,31.47,52.2
2026-09-03T22:00:00Z,desert-sunlight,550.0,316.34,316.34,0.0,639.51,523.09,6.45,4.26,31.03,34.4
2026-09-03T23:00:00Z,desert-sunlight,550.0,283.56,283.56,0.0,573.28,460.69,6.38,4.21,29.2,26.4
2026-09-04T00:00:00Z,desert-sunlight,550.0,145.58,145.58,0.0,275.26,181.96,3.58,2.36,29.09,61.7
2026-09-04T01:00:00Z,desert-sunlight,550.0,116.76,116.76,0.0,223.99,148.81,7.43,4.91,28.2,31.4
2026-09-04T02:00:00Z,desert-sunlight,550.0,18.85,18.85,0.0,35.73,16.42,4.57,3.02,26.83,34.0
2026-09-04T03:00:00Z,desert-sunlight,550.0,0.0,0.0,0.0,0.0,0.0,11.35,7.5,25.86,44.9
2026-09-04T04:00:00Z,desert-sunlight,550.0,0.0,0.0,0.0,0.0,0.0,1.38,0.91,22.12,39.5
2026-09-04T05:00:00Z,desert-sunlight,550.0,0.0,0.0,0.0,0.0,0.0,10.15,6.71,17.07,38.2
2026-09-04T06:00:00Z,desert-sunlight,550.0,0.0,0.0,0.0,0.0,0.0,14.25,9.41,18.74,41.7
2026-09-04T07:00:00Z,desert-sunlight,550.0,0.0,0.0,0.0,0.0,0.0,3.43,2.27,13.52,14.2
2026-09-04T08:00:00Z,desert-sunlight,550.0,0.0,0.0,0.0,0.0,0.0,8.91,5.89,12.24,0.0
2026-09-04T09:00:00Z,desert-sunlight,550.0,0.0,0.0,0.0,0.0,0.0,3.94,2.6,8.81,62.9
2026-09-04T10:00:00Z,desert-sunlight,550.0,0.0,0.0,0.0,0.0,0.0,5.21,3.44,9.92,34.1
2026-09-04T11:00:00Z,desert-sunlight,550.0,0.0,0.0,0.0,0.0,0.0,1.0,0.66,13.03,40.5
2026-09-04T12:00:00Z,desert-sunlight,550.0,0.0,0.0,0.0,0.0,0.0,6.3,4.16,7.6,63.8
2026-09-04T13:00:00Z,desert-sunlight,550.0,0.0,0.0,0.0,0.0,0.0,7.94,5.25,11.66,23.6
2026-09-04T14:00:00Z,desert-sunlight,550.0,23.09,23.09,0.0,42.4,19.45,6.02,3.98,11.66,58.6
2026-09-04T15:00:00Z,desert-sunlight,550.0,126.27,126.27,0.0,226.75,150.24,2.56,1.69,18.94,38.6
2026-09-04T16:00:00Z,desert-sunlight,550.0,228.56,228.56,0.0,424.09,320.44,3.59,2.37,21.08,29.4
2026-09-04T17:00:00Z,desert-sunlight,550.0,341.97,341.97,0.0,632.31,519.24,11.25,7.43,18.91,18.7
2026-09-04T18:00:00Z,desert-sunlight,550.0,367.15,367.15,0.0,726.98,613.3,7.98,5.27,21.84,23.0
2026-09-04T19:00:00Z,desert-sunlight,550.0,465.39,465.39,0.0,972.07,869.92,3.04,2.01,26.79,0.0
2026-09-04T20:00:00Z,desert-sunlight,550.0,390.3,390.3,0.0,759.69,644.4,9.07,6.0,27.0,31.2
2026-09-04T21:00:00Z,desert-sunlight,550.0,341.06,341.06,0.0,685.42,567.08,12.01,7.94,30.19,37.7
2026-09-04T22:00:00Z,desert-sunlight,550.0,291.41,291.41,0.0,579.9,461.45,8.5,5.61,28.66,43.3
2026-09-04T23:00:00Z,desert-sunlight,550.0,284.71,284.71,0.0,581.18,468.55,2.81,1.85,27.53,24.9
2026-09-05T00:00:00Z,desert-sunlight,550.0,254.03,254.03,0.0,505.16,396.81,2.91,1.92,28.32,4.6
2026-09-05T01:00:00Z,desert-sunlight,550.0,152.66,152.66,0.0,284.03,198.85,13.87,9.17,26.38,5.0
2026-09-05T02:00:00Z,desert-sunlight,550.0,22.14,22.14,0.0,41.16,19.57,2.91,1.93,27.02,19.5
2026-09-05T03:00:00Z,desert-sunlight,550.0,0.0,0.0,0.0,0.0,0.0,13.33,8.81,23.16,27.7
2026-09-05T04:00:00Z,desert-sunlight,550.0,0.0,0.0,0.0,0.0,0.0,0.76,0.5,23.16,19.4
2026-09-05T05:00:00Z,desert-sunlight,550.0,0.0,0.0,0.0,0.0,0.0,6.01,3.97,19.55,0.0
2026-09-05T06:00:00Z,desert-sunlight,550.0,0.0,0.0,0.0,0.0,0.0,8.24,5.45,14.82,39.4
2026-09-05T07:00:00Z,desert-sunlight,550.0,0.0,0.0,0.0,0.0,0.0,8.08,5.34,14.83,30.1
2026-09-05T08:00:00Z,desert-sunlight,550.0,0.0,0.0,0.0,0.0,0.0,4.14,2.74,11.6,41.1
2026-09-05T09:00:00Z,desert-sunlight,550.0,0.0,0.0,0.0,0.0,0.0,9.13,6.03,13.43,32.7
2026-09-05T10:00:00Z,desert-sunlight,550.0,0.0,0.0,0.0,0.0,0.0,5.61,3.71,7.26,0.0
2026-09-05T11:00:00Z,desert-sunlight,550.0,0.0,0.0,0.0,0.0,0.0,6.1,4.03,9.44,2.0
2026-09-05T12:00:00Z,desert-sunlight,550.0,0.0,0.0,0.0,0.0,0.0,6.42,4.24,8.69,18.6
2026-09-05T13:00:00Z,desert-sunlight,550.0,0.0,0.0,0.0,0.0,0.0,3.88,2.57,13.78,17.8
2026-09-05T14:00:00Z,desert-sunlight,550.0,31.81,31.81,0.0,57.26,28.92,1.84,1.21,15.38,33.5
2026-09-05T15:00:00Z,desert-sunlight,550.0,154.77,154.77,0.0,287.57,201.83,6.05,3.99,14.42,14.1
2026-09-05T16:00:00Z,desert-sunlight,550.0,235.3,235.3,0.0,433.44,329.26,7.64,5.05,17.3,27.2
2026-09-05T17:00:00Z,desert-sunlight,550.0,375.68,375.68,0.0,738.76,625.81,4.99,3.3,20.99,0.0
2026-09-05T18:00:00Z,desert-sunlight,550.0,375.32,375.32,0.0,766.08,653.86,8.14,5.38,21.67,17.2
2026-09-05T19:00:00Z,desert-sunlight,550.0,319.37,319.37,0.0,634.58,512.98,6.25,4.13,27.58,45.1
2026-09-05T20:00:00Z,desert-sunlight,550.0,389.07,389.07,0.0,809.53,697.42,3.23,2.14,25.11,24.7
2026-09-05T21:00:00Z,desert-sunlight,550.0,326.53,326.53,0.0,677.26,558.46,6.86,4.54,30.49,38.8
2026-09-05T22:00:00Z,desert-sunlight,550.0,406.74,406.74,0.0,869.27,760.73,9.16,6.05,29.94,0.0
2026-09-05T23:00:00Z,desert-sunlight,550.0,317.27,317.27,0.0,625.87,513.05,4.72,3.12,31.79,16.8
2026-09-06T00:00:00Z,desert-sunlight,550.0,188.31,188.31,0.0,353.46,255.04,13.28,8.77,30.79,42.2
2026-09-06T01:00:00Z,desert-sunlight,550.0,147.47,147.47,0.0,281.25,196.53,3.31,2.19,29.1,6.2
2026-09-06T02:00:00Z,desert-sunlight,550.0,26.45,26.45,0.0,48.06,23.57,2.46,1.63,27.44,0.9
2026-09-06T03:00:00Z,desert-sunlight,550.0,0.0,0.0,0.0,0.0,0.0,5.95,3.93,26.57,40.3
2026-09-06T04:00:00Z,desert-sunlight,550.0,0.0,0.0,0.0,0.0,0.0,3.64,2.4,24.14,36.8
2026-09-06T05:00:00Z,desert-sunlight,550.0,0.0,0.0,0.0,0.0,0.0,11.59,7.66,20.09,28.3
2026-09-06T06:00:00Z,desert-sunlight,550.0,0.0,0.0,0.0,0.0,0.0,5.33,3.52,13.87,20.1
2026-09-06T07:00:00Z,desert-sunlight,550.0,0.0,0.0,0.0,0.0,0.0,6.92,4.57,14.21,12.8
2026-09-06T08:00:00Z,desert-sunlight,550.0,0.0,0.0,0.0,0.0,0.0,3.29,2.18,15.23,59.0
2026-09-06T09:00:00Z,desert-sunlight,550.0,0.0,0.0,0.0,0.0,0.0,9.1,6.01,10.0,27.4
2026-09-06T10:00:00Z,desert-sunlight,550.0,0.0,0.0,0.0,0.0,0.0,4.56,3.01,11.47,34.4
2026-09-06T11:00:00Z,desert-sunlight,550.0,0.0,0.0,0.0,0.0,0.0,10.0,6.61,9.04,19.4
2026-09-06T12:00:00Z,desert-sunlight,550.0,0.0,0.0,0.0,0.0,0.0,7.46,4.93,9.55,26.5
2026-09-06T13:00:00Z,desert-sunlight,550.0,0.0,0.0,0.0,0.0,0.0,7.05,4.66,13.06,9.2
2026-09-06T14:00:00Z,desert-sunlight,550.0,39.33,39.33,0.0,71.25,37.84,1.63,1.07,12.0,10.0
2026-09-06T15:00:00Z,desert-sunlight,550.0,154.79,154.79,0.0,278.97,194.53,8.2,5.42,14.37,17.6
2026-09-06T16:00:00Z,desert-sunlight,550.0,240.2,240.2,0.0,447.87,342.87,9.5,6.28,19.09,23.7
2026-09-06T17:00:00Z,desert-sunlight,550.0,324.0,324.0,0.0,628.81,515.74,0.99,0.65,21.34,19.3
2026-09-06T18:00:00Z,desert-sunlight,550.0,358.18,358.18,0.0,693.54,578.6,7.73,5.1,21.37,27.9
2026-09-06T19:00:00Z,desert-sunlight,550.0,411.61,411.61,0.0,860.56,751.98,2.9,1.92,24.24,14.9
2026-09-06T20:00:00Z,desert-sunlight,550.0,388.56,388.56,0.0,783.11,669.31,11.52,7.61,28.98,28.2
2026-09-06T21:00:00Z,desert-sunlight,550.0,447.46,447.46,0.0,927.76,823.01,4.56,3.01,28.44,5.0
2026-09-06T22:00:00Z,desert-sunlight,550.0,358.29,358.29,0.0,698.85,584.47,7.78,5.14,28.2,25.5
2026-09-06T23:00:00Z,desert-sunlight,550.0,254.57,254.57,0.0,516.74,404.38,6.68,4.42,30.9,36.6
2026-09-07T00:00:00Z,desert-sunlight,550.0,222.72,222.72,0.0,439.29,335.25,3.05,2.02,31.66,20.9
2026-09-07T01:00:00Z,desert-sunlight,550.0,151.69,151.69,0.0,295.28,208.22,4.1,2.71,28.71,0.0
2026-09-07T02:00:00Z,desert-sunlight,550.0,14.43,14.43,0.0,25.89,10.71,1.7,1.12,27.35,60.5
2026-09-07T03:00:00Z,desert-sunlight,550.0,0.0,0.0,0.0,0.0,0.0,8.64,5.71,26.72,54.5
2026-09-07T04:00:00Z,desert-sunlight,550.0,0.0,0.0,0.0,0.0,0.0,8.08,5.34,20.88,42.5
2026-09-07T05:00:00Z,desert-sunlight,550.0,0.0,0.0,0.0,0.0,0.0,7.17,4.74,17.95,22.8
2026-09-07T06:00:00Z,desert-sunlight,550.0,0.0,0.0,0.0,0.0,0.0,2.14,1.41,17.71,31.1
2026-09-07T07:00:00Z,desert-sunlight,550.0,0.0,0.0,0.0,0.0,0.0,7.38,4.88,16.63,28.1
2026-09-07T08:00:00Z,desert-sunlight,550.0,0.0,0.0,0.0,0.0,0.0,1.84,1.22,15.02,3.2
2026-09-07T09:00:00Z,desert-sunlight,550.0,0.0,0.0,0.0,0.0,0.0,4.48,2.96,12.63,20.1
2026-09-07T10:00:00Z,desert-sunlight,550.0,0.0,0.0,0.0,0.0,0.0,12.55,8.29,9.42,50.5
2026-09-07T11:00:00Z,desert-sunlight,550.0,0.0,0.0,0.0,0.0,0.0,13.2,8.72,10.62,36.6
2026-09-07T12:00:00Z,desert-sunlight,550.0,0.0,0.0,0.0,0.0,0.0,10.09,6.67,8.7,51.5
2026-09-07T13:00:00Z,desert-sunlight,550.0,0.0,0.0,0.0,0.0,0.0,6.55,4.33,13.49,36.3
2026-09-07T14:00:00Z,desert-sunlight,550.0,34.92,34.92,0.0,67.74,35.6,14.67,9.69,13.35,15.9
2026-09-07T15:00:00Z,desert-sunlight,550.0,184.95,184.95,0.0,322.69,231.62,10.01,6.61,13.22,0.0
2026-09-07T16:00:00Z,desert-sunlight,550.0,264.59,264.59,0.0,494.15,386.52,8.02,5.3,16.28,12.8
2026-09-07T17:00:00Z,desert-sunlight,550.0,302.14,302.14,0.0,586.42,473.3,6.77,4.48,20.23,26.8
2026-09-07T18:00:00Z,desert-sunlight,550.0,357.48,357.48,0.0,725.77,612.04,1.65,1.09,24.01,23.2
2026-09-07T19:00:00Z,desert-sunlight,550.0,336.5,336.5,0.0,671.43,551.96,2.47,1.63,26.46,40.2
2026-09-07T20:00:00Z,desert-sunlight,550.0,456.32,456.32,0.0,942.58,838.92,1.88,1.25,26.26,7.5
2026-09-07T21:00:00Z,desert-sunlight,550.0,372.24,372.24,0.0,762.47,648.45,6.13,4.05,28.37,27.3
2026-09-07T22:00:00Z,desert-sunlight,550.0,322.11,322.11,0.0,659.15,543.41,1.89,1.25,31.58,31.4
2026-09-07T23:00:00Z,desert-sunlight,550.0,248.17,248.17,0.0,493.66,381.41,15.89,10.5,28.1,40.7
2026-09-08T00:00:00Z,desert-sunlight,550.0,268.83,268.83,0.0,520.08,410.75,12.67,8.37,29.97,0.9
2026-09-08T01:00:00Z,desert-sunlight,550.0,127.6,127.6,0.0,242.35,164.11,8.51,5.62,27.51,23.3
2026-09-08T02:00:00Z,desert-sunlight,550.0,18.99,18.99,0.0,34.85,15.91,6.26,4.13,25.03,36.4
2026-09-08T03:00:00Z,desert-sunlight,550.0,0.0,0.0,0.0,0.0,0.0,8.4,5.55,26.35,10.4
2026-09-08T04:00:00Z,desert-sunlight,550.0,0.0,0.0,0.0,0.0,0.0,6.69,4.42,21.0,23.4
2026-09-08T05:00:00Z,desert-sunlight,550.0,0.0,0.0,0.0,0.0,0.0,6.67,4.41,19.78,27.7
2026-09-08T06:00:00Z,desert-sunlight,550.0,0.0,0.0,0.0,0.0,0.0,12.17,8.04,17.0,38.4
2026-09-08T07:00:00Z,desert-sunlight,550.0,0.0,0.0,0.0,0.0,0.0,10.35,6.84,12.9,3.4
2026-09-08T08:00:00Z,desert-sunlight,550.0,0.0,0.0,0.0,0.0,0.0,5.21,3.44,12.63,30.0
2026-09-08T09:00:00Z,desert-sunlight,550.0,0.0,0.0,0.0,0.0,0.0,6.4,4.23,11.23,41.6
2026-09-08T10:00:00Z,desert-sunlight,550.0,0.0,0.0,0.0,0.0,0.0,10.32,6.82,8.56,42.6
2026-09-08T11:00:00Z,desert-sunlight,550.0,0.0,0.0,0.0,0.0,0.0,3.37,2.23,11.24,13.6
2026-09-08T12:00:00Z,desert-sunlight,550.0,0.0,0.0,0.0,0.0,0.0,6.36,4.2,9.36,18.1
2026-09-08T13:00:00Z,desert-sunlight,550.0,0.0,0.0,0.0,0.0,0.0,8.52,5.63,11.48,35.3
2026-09-08T14:00:00Z,desert-sunlight,550.0,40.66,40.66,0.0,74.82,40.11,9.43,6.23,13.13,4.0
2026-09-08T15:00:00Z,desert-sunlight,550.0,106.62,106.62,0.0,197.12,125.11,6.05,3.99,15.85,50.6
2026-09-08T16:00:00Z,desert-sunlight,550.0,277.21,277.21,0.0,547.94,437.24,4.27,2.82,17.08,0.0
2026-09-08T17:00:00Z,desert-sunlight,550.0,313.51,313.51,0.0,584.97,471.85,9.34,6.17,19.59,27.1
2026-09-08T18:00:00Z,desert-sunlight,550.0,311.87,311.87,0.0,616.76,498.93,12.57,8.3,22.95,39.2
2026-09-08T19:00:00Z,desert-sunlight,550.0,378.19,378.19,0.0,770.68,656.93,4.8,3.17,26.3,26.9
2026-09-08T20:00:00Z,desert-sunlight,550.0,371.91,371.91,0.0,742.43,626.05,6.27,4.14,26.77,33.5
2026-09-08T21:00:00Z,desert-sunlight,550.0,189.11,189.11,0.0,375.0,239.25,3.26,2.15,29.76,79.5
2026-09-08T22:00:00Z,desert-sunlight,550.0,396.36,396.36,0.0,802.05,691.2,1.3,0.86,30.47,10.1
2026-09-08T23:00:00Z,desert-sunlight,550.0,245.34,245.34,0.0,464.19,352.07,3.93,2.59,28.79,46.1
2026-09-09T00:00:00Z,desert-sunlight,550.0,192.71,192.71,0.0,378.17,278.13,13.02,8.6,29.57,36.1
2026-09-09T01:00:00Z,desert-sunlight,550.0,73.09,73.09,0.0,137.28,76.55,10.5,6.94,29.3,69.6
2026-09-09T02:00:00Z,desert-sunlight,550.0,23.45,23.45,0.0,43.2,20.75,3.45,2.28,28.68,14.0
2026-09-09T03:00:00Z,desert-sunlight,550.0,0.0,0.0,0.0,0.0,0.0,5.79,3.83,22.69,39.3
2026-09-09T04:00:00Z,desert-sunlight,550.0,0.0,0.0,0.0,0.0,0.0,4.56,3.01,23.08,14.1
2026-09-09T05:00:00Z,desert-sunlight,550.0,0.0,0.0,0.0,0.0,0.0,5.25,3.47,19.19,10.2
2026-09-09T06:00:00Z,desert-sunlight,550.0,0.0,0.0,0.0,0.0,0.0,12.25,8.09,13.75,15.2
2026-09-09T07:00:00Z,desert-sunlight,550.0,0.0,0.0,0.0,0.0,0.0,3.31,2.19,12.9,10.6
2026-09-09T08:00:00Z,desert-sunlight,550.0,0.0,0.0,0.0,0.0,0.0,3.17,2.1,13.52,41.1
2026-09-09T09:00:00Z,desert-sunlight,550.0,0.0,0.0,0.0,0.0,0.0,12.43,8.21,12.63,31.7
2026-09-09T10:00:00Z,desert-sunlight,550.0,0.0,0.0,0.0,0.0,0.0,7.55,4.99,12.92,57.4
2026-09-09T11:00:00Z,desert-sunlight,550.0,0.0,0.0,0.0,0.0,0.0,12.34,8.15,8.56,45.3
2026-09-09T12:00:00Z,desert-sunlight,550.0,0.0,0.0,0.0,0.0,0.0,3.54,2.34,12.33,24.1
2026-09-09T13:00:00Z,desert-sunlight,550.0,0.0,0.0,0.0,0.0,0.0,5.07,3.35,10.15,11.2
2026-09-09T14:00:00Z,desert-sunlight,550.0,33.49,33.49,0.0,59.97,30.65,3.92,2.59,12.47,29.0
2026-09-09T15:00:00Z,desert-sunlight,550.0,115.78,115.78,0.0,202.27,129.47,7.97,5.27,15.76,48.5
2026-09-09T16:00:00Z,desert-sunlight,550.0,249.01,249.01,0.0,458.09,352.51,15.02,9.92,17.17,21.3
2026-09-09T17:00:00Z,desert-sunlight,550.0,293.55,293.55,0.0,540.05,426.88,7.9,5.22,23.28,35.0
2026-09-09T18:00:00Z,desert-sunlight,550.0,344.78,344.78,0.0,660.5,544.32,0.76,0.5,20.96,32.8
2026-09-09T19:00:00Z,desert-sunlight,550.0,411.47,411.47,0.0,872.78,764.91,5.66,3.74,27.87,13.3
2026-09-09T20:00:00Z,desert-sunlight,550.0,391.97,391.97,0.0,786.64,673.07,7.89,5.21,27.64,27.7
2026-09-09T21:00:00Z,desert-sunlight,550.0,325.64,325.64,0.0,637.98,516.98,14.34,9.47,28.79,44.0
2026-09-09T22:00:00Z,desert-sunlight,550.0,405.39,405.39,0.0,834.68,724.95,10.17,6.72,27.96,5.2
2026-09-09T23:00:00Z,desert-sunlight,550.0,286.4,286.4,0.0,579.26,466.64,5.41,3.58,30.07,25.3
2026-09-10T00:00:00Z,desert-sunlight,550.0,192.95,192.95,0.0,364.0,264.89,4.92,3.25,30.1,39.6
2026-09-10T01:00:00Z,desert-sunlight,550.0,99.21,99.21,0.0,194.76,124.45,3.94,2.6,29.7,44.3
2026-09-10T02:00:00Z,desert-sunlight,550.0,21.08,21.08,0.0,38.97,18.3,6.49,4.29,26.36,25.3
2026-09-10T03:00:00Z,desert-sunlight,550.0,0.0,0.0,0.0,0.0,0.0,6.81,4.5,24.54,9.0
2026-09-10T04:00:00Z,desert-sunlight,550.0,0.0,0.0,0.0,0.0,0.0,4.85,3.2,22.51,26.6
2026-09-10T05:00:00Z,desert-sunlight,550.0,0.0,0.0,0.0,0.0,0.0,2.9,1.91,19.46,48.6
2026-09-10T06:00:00Z,desert-sunlight,550.0,0.0,0.0,0.0,0.0,0.0,5.76,3.81,18.14,15.4
2026-09-10T07:00:00Z,desert-sunlight,550.0,0.0,0.0,0.0,0.0,0.0,11.39,7.53,16.71,21.9
2026-09-10T08:00:00Z,desert-sunlight,550.0,0.0,0.0,0.0,0.0,0.0,8.36,5.52,13.04,58.4
2026-09-10T09:00:00Z,desert-sunlight,550.0,0.0,0.0,0.0,0.0,0.0,2.62,1.73,10.61,27.1
2026-09-10T10:00:00Z,desert-sunlight,550.0,0.0,0.0,0.0,0.0,0.0,10.62,7.02,10.42,20.2
2026-09-10T11:00:00Z,desert-sunlight,550.0,0.0,0.0,0.0,0.0,0.0,9.62,6.36,8.09,6.8
2026-09-10T12:00:00Z,desert-sunlight,550.0,0.0,0.0,0.0,0.0,0.0,3.43,2.26,9.81,10.0
2026-09-10T13:00:00Z,desert-sunlight,550.0,0.0,0.0,0.0,0.0,0.0,8.58,5.67,13.46,27.4
2026-09-10T14:00:00Z,desert-sunlight,550.0,21.18,21.18,0.0,37.79,16.52,4.95,3.27,15.08,66.3
2026-09-10T15:00:00Z,desert-sunlight,550.0,118.09,118.09,0.0,216.79,141.79,6.64,4.39,15.61,42.7
2026-09-10T16:00:00Z,desert-sunlight,550.0,219.09,219.09,0.0,391.75,289.94,1.3,0.86,19.83,37.1
2026-09-10T17:00:00Z,desert-sunlight,550.0,258.25,258.25,0.0,494.41,381.18,13.06,8.63,17.38,43.0
2026-09-10T18:00:00Z,desert-sunlight,550.0,309.74,309.74,0.0,633.93,516.75,4.32,2.85,24.2,36.7
2026-09-10T19:00:00Z,desert-sunlight,550.0,321.37,321.37,0.0,632.41,510.69,10.37,6.85,26.48,45.4
2026-09-10T20:00:00Z,desert-sunlight,550.0,423.42,423.42,0.0,859.3,750.35,8.48,5.6,28.52,18.3
2026-09-10T21:00:00Z,desert-sunlight,550.0,317.54,317.54,0.0,644.3,523.66,11.4,7.53,27.51,43.2
2026-09-10T22:00:00Z,desert-sunlight,550.0,326.52,326.52,0.0,676.71,561.57,6.3,4.16,30.2,28.8
2026-09-10T23:00:00Z,desert-sunlight,550.0,217.89,217.89,0.0,420.35,308.41,4.54,3.0,29.53,54.0
2026-09-11T00:00:00Z,desert-sunlight,550.0,232.53,232.53,0.0,475.8,369.37,5.59,3.7,31.38,11.9
2026-09-11T01:00:00Z,desert-sunlight,550.0,136.79,136.79,0.0,261.75,180.28,4.49,2.96,29.27,14.8
2026-09-11T02:00:00Z,desert-sunlight,550.0,25.83,25.83,0.0,48.4,23.77,11.91,7.87,26.63,0.0
2026-09-11T03:00:00Z,desert-sunlight,550.0,0.0,0.0,0.0,0.0,0.0,9.37,6.19,26.59,32.5
2026-09-11T04:00:00Z,desert-sunlight,550.0,0.0,0.0,0.0,0.0,0.0,11.68,7.72,20.76,13.3
2026-09-11T05:00:00Z,desert-sunlight,550.0,0.0,0.0,0.0,0.0,0.0,3.9,2.58,18.72,10.4
2026-09-11T06:00:00Z,desert-sunlight,550.0,0.0,0.0,0.0,0.0,0.0,2.09,1.38,16.37,26.3
2026-09-11T07:00:00Z,desert-sunlight,550.0,0.0,0.0,0.0,0.0,0.0,10.24,6.77,15.72,30.2
2026-09-11T08:00:00Z,desert-sunlight,550.0,0.0,0.0,0.0,0.0,0.0,10.43,6.89,9.51,27.0
2026-09-11T09:00:00Z,desert-sunlight,550.0,0.0,0.0,0.0,0.0,0.0,5.95,3.93,13.59,32.9
2026-09-11T10:00:00Z,desert-sunlight,550.0,0.0,0.0,0.0,0.0,0.0,9.85,6.51,9.2,18.5
2026-09-11T11:00:00Z,desert-sunlight,550.0,0.0,0.0,0.0,0.0,0.0,3.23,2.13,7.86,38.1
2026-09-11T12:00:00Z,desert-sunlight,550.0,0.0,0.0,0.0,0.0,0.0,11.82,7.81,10.17,30.0
2026-09-11T13:00:00Z,desert-sunlight,550.0,0.0,0.0,0.0,0.0,0.0,3.63,2.4,11.73,48.8
2026-09-11T14:00:00Z,desert-sunlight,550.0,29.25,29.25,0.0,52.3,25.76,6.57,4.34,13.52,41.9
2026-09-11T15:00:00Z,desert-sunlight,550.0,115.49,115.49,0.0,210.74,136.66,9.52,6.29,15.74,45.1
2026-09-11T16:00:00Z,desert-sunlight,550.0,207.91,207.91,0.0,398.01,295.85,1.41,0.93,17.0,35.6
2026-09-11T17:00:00Z,desert-sunlight,550.0,350.87,350.87,0.0,696.47,583.47,2.78,1.84,21.17,7.4
2026-09-11T18:00:00Z,desert-sunlight,550.0,344.23,344.23,0.0,679.16,563.68,4.03,2.66,24.25,30.0
2026-09-11T19:00:00Z,desert-sunlight,550.0,445.82,445.82,0.0,946.91,843.32,3.55,2.35,27.85,3.4
2026-09-11T20:00:00Z,desert-sunlight,550.0,290.43,290.43,0.0,547.12,418.3,1.74,1.15,26.68,58.9
2026-09-11T21:00:00Z,desert-sunlight,550.0,318.67,318.67,0.0,649.66,529.31,2.65,1.75,30.95,42.5
2026-09-11T22:00:00Z,desert-sunlight,550.0,360.61,360.61,0.0,712.85,598.95,6.81,4.5,28.03,23.4
2026-09-11T23:00:00Z,desert-sunlight,550.0,344.51,344.51,0.0,659.6,546.64,17.23,11.39,29.76,10.7
2026-09-12T00:00:00Z,desert-sunlight,550.0,211.71,211.71,0.0,411.31,309.1,5.7,3.76,30.21,27.9
2026-09-12T01:00:00Z,desert-sunlight,550.0,115.6,115.6,0.0,227.32,151.58,14.59,9.64,31.49,29.9
2026-09-12T02:00:00Z,desert-sunlight,550.0,24.3,24.3,0.0,43.07,20.68,11.64,7.69,27.07,14.3
2026-09-12T03:00:00Z,desert-sunlight,550.0,0.0,0.0,0.0,0.0,0.0,5.81,3.84,25.4,32.4
2026-09-12T04:00:00Z,desert-sunlight,550.0,0.0,0.0,0.0,0.0,0.0,8.73,5.77,24.47,31.2
2026-08-13T05:00:00Z,muppandal-wind,1500.0,174.12,0.0,174.12,816.95,706.61,7.17,4.73,21.67,7.4
2026-08-13T06:00:00Z,muppandal-wind,1500.0,71.82,0.0,71.82,736.91,621.5,6.03,3.99,26.36,30.6
2026-08-13T07:00:00Z,muppandal-wind,1500.0,1322.42,0.0,1322.42,868.39,760.02,11.11,7.34,28.74,17.1
2026-08-13T08:00:00Z,muppandal-wind,1500.0,16.31,0.0,16.31,631.28,509.41,4.88,3.23,30.19,45.7
2026-08-13T09:00:00Z,muppandal-wind,1500.0,185.97,0.0,185.97,602.21,483.71,7.25,4.79,29.31,41.6
2026-08-13T10:00:00Z,muppandal-wind,1500.0,0.0,0.0,0.0,599.58,486.39,2.14,1.42,33.49,25.0
2026-08-13T11:00:00Z,muppandal-wind,1500.0,420.6,0.0,420.6,260.25,165.53,8.62,5.69,30.61,68.8
2026-08-13T12:00:00Z,muppandal-wind,1500.0,0.0,0.0,0.0,193.18,121.45,2.58,1.71,28.77,53.5
2026-08-13T13:00:00Z,muppandal-wind,1500.0,228.66,0.0,228.66,69.03,36.38,7.57,5.0,26.06,21.8
2026-08-13T14:00:00Z,muppandal-wind,1500.0,1196.93,0.0,1196.93,0.0,0.0,10.94,7.23,22.51,12.0
2026-08-13T15:00:00Z,muppandal-wind,1500.0,439.92,0.0,439.92,0.0,0.0,8.57,5.66,22.03,6.3
2026-08-13T16:00:00Z,muppandal-wind,1500.0,51.31,0.0,51.31,0.0,0.0,5.71,3.77,20.7,38.8
2026-08-13T17:00:00Z,muppandal-wind,1500.0,0.0,0.0,0.0,0.0,0.0,1.9,1.25,18.89,45.0
2026-08-13T18:00:00Z,muppandal-wind,1500.0,222.99,0.0,222.99,0.0,0.0,7.53,4.97,12.04,41.8
2026-08-13T19:00:00Z,muppandal-wind,1500.0,1436.55,0.0,1436.55,0.0,0.0,13.47,8.9,14.12,26.0
2026-08-13T20:00:00Z,muppandal-wind,1500.0,1019.46,0.0,1019.46,0.0,0.0,10.41,6.88,11.49,52.6
2026-08-13T21:00:00Z,muppandal-wind,1500.0,0.0,0.0,0.0,0.0,0.0,1.85,1.23,11.24,9.2
2026-08-13T22:00:00Z,muppandal-wind,1500.0,1.76,0.0,1.76,0.0,0.0,3.91,2.58,9.77,42.1
2026-08-13T23:00:00Z,muppandal-wind,1500.0,1467.2,0.0,1467.2,0.0,0.0,11.53,7.62,10.0,23.4
2026-08-14T00:00:00Z,muppandal-wind,1500.0,835.16,0.0,835.16,0.0,0.0,10.01,6.61,13.29,46.9
2026-08-14T01:00:00Z,muppandal-wind,1500.0,579.3,0.0,579.3,37.78,17.67,9.21,6.08,13.66,14.8
2026-08-14T02:00:00Z,muppandal-wind,1500.0,6.27,0.0,6.27,191.77,122.21,4.37,2.89,17.63,44.0
2026-08-14T03:00:00Z,muppandal-wind,1500.0,1183.52,0.0,1183.52,384.68,284.38,10.89,7.19,19.74,33.6
2026-08-14T04:00:00Z,muppandal-wind,1500.0,895.1,0.0,895.1,547.52,435.17,10.14,6.7,19.14,30.5
2026-08-14T05:00:00Z,muppandal-wind,1500.0,1427.87,0.0,1427.87,866.4,757.72,12.02,7.94,24.94,0.0
2026-08-14T06:00:00Z,muppandal-wind,1500.0,372.7,0.0,372.7,866.37,758.18,8.23,5.44,25.96,13.1
2026-08-14T07:00:00Z,muppandal-wind,1500.0,0.46,0.0,0.46,523.76,393.47,3.59,2.37,26.65,61.9
2026-08-14T08:00:00Z,muppandal-wind,1500.0,18.92,0.0,18.92,709.62,592.29,4.95,3.27,30.18,35.2
2026-08-14T09:00:00Z,muppandal-wind,1500.0,26.0,0.0,26.0,676.48,560.81,5.17,3.41,29.37,30.7
2026-08-14T10:00:00Z,muppandal-wind,1500.0,1384.68,0.0,1384.68,492.42,378.99,11.25,7.43,30.47,43.8
2026-08-14T11:00:00Z,muppandal-wind,1500.0,244.41,0.0,244.41,452.71,347.35,7.7,5.09,29.67,23.5
2026-08-14T12:00:00Z,muppandal-wind,1500.0,1500.0,0.0,1500.0,321.0,230.25,12.04,7.95,30.1,2.8
2026-08-14T13:00:00Z,muppandal-wind,1500.0,1415.16,0.0,1415.16,63.97,33.11,16.34,10.8,28.75,29.7
2026-08-14T14:00:00Z,muppandal-wind,1500.0,1430.13,0.0,1430.13,0.0,0.0,12.83,8.48,23.48,31.0
2026-08-14T15:00:00Z,muppandal-wind,1500.0,557.67,0.0,557.67,0.0,0.0,9.18,6.07,21.19,34.3
2026-08-14T16:00:00Z,muppandal-wind,1500.0,1450.04,0.0,1450.04,0.0,0.0,12.1,8.0,21.47,43.3
2026-08-14T17:00:00Z,muppandal-wind,1500.0,1196.56,0.0,1196.56,0.0,0.0,10.84,7.16,21.2,31.6
2026-08-14T18:00:00Z,muppandal-wind,1500.0,1500.0,0.0,1500.0,0.0,0.0,12.53,8.28,16.12,25.7
2026-08-14T19:00:00Z,muppandal-wind,1500.0,358.52,0.0,358.52,0.0,0.0,8.24,5.45,16.5,11.4
2026-08-14T20:00:00Z,muppandal-wind,1500.0,958.76,0.0,958.76,0.0,0.0,10.26,6.78,11.42,26.6
2026-08-14T21:00:00Z,muppandal-wind,1500.0,646.66,0.0,646.66,0.0,0.0,9.38,6.2,6.97,11.9
2026-08-14T22:00:00Z,muppandal-wind,1500.0,1424.23,0.0,1424.23,0.0,0.0,18.91,12.49,8.06,16.0
2026-08-14T23:00:00Z,muppandal-wind,1500.0,39.12,0.0,39.12,0.0,0.0,5.56,3.67,9.56,50.5
2026-08-15T00:00:00Z,muppandal-wind,1500.0,1473.4,0.0,1473.4,0.0,0.0,11.65,7.7,9.32,14.1
2026-08-15T01:00:00Z,muppandal-wind,1500.0,1235.58,0.0,1235.58,32.4,14.63,10.98,7.25,14.22,31.2
2026-08-15T02:00:00Z,muppandal-wind,1500.0,0.17,0.0,0.17,212.83,139.69,3.41,2.25,14.59,34.5
2026-08-15T03:00:00Z,muppandal-wind,1500.0,1500.0,0.0,1500.0,406.76,304.98,15.98,10.56,16.87,28.1
2026-08-15T04:00:00Z,muppandal-wind,1500.0,333.29,0.0,333.29,307.59,196.53,8.02,5.3,18.69,74.1
2026-08-15T05:00:00Z,muppandal-wind,1500.0,46.42,0.0,46.42,627.38,510.67,5.67,3.75,23.68,35.9
2026-08-15T06:00:00Z,muppandal-wind,1500.0,1437.19,0.0,1437.19,492.01,362.96,15.8,10.44,24.54,63.6
2026-08-15T07:00:00Z,muppandal-wind,1500.0,486.15,0.0,486.15,821.18,709.8,8.91,5.89,29.1,23.2
2026-08-15T08:00:00Z,muppandal-wind,1500.0,0.98,0.0,0.98,645.1,524.04,3.74,2.47,28.78,43.8
2026-08-15T09:00:00Z,muppandal-wind,1500.0,0.0,0.0,0.0,859.4,750.71,2.36,1.56,30.96,3.9
2026-08-15T10:00:00Z,muppandal-wind,1500.0,1463.48,0.0,1463.48,624.39,511.25,13.45,8.89,33.01,20.7
2026-08-15T11:00:00Z,muppandal-wind,1500.0,1500.0,0.0,1500.0,502.19,394.09,15.52,10.26,31.35,11.9
2026-08-15T12:00:00Z,muppandal-wind,1500.0,547.25,0.0,547.25,287.65,201.86,9.03,5.97,27.91,16.0
2026-08-15T13:00:00Z,muppandal-wind,1500.0,836.41,0.0,836.41,75.48,40.55,9.97,6.59,25.82,11.7
2026-08-15T14:00:00Z,muppandal-wind,1500.0,687.18,0.0,687.18,0.0,0.0,9.64,6.37,24.43,27.0
2026-08-15T15:00:00Z,muppandal-wind,1500.0,1500.0,0.0,1500.0,0.0,0.0,15.55,10.27,22.03,27.4
2026-08-15T16:00:00Z,muppandal-wind,1500.0,1.31,0.0,1.31,0.0,0.0,3.81,2.52,16.61,29.7
2026-08-15T17:00:00Z,muppandal-wind,1500.0,1500.0,0.0,1500.0,0.0,0.0,14.06,9.29,19.54,21.5
2026-08-15T18:00:00Z,muppandal-wind,1500.0,0.38,0.0,0.38,0.0,0.0,3.55,2.34,16.34,0.0
2026-08-15T19:00:00Z,muppandal-wind,1500.0,1416.09,0.0,1416.09,0.0,0.0,11.96,7.9,12.6,26.8
2026-08-15T20:00:00Z,muppandal-wind,1500.0,65.64,0.0,65.64,0.0,0.0,6.01,3.97,10.46,9.7
2026-08-15T21:00:00Z,muppandal-wind,1500.0,702.93,0.0,702.93,0.0,0.0,9.55,6.31,9.27,43.3
2026-08-15T22:00:00Z,muppandal-wind,1500.0,34.09,0.0,34.09,0.0,0.0,5.39,3.56,8.26,15.6
2026-08-15T23:00:00Z,muppandal-wind,1500.0,1500.0,0.0,1500.0,0.0,0.0,19.27,12.73,11.74,22.0
2026-08-16T00:00:00Z,muppandal-wind,1500.0,346.79,0.0,346.79,0.0,0.0,8.19,5.41,12.29,35.8
2026-08-16T01:00:00Z,muppandal-wind,1500.0,1452.35,0.0,1452.35,35.59,16.43,12.09,7.99,10.85,21.5
2026-08-16T02:00:00Z,muppandal-wind,1500.0,802.26,0.0,802.26,263.45,181.71,9.81,6.48,16.7,11.8
2026-08-16T03:00:00Z,muppandal-wind,1500.0,1491.55,0.0,1491.55,412.76,310.58,14.5,9.58,17.72,26.5
2026-08-16T04:00:00Z,muppandal-wind,1500.0,0.12,0.0,0.12,591.84,479.25,3.37,2.23,20.29,22.4
2026-08-16T05:00:00Z,muppandal-wind,1500.0,364.56,0.0,364.56,667.89,552.54,8.33,5.5,24.31,29.8
2026-08-16T06:00:00Z,muppandal-wind,1500.0,1373.35,0.0,1373.35,920.15,814.96,11.27,7.45,25.07,5.8
2026-08-16T07:00:00Z,muppandal-wind,1500.0,621.1,0.0,621.1,957.23,854.51,9.36,6.19,24.78,5.5
2026-08-16T08:00:00Z,muppandal-wind,1500.0,1500.0,0.0,1500.0,852.67,743.63,12.6,8.33,29.24,16.1
2026-08-16T09:00:00Z,muppandal-wind,1500.0,14.47,0.0,14.47,542.55,421.77,4.8,3.17,29.94,50.4
2026-08-16T10:00:00Z,muppandal-wind,1500.0,178.85,0.0,178.85,510.62,397.23,7.21,4.77,31.31,40.6
2026-08-16T11:00:00Z,muppandal-wind,1500.0,1468.45,0.0,1468.45,355.19,255.21,15.04,9.94,28.08,46.5
2026-08-16T12:00:00Z,muppandal-wind,1500.0,1133.75,0.0,1133.75,218.37,142.89,10.77,7.12,27.67,43.5
2026-08-16T13:00:00Z,muppandal-wind,1500.0,1454.72,0.0,1454.72,62.09,31.89,17.75,11.72,28.19,32.7
2026-08-16T14:00:00Z,muppandal-wind,1500.0,1129.49,0.0,1129.49,0.0,0.0,10.78,7.12,24.68,3.7
2026-08-16T15:00:00Z,muppandal-wind,1500.0,1428.15,0.0,1428.15,0.0,0.0,19.84,13.11,19.84,28.6
2026-08-16T16:00:00Z,muppandal-wind,1500.0,1500.0,0.0,1500.0,0.0,0.0,19.7,13.01,19.41,14.9
2026-08-16T17:00:00Z,muppandal-wind,1500.0,14.93,0.0,14.93,0.0,0.0,4.82,3.19,19.74,48.0
2026-08-16T18:00:00Z,muppandal-wind,1500.0,131.94,0.0,131.94,0.0,0.0,6.8,4.5,12.89,7.2
2026-08-16T19:00:00Z,muppandal-wind,1500.0,178.07,0.0,178.07,0.0,0.0,7.26,4.8,16.37,36.1
2026-08-16T20:00:00Z,muppandal-wind,1500.0,0.0,0.0,0.0,0.0,0.0,3.01,1.99,11.17,24.2
2026-08-16T21:00:00Z,muppandal-wind,1500.0,1469.0,0.0,1469.0,0.0,0.0,16.74,11.06,11.34,33.9
2026-08-16T22:00:00Z,muppandal-wind,1500.0,100.26,0.0,100.26,0.0,0.0,6.45,4.26,7.67,43.5
2026-08-16T23:00:00Z,muppandal-wind,1500.0,0.0,0.0,0.0,0.0,0.0,1.86,1.23,14.87,45.7
2026-08-17T00:00:00Z,muppandal-wind,1500.0,1371.6,0.0,1371.6,0.0,0.0,13.57,8.96,13.38,10.9
2026-08-17T01:00:00Z,muppandal-wind,1500.0,1421.57,0.0,1421.57,40.34,19.12,13.62,9.0,11.58,7.0
2026-08-17T02:00:00Z,muppandal-wind,1500.0,890.24,0.0,890.24,208.24,135.88,10.11,6.68,14.1,36.6
2026-08-17T03:00:00Z,muppandal-wind,1500.0,1146.81,0.0,1146.81,321.57,225.52,10.76,7.11,15.82,49.4
2026-08-17T04:00:00Z,muppandal-wind,1500.0,1500.0,0.0,1500.0,505.83,393.7,13.13,8.68,19.73,38.0
2026-08-17T05:00:00Z,muppandal-wind,1500.0,474.92,0.0,474.92,723.52,610.03,8.9,5.88,21.75,21.4
2026-08-17T06:00:00Z,muppandal-wind,1500.0,1206.77,0.0,1206.77,789.54,677.06,10.95,7.23,23.63,23.5
2026-08-17T07:00:00Z,muppandal-wind,1500.0,1500.0,0.0,1500.0,490.48,358.08,14.99,9.9,28.33,66.2
2026-08-17T08:00:00Z,muppandal-wind,1500.0,534.98,0.0,534.98,796.44,684.14,9.13,6.03,29.52,23.6
2026-08-17T09:00:00Z,muppandal-wind,1500.0,354.34,0.0,354.34,699.86,585.08,8.26,5.46,32.17,27.3
2026-08-17T10:00:00Z,muppandal-wind,1500.0,377.34,0.0,377.34,742.64,629.76,8.31,5.49,29.45,0.0
2026-08-17T11:00:00Z,muppandal-wind,1500.0,1500.0,0.0,1500.0,463.44,357.48,19.0,12.55,29.39,21.0
2026-08-17T12:00:00Z,muppandal-wind,1500.0,965.32,0.0,965.32,214.59,139.68,10.36,6.84,27.65,45.0
2026-08-17T13:00:00Z,muppandal-wind,1500.0,1469.09,0.0,1469.09,82.93,45.36,11.67,7.71,25.18,0.0
2026-08-17T14:00:00Z,muppandal-wind,1500.0,1500.0,0.0,1500.0,0.0,0.0,15.77,10.42,25.8,23.5
2026-08-17T15:00:00Z,muppandal-wind,1500.0,1500.0,0.0,1500.0,0.0,0.0,14.06,9.29,22.69,25.6
2026-08-17T16:00:00Z,muppandal-wind,1500.0,1480.11,0.0,1480.11,0.0,0.0,14.16,9.36,19.39,26.8
2026-08-17T17:00:00Z,muppandal-wind,1500.0,1500.0,0.0,1500.0,0.0,0.0,11.54,7.63,17.86,49.8
2026-08-17T18:00:00Z,muppandal-wind,1500.0,0.21,0.0,0.21,0.0,0.0,3.44,2.27,15.55,35.0
2026-08-17T19:00:00Z,muppandal-wind,1500.0,213.97,0.0,213.97,0.0,0.0,7.43,4.91,11.66,50.9
2026-08-17T20:00:00Z,muppandal-wind,1500.0,0.0,0.0,0.0,0.0,0.0,1.6,1.06,9.82,20.6
2026-08-17T21:00:00Z,muppandal-wind,1500.0,1473.86,0.0,1473.86,0.0,0.0,14.0,9.25,11.6,35.9
2026-08-17T22:00:00Z,muppandal-wind,1500.0,75.89,0.0,75.89,0.0,0.0,6.14,4.06,8.93,22.8
2026-08-17T23:00:00Z,muppandal-wind,1500.0,1496.15,0.0,1496.15,0.0,0.0,11.74,7.76,11.36,28.9
2026-08-18T00:00:00Z,muppandal-wind,1500.0,1456.8,0.0,1456.8,0.0,0.0,12.04,7.95,11.05,34.5
2026-08-18T01:00:00Z,muppandal-wind,1500.0,1368.53,0.0,1368.53,36.03,16.68,11.21,7.4,12.1,20.1
2026-08-18T02:00:00Z,muppandal-wind,1500.0,314.83,0.0,314.83,289.75,203.55,7.92,5.24,12.96,0.0
2026-08-18T03:00:00Z,muppandal-wind,1500.0,237.98,0.0,237.98,364.47,265.54,7.57,5.0,21.09,38.6
2026-08-18T04:00:00Z,muppandal-wind,1500.0,1395.31,0.0,1395.31,610.6,497.9,17.41,11.5,21.35,19.0
2026-08-18T05:00:00Z,muppandal-wind,1500.0,98.96,0.0,98.96,766.72,654.68,6.49,4.29,23.47,15.0
2026-08-18T06:00:00Z,muppandal-wind,1500.0,807.8,0.0,807.8,743.22,628.17,9.93,6.56,27.61,29.7
2026-08-18T07:00:00Z,muppandal-wind,1500.0,40.26,0.0,40.26,666.1,544.87,5.55,3.67,26.82,43.4
2026-08-18T08:00:00Z,muppandal-wind,1500.0,0.0,0.0,0.0,560.24,434.26,2.19,1.45,30.86,55.2
2026-08-18T09:00:00Z,muppandal-wind,1500.0,2.57,0.0,2.57,811.91,701.41,4.03,2.67,29.31,10.9
2026-08-18T10:00:00Z,muppandal-wind,1500.0,2.08,0.0,2.08,679.88,566.87,3.96,2.62,31.91,11.0
2026-08-18T11:00:00Z,muppandal-wind,1500.0,604.12,0.0,604.12,511.12,402.52,9.25,6.11,30.34,9.8
2026-08-18T12:00:00Z,muppandal-wind,1500.0,817.84,0.0,817.84,287.06,201.37,9.96,6.58,26.81,16.3
2026-08-18T13:00:00Z,muppandal-wind,1500.0,527.19,0.0,527.19,80.75,43.95,9.02,5.96,27.13,3.4
2026-08-18T14:00:00Z,muppandal-wind,1500.0,1051.22,0.0,1051.22,0.0,0.0,10.59,7.0,23.63,38.7
2026-08-18T15:00:00Z,muppandal-wind,1500.0,74.76,0.0,74.76,0.0,0.0,6.14,4.06,23.17,61.0
2026-08-18T16:00:00Z,muppandal-wind,1500.0,1465.88,0.0,1465.88,0.0,0.0,18.28,12.08,24.56,49.4
2026-08-18T17:00:00Z,muppandal-wind,1500.0,492.56,0.0,492.56,0.0,0.0,8.82,5.83,18.99,29.7
2026-08-18T18:00:00Z,muppandal-wind,1500.0,0.0,0.0,0.0,0.0,0.0,2.98,1.97,13.13,27.3
2026-08-18T19:00:00Z,muppandal-wind,1500.0,0.69,0.0,0.69,0.0,0.0,3.66,2.42,12.72,12.6
2026-08-18T20:00:00Z,muppandal-wind,1500.0,126.75,0.0,126.75,0.0,0.0,6.72,4.44,12.54,47.4
2026-08-18T21:00:00Z,muppandal-wind,1500.0,64.7,0.0,64.7,0.0,0.0,6.02,3.98,9.48,37.5
2026-08-18T22:00:00Z,muppandal-wind,1500.0,1045.97,0.0,1045.97,0.0,0.0,10.5,6.94,9.68,47.7
2026-08-18T23:00:00Z,muppandal-wind,1500.0,68.18,0.0,68.18,0.0,0.0,6.0,3.96,11.25,58.4
2026-08-19T00:00:00Z,muppandal-wind,1500.0,20.31,0.0,20.31,0.0,0.0,5.02,3.32,14.27,23.5
2026-08-19T01:00:00Z,muppandal-wind,1500.0,393.8,0.0,393.8,38.83,18.26,8.37,5.53,12.27,11.6
2026-08-19T02:00:00Z,muppandal-wind,1500.0,380.63,0.0,380.63,283.73,198.55,8.37,5.53,15.12,2.7
2026-08-19T03:00:00Z,muppandal-wind,1500.0,20.86,0.0,20.86,514.58,405.55,5.04,3.33,17.84,1.0
2026-08-19T04:00:00Z,muppandal-wind,1500.0,1454.71,0.0,1454.71,624.05,511.28,11.9,7.86,21.38,16.5
2026-08-19T05:00:00Z,muppandal-wind,1500.0,100.18,0.0,100.18,789.15,677.87,6.41,4.24,23.8,11.6
2026-08-19T06:00:00Z,muppandal-wind,1500.0,1464.17,0.0,1464.17,656.43,536.54,14.33,9.47,26.24,41.4
2026-08-19T07:00:00Z,muppandal-wind,1500.0,1.18,0.0,1.18,725.76,608.32,3.78,2.5,29.42,35.6
2026-08-19T08:00:00Z,muppandal-wind,1500.0,1478.21,0.0,1478.21,863.76,755.36,13.33,8.8,28.11,14.6
2026-08-19T09:00:00Z,muppandal-wind,1500.0,60.23,0.0,60.23,736.14,622.74,5.93,3.91,30.27,22.0
2026-08-19T10:00:00Z,muppandal-wind,1500.0,464.43,0.0,464.43,694.71,581.73,8.7,5.75,28.36,8.4
2026-08-19T11:00:00Z,muppandal-wind,1500.0,0.0,0.0,0.0,478.83,372.01,1.55,1.02,26.47,17.4
2026-08-19T12:00:00Z,muppandal-wind,1500.0,1500.0,0.0,1500.0,276.45,192.33,14.58,9.63,28.56,20.5
2026-08-19T13:00:00Z,muppandal-wind,1500.0,1500.0,0.0,1500.0,63.03,32.5,16.88,11.15,27.53,31.2
2026-08-19T14:00:00Z,muppandal-wind,1500.0,368.36,0.0,368.36,0.0,0.0,8.3,5.48,24.35,13.5
2026-08-19T15:00:00Z,muppandal-wind,1500.0,950.89,0.0,950.89,0.0,0.0,10.32,6.82,24.17,25.3
2026-08-19T16:00:00Z,muppandal-wind,1500.0,1500.0,0.0,1500.0,0.0,0.0,13.83,9.13,19.24,0.9
2026-08-19T17:00:00Z,muppandal-wind,1500.0,962.57,0.0,962.57,0.0,0.0,10.24,6.77,20.27,0.0
2026-08-19T18:00:00Z,muppandal-wind,1500.0,1500.0,0.0,1500.0,0.0,0.0,13.4,8.85,16.35,29.7
2026-08-19T19:00:00Z,muppandal-wind,1500.0,908.02,0.0,908.02,0.0,0.0,10.1,6.67,12.27,8.2
2026-08-19T20:00:00Z,muppandal-wind,1500.0,0.08,0.0,0.08,0.0,0.0,3.33,2.2,12.64,37.0
2026-08-19T21:00:00Z,muppandal-wind,1500.0,1500.0,0.0,1500.0,0.0,0.0,16.61,10.98,11.35,30.7
2026-08-19T22:00:00Z,muppandal-wind,1500.0,1465.74,0.0,1465.74,0.0,0.0,14.92,9.86,10.22,15.5
2026-08-19T23:00:00Z,muppandal-wind,1500.0,1500.0,0.0,1500.0,0.0,0.0,12.06,7.97,13.15,29.9
2026-08-20T00:00:00Z,muppandal-wind,1500.0,0.0,0.0,0.0,0.0,0.0,1.59,1.05,10.67,39.5
2026-08-20T01:00:00Z,muppandal-wind,1500.0,578.2,0.0,578.2,24.36,10.07,9.14,6.04,14.03,55.7
2026-08-20T02:00:00Z,muppandal-wind,1500.0,6.77,0.0,6.77,209.81,137.18,4.4,2.91,17.25,35.9
2026-08-20T03:00:00Z,muppandal-wind,1500.0,1462.18,0.0,1462.18,315.56,219.91,12.85,8.49,17.82,50.9
2026-08-20T04:00:00Z,muppandal-wind,1500.0,1448.21,0.0,1448.21,483.31,371.3,12.03,7.95,20.45,42.1
2026-08-20T05:00:00Z,muppandal-wind,1500.0,39.15,0.0,39.15,731.75,618.54,5.51,3.64,18.42,20.2
2026-08-20T06:00:00Z,muppandal-wind,1500.0,593.69,0.0,593.69,685.29,567.01,9.16,6.05,23.36,37.5
2026-08-20T07:00:00Z,muppandal-wind,1500.0,1500.0,0.0,1500.0,746.26,630.12,11.57,7.64,28.22,33.0
2026-08-20T08:00:00Z,muppandal-wind,1500.0,953.66,0.0,953.66,799.83,687.72,10.24,6.76,28.92,23.2
2026-08-20T09:00:00Z,muppandal-wind,1500.0,220.98,0.0,220.98,774.86,662.95,7.42,4.9,29.7,16.3
2026-08-20T10:00:00Z,muppandal-wind,1500.0,890.22,0.0,890.22,571.75,458.5,10.27,6.79,29.73,29.9
2026-08-20T11:00:00Z,muppandal-wind,1500.0,0.0,0.0,0.0,552.76,441.87,1.99,1.32,30.66,0.0
2026-08-20T12:00:00Z,muppandal-wind,1500.0,1500.0,0.0,1500.0,170.19,101.89,11.93,7.88,27.98,62.6
2026-08-20T13:00:00Z,muppandal-wind,1500.0,591.27,0.0,591.27,70.99,37.64,9.17,6.06,28.24,18.7
2026-08-20T14:00:00Z,muppandal-wind,1500.0,1023.44,0.0,1023.44,0.0,0.0,10.58,6.99,24.54,44.8
2026-08-20T15:00:00Z,muppandal-wind,1500.0,10.78,0.0,10.78,0.0,0.0,4.65,3.07,22.2,31.5
2026-08-20T16:00:00Z,muppandal-wind,1500.0,0.9,0.0,0.9,0.0,0.0,3.72,2.46,21.1,15.9
2026-08-20T17:00:00Z,muppandal-wind,1500.0,145.89,0.0,145.89,0.0,0.0,6.95,4.59,15.76,62.3
2026-08-20T18:00:00Z,muppandal-wind,1500.0,1.14,0.0,1.14,0.0,0.0,3.77,2.49,15.93,62.4
2026-08-20T19:00:00Z,muppandal-wind,1500.0,1500.0,0.0,1500.0,0.0,0.0,16.07,10.62,10.79,14.2
2026-08-20T20:00:00Z,muppandal-wind,1500.0,11.34,0.0,11.34,0.0,0.0,4.67,3.09,11.11,41.6
2026-08-20T21:00:00Z,muppandal-wind,1500.0,1477.14,0.0,1477.14,0.0,0.0,15.39,10.17,11.49,22.9
2026-08-20T22:00:00Z,muppandal-wind,1500.0,190.24,0.0,190.24,0.0,0.0,7.34,4.85,10.01,16.8
2026-08-20T23:00:00Z,muppandal-wind,1500.0,1500.0,0.0,1500.0,0.0,0.0,19.26,12.73,8.33,41.6
2026-08-21T00:00:00Z,muppandal-wind,1500.0,109.81,0.0,109.81,0.0,0.0,6.61,4.37,12.13,38.4
2026-08-21T01:00:00Z,muppandal-wind,1500.0,0.0,0.0,0.0,33.75,15.39,1.19,0.79,12.56,27.1
2026-08-21T02:00:00Z,muppandal-wind,1500.0,88.06,0.0,88.06,212.26,139.22,6.31,4.17,12.63,34.8
2026-08-21T03:00:00Z,muppandal-wind,1500.0,232.02,0.0,232.02,433.81,330.21,7.57,5.0,17.31,21.3
2026-08-21T04:00:00Z,muppandal-wind,1500.0,1300.32,0.0,1300.32,589.39,476.81,11.03,7.29,20.37,22.8
2026-08-21T05:00:00Z,muppandal-wind,1500.0,132.96,0.0,132.96,691.47,576.91,6.81,4.5,21.74,26.2
2026-08-21T06:00:00Z,muppandal-wind,1500.0,1485.57,0.0,1485.57,652.35,532.23,14.45,9.55,26.64,42.0
2026-08-21T07:00:00Z,muppandal-wind,1500.0,0.0,0.0,0.0,829.38,718.52,2.56,1.69,27.16,22.2
2026-08-21T08:00:00Z,muppandal-wind,1500.0,1495.62,0.0,1495.62,923.38,818.43,16.03,10.59,28.22,6.7
2026-08-21T09:00:00Z,muppandal-wind,1500.0,574.38,0.0,574.38,862.59,754.03,9.15,6.05,29.23,3.4
2026-08-21T10:00:00Z,muppandal-wind,1500.0,1459.99,0.0,1459.99,478.48,365.03,15.71,10.38,28.55,46.2
2026-08-21T11:00:00Z,muppandal-wind,1500.0,1500.0,0.0,1500.0,331.67,233.0,13.9,9.19,29.45,52.0
2026-08-21T12:00:00Z,muppandal-wind,1500.0,0.0,0.0,0.0,284.62,199.29,2.6,1.72,28.96,17.2
2026-08-21T13:00:00Z,muppandal-wind,1500.0,137.18,0.0,137.18,50.05,24.1,6.86,4.53,26.31,51.5
2026-08-21T14:00:00Z,muppandal-wind,1500.0,153.94,0.0,153.94,0.0,0.0,7.0,4.62,26.03,19.4
2026-08-21T15:00:00Z,muppandal-wind,1500.0,1490.61,0.0,1490.61,0.0,0.0,17.58,11.61,22.17,34.4
2026-08-21T16:00:00Z,muppandal-wind,1500.0,6.69,0.0,6.69,0.0,0.0,4.39,2.9,18.47,49.0
2026-08-21T17:00:00Z,muppandal-wind,1500.0,13.84,0.0,13.84,0.0,0.0,4.78,3.16,15.28,23.2
2026-08-21T18:00:00Z,muppandal-wind,1500.0,0.44,0.0,0.44,0.0,0.0,3.56,2.35,14.98,23.0
2026-08-21T19:00:00Z,muppandal-wind,1500.0,1500.0,0.0,1500.0,0.0,0.0,12.34,8.15,12.04,21.9
2026-08-21T20:00:00Z,muppandal-wind,1500.0,0.0,0.0,0.0,0.0,0.0,2.83,1.87,12.28,37.0
2026-08-21T21:00:00Z,muppandal-wind,1500.0,830.7,0.0,830.7,0.0,0.0,10.06,6.64,11.24,24.4
2026-08-21T22:00:00Z,muppandal-wind,1500.0,560.0,0.0,560.0,0.0,0.0,9.1,6.01,9.44,36.1
2026-08-21T23:00:00Z,muppandal-wind,1500.0,1223.2,0.0,1223.2,0.0,0.0,11.05,7.3,11.19,35.7
2026-08-22T00:00:00Z,muppandal-wind,1500.0,1428.24,0.0,1428.24,0.0,0.0,11.83,7.82,12.08,49.5
2026-08-22T01:00:00Z,muppandal-wind,1500.0,577.55,0.0,577.55,32.83,14.87,9.16,6.05,14.11,29.9
2026-08-22T02:00:00Z,muppandal-wind,1500.0,1191.86,0.0,1191.86,239.52,161.85,10.93,7.22,13.82,22.5
2026-08-22T03:00:00Z,muppandal-wind,1500.0,222.22,0.0,222.22,363.04,264.2,7.48,4.94,18.12,39.0
2026-08-22T04:00:00Z,muppandal-wind,1500.0,792.07,0.0,792.07,580.95,468.41,9.9,6.54,19.17,24.4
2026-08-22T05:00:00Z,muppandal-wind,1500.0,298.15,0.0,298.15,391.82,267.2,8.01,5.29,21.81,71.2
2026-08-22T06:00:00Z,muppandal-wind,1500.0,0.0,0.0,0.0,763.27,649.33,1.08,0.71,26.72,27.0
2026-08-22T07:00:00Z,muppandal-wind,1500.0,1081.7,0.0,1081.7,807.05,694.78,10.52,6.95,28.21,25.1
2026-08-22T08:00:00Z,muppandal-wind,1500.0,249.1,0.0,249.1,833.77,723.64,7.63,5.04,28.15,18.6
2026-08-22T09:00:00Z,muppandal-wind,1500.0,517.82,0.0,517.82,791.06,679.76,8.89,5.88,28.21,13.9
2026-08-22T10:00:00Z,muppandal-wind,1500.0,1500.0,0.0,1500.0,611.14,497.97,20.51,13.55,29.24,23.0
2026-08-22T11:00:00Z,muppandal-wind,1500.0,1463.05,0.0,1463.05,505.69,397.39,18.41,12.16,31.39,11.1
2026-08-22T12:00:00Z,muppandal-wind,1500.0,8.16,0.0,8.16,272.29,188.79,4.51,2.98,28.54,22.1
2026-08-22T13:00:00Z,muppandal-wind,1500.0,552.25,0.0,552.25,67.05,35.09,9.07,5.99,24.31,24.9
2026-08-22T14:00:00Z,muppandal-wind,1500.0,0.0,0.0,0.0,0.0,0.0,2.45,1.62,26.75,28.6
2026-08-22T15:00:00Z,muppandal-wind,1500.0,1500.0,0.0,1500.0,0.0,0.0,22.57,14.91,21.15,37.8
2026-08-22T16:00:00Z,muppandal-wind,1500.0,1500.0,0.0,1500.0,0.0,0.0,13.6,8.98,19.24,20.6
2026-08-22T17:00:00Z,muppandal-wind,1500.0,259.38,0.0,259.38,0.0,0.0,7.72,5.1,13.5,28.6
2026-08-22T18:00:00Z,muppandal-wind,1500.0,541.33,0.0,541.33,0.0,0.0,8.99,5.94,14.61,55.2
2026-08-22T19:00:00Z,muppandal-wind,1500.0,1500.0,0.0,1500.0,0.0,0.0,16.09,10.63,12.73,41.6
2026-08-22T20:00:00Z,muppandal-wind,1500.0,30.67,0.0,30.67,0.0,0.0,5.35,3.53,12.05,34.9
2026-08-22T21:00:00Z,muppandal-wind,1500.0,15.58,0.0,15.58,0.0,0.0,4.84,3.19,11.65,19.8
2026-08-22T22:00:00Z,muppandal-wind,1500.0,1450.41,0.0,1450.41,0.0,0.0,17.25,11.4,11.23,26.0
2026-08-22T23:00:00Z,muppandal-wind,1500.0,5.82,0.0,5.82,0.0,0.0,4.33,2.86,9.1,43.8
2026-08-23T00:00:00Z,muppandal-wind,1500.0,1500.0,0.0,1500.0,0.0,0.0,16.66,11.01,11.55,40.2
2026-08-23T01:00:00Z,muppandal-wind,1500.0,892.89,0.0,892.89,32.98,14.95,10.1,6.67,11.17,29.4
2026-08-23T02:00:00Z,muppandal-wind,1500.0,1482.15,0.0,1482.15,276.46,192.51,14.49,9.58,16.69,6.0
2026-08-23T03:00:00Z,muppandal-wind,1500.0,1.74,0.0,1.74,255.69,164.07,3.89,2.57,17.14,65.9
2026-08-23T04:00:00Z,muppandal-wind,1500.0,1496.32,0.0,1496.32,521.57,409.35,13.54,8.95,20.84,35.2
2026-08-23T05:00:00Z,muppandal-wind,1500.0,1500.0,0.0,1500.0,737.51,624.5,12.25,8.09,22.79,19.3
2026-08-23T06:00:00Z,muppandal-wind,1500.0,5.89,0.0,5.89,886.39,779.32,4.31,2.85,24.23,10.4
2026-08-23T07:00:00Z,muppandal-wind,1500.0,1484.6,0.0,1484.6,968.06,866.03,17.65,11.66,28.16,4.1
2026-08-23T08:00:00Z,muppandal-wind,1500.0,369.26,0.0,369.26,807.32,695.65,8.39,5.54,31.06,22.2
2026-08-23T09:00:00Z,muppandal-wind,1500.0,48.66,0.0,48.66,885.85,778.17,5.73,3.79,29.79,0.0
2026-08-23T10:00:00Z,muppandal-wind,1500.0,5.33,0.0,5.33,700.71,587.74,4.28,2.83,28.52,7.3
2026-08-23T11:00:00Z,muppandal-wind,1500.0,387.25,0.0,387.25,503.8,395.61,8.45,5.58,29.38,11.5
2026-08-23T12:00:00Z,muppandal-wind,1500.0,243.67,0.0,243.67,266.16,183.58,7.63,5.04,26.3,24.6
2026-08-23T13:00:00Z,muppandal-wind,1500.0,1400.77,0.0,1400.77,67.81,35.59,11.87,7.84,28.1,23.7
2026-08-23T14:00:00Z,muppandal-wind,1500.0,26.24,0.0,26.24,0.0,0.0,5.17,3.42,24.53,28.8
2026-08-23T15:00:00Z,muppandal-wind,1500.0,26.27,0.0,26.27,0.0,0.0,5.21,3.44,23.57,18.3
2026-08-23T16:00:00Z,muppandal-wind,1500.0,12.08,0.0,12.08,0.0,0.0,4.66,3.08,20.2,34.9
2026-08-23T17:00:00Z,muppandal-wind,1500.0,27.86,0.0,27.86,0.0,0.0,5.26,3.48,14.87,40.4
2026-08-23T18:00:00Z,muppandal-wind,1500.0,8.81,0.0,8.81,0.0,0.0,4.52,2.99,12.94,6.3
2026-08-23T19:00:00Z,muppandal-wind,1500.0,0.0,0.0,0.0,0.0,0.0,2.96,1.96,12.75,50.5
2026-08-23T20:00:00Z,muppandal-wind,1500.0,782.47,0.0,782.47,0.0,0.0,9.94,6.57,10.9,33.3
2026-08-23T21:00:00Z,muppandal-wind,1500.0,1482.39,0.0,1482.39,0.0,0.0,19.37,12.8,11.25,16.9
2026-08-23T22:00:00Z,muppandal-wind,1500.0,0.0,0.0,0.0,0.0,0.0,2.58,1.71,10.59,24.1
2026-08-23T23:00:00Z,muppandal-wind,1500.0,1305.05,0.0,1305.05,0.0,0.0,11.05,7.3,10.07,38.9
2026-08-24T00:00:00Z,muppandal-wind,1500.0,1500.0,0.0,1500.0,0.0,0.0,14.9,9.84,11.03,46.5
2026-08-24T01:00:00Z,muppandal-wind,1500.0,0.24,0.0,0.24,42.15,20.14,3.47,2.29,13.31,1.5
2026-08-24T02:00:00Z,muppandal-wind,1500.0,0.1,0.0,0.1,164.93,99.92,3.34,2.2,14.73,56.0
2026-08-24T03:00:00Z,muppandal-wind,1500.0,1500.0,0.0,1500.0,411.97,309.84,12.07,7.97,16.08,26.7
2026-08-24T04:00:00Z,muppandal-wind,1500.0,16.85,0.0,16.85,581.28,468.74,4.9,3.24,18.35,24.3
2026-08-24T05:00:00Z,muppandal-wind,1500.0,754.24,0.0,754.24,755.84,643.44,9.65,6.38,22.76,16.6
2026-08-24T06:00:00Z,muppandal-wind,1500.0,1443.62,0.0,1443.62,944.52,840.69,12.0,7.93,26.14,2.5
2026-08-24T07:00:00Z,muppandal-wind,1500.0,0.11,0.0,0.11,764.47,649.49,3.36,2.22,27.66,30.6
2026-08-24T08:00:00Z,muppandal-wind,1500.0,1090.32,0.0,1090.32,972.37,870.26,10.7,7.07,29.37,0.1
2026-08-24T09:00:00Z,muppandal-wind,1500.0,1471.13,0.0,1471.13,723.95,610.09,12.49,8.25,30.74,23.8
2026-08-24T10:00:00Z,muppandal-wind,1500.0,472.53,0.0,472.53,664.83,551.79,8.85,5.85,27.14,13.6
2026-08-24T11:00:00Z,muppandal-wind,1500.0,268.95,0.0,268.95,395.47,293.27,7.78,5.14,29.17,37.0
2026-08-24T12:00:00Z,muppandal-wind,1500.0,638.05,0.0,638.05,256.41,175.27,9.45,6.24,26.77,28.4
2026-08-24T13:00:00Z,muppandal-wind,1500.0,171.27,0.0,171.27,57.86,29.15,7.16,4.73,25.86,39.3
2026-08-24T14:00:00Z,muppandal-wind,1500.0,604.75,0.0,604.75,0.0,0.0,9.24,6.11,23.23,18.1
2026-08-24T15:00:00Z,muppandal-wind,1500.0,65.35,0.0,65.35,0.0,0.0,5.96,3.94,22.87,29.6
2026-08-24T16:00:00Z,muppandal-wind,1500.0,1500.0,0.0,1500.0,0.0,0.0,13.14,8.68,20.39,60.2
2026-08-24T17:00:00Z,muppandal-wind,1500.0,139.52,0.0,139.52,0.0,0.0,6.76,4.47,18.45,20.1
2026-08-24T18:00:00Z,muppandal-wind,1500.0,1500.0,0.0,1500.0,0.0,0.0,12.06,7.96,13.31,44.7
2026-08-24T19:00:00Z,muppandal-wind,1500.0,300.92,0.0,300.92,0.0,0.0,7.93,5.24,12.43,0.0
2026-08-24T20:00:00Z,muppandal-wind,1500.0,0.0,0.0,0.0,0.0,0.0,2.61,1.73,7.31,6.8
2026-08-24T21:00:00Z,muppandal-wind,1500.0,321.4,0.0,321.4,0.0,0.0,8.1,5.35,12.72,22.6
2026-08-24T22:00:00Z,muppandal-wind,1500.0,0.0,0.0,0.0,0.0,0.0,1.08,0.71,10.6,26.7
2026-08-24T23:00:00Z,muppandal-wind,1500.0,1465.76,0.0,1465.76,0.0,0.0,13.87,9.16,11.14,37.7
2026-08-25T00:00:00Z,muppandal-wind,1500.0,312.19,0.0,312.19,0.0,0.0,8.09,5.35,10.48,24.7
2026-08-25T01:00:00Z,muppandal-wind,1500.0,410.2,0.0,410.2,42.63,20.41,8.49,5.61,15.84,0.0
2026-08-25T02:00:00Z,muppandal-wind,1500.0,293.48,0.0,293.48,283.34,198.23,7.89,5.21,16.69,2.9
2026-08-25T03:00:00Z,muppandal-wind,1500.0,1444.99,0.0,1444.99,312.75,217.29,11.66,7.7,17.36,51.6
2026-08-25T04:00:00Z,muppandal-wind,1500.0,718.78,0.0,718.78,668.51,555.51,9.69,6.4,21.11,8.5
2026-08-25T05:00:00Z,muppandal-wind,1500.0,1460.38,0.0,1460.38,594.97,477.17,19.48,12.87,20.82,40.7
2026-08-25T06:00:00Z,muppandal-wind,1500.0,1151.96,0.0,1151.96,781.85,668.95,10.84,7.16,24.24,24.5
2026-08-25T07:00:00Z,muppandal-wind,1500.0,0.0,0.0,0.0,973.79,872.12,30.51,20.15,26.07,3.4
2026-08-25T08:00:00Z,muppandal-wind,1500.0,338.11,0.0,338.11,927.71,823.02,8.25,5.45,26.37,6.1
2026-08-25T09:00:00Z,muppandal-wind,1500.0,194.76,0.0,194.76,792.8,681.57,7.22,4.77,28.89,13.7
2026-08-25T10:00:00Z,muppandal-wind,1500.0,1182.39,0.0,1182.39,463.42,349.93,10.97,7.25,30.83,48.9
2026-08-25T11:00:00Z,muppandal-wind,1500.0,98.03,0.0,98.03,470.84,364.47,6.36,4.2,29.61,19.3
2026-08-25T12:00:00Z,muppandal-wind,1500.0,0.0,0.0,0.0,289.23,203.21,3.02,1.99,28.24,15.4
2026-08-25T13:00:00Z,muppandal-wind,1500.0,115.71,0.0,115.71,54.1,26.72,6.59,4.35,26.08,45.2
2026-08-25T14:00:00Z,muppandal-wind,1500.0,60.29,0.0,60.29,0.0,0.0,5.94,3.93,24.7,35.5
2026-08-25T15:00:00Z,muppandal-wind,1500.0,0.0,0.0,0.0,0.0,0.0,2.9,1.91,20.77,33.2
2026-08-25T16:00:00Z,muppandal-wind,1500.0,0.23,0.0,0.23,0.0,0.0,3.46,2.28,20.75,4.8
2026-08-25T17:00:00Z,muppandal-wind,1500.0,41.81,0.0,41.81,0.0,0.0,5.54,3.66,17.53,21.5
2026-08-25T18:00:00Z,muppandal-wind,1500.0,141.99,0.0,141.99,0.0,0.0,6.91,4.56,14.32,41.8
2026-08-25T19:00:00Z,muppandal-wind,1500.0,87.15,0.0,87.15,0.0,0.0,6.26,4.14,9.73,25.9
2026-08-25T20:00:00Z,muppandal-wind,1500.0,10.19,0.0,10.19,0.0,0.0,4.64,3.06,8.74,38.9
2026-08-25T21:00:00Z,muppandal-wind,1500.0,1468.72,0.0,1468.72,0.0,0.0,12.75,8.42,12.97,40.2
2026-08-25T22:00:00Z,muppandal-wind,1500.0,45.87,0.0,45.87,0.0,0.0,5.66,3.74,10.05,20.9
2026-08-25T23:00:00Z,muppandal-wind,1500.0,1500.0,0.0,1500.0,0.0,0.0,20.99,13.87,10.86,35.3
2026-08-26T00:00:00Z,muppandal-wind,1500.0,0.05,0.0,0.05,0.0,0.0,3.27,2.16,12.31,21.6
2026-08-26T01:00:00Z,muppandal-wind,1500.0,1453.52,0.0,1453.52,20.53,7.91,11.94,7.89,12.64,67.4
2026-08-26T02:00:00Z,muppandal-wind,1500.0,925.97,0.0,925.97,194.35,124.34,10.21,6.75,18.45,42.8
2026-08-26T03:00:00Z,muppandal-wind,1500.0,1489.9,0.0,1489.9,395.0,294.01,12.88,8.51,18.8,31.0
2026-08-26T04:00:00Z,muppandal-wind,1500.0,52.36,0.0,52.36,526.98,414.74,5.8,3.83,19.2,34.2
2026-08-26T05:00:00Z,muppandal-wind,1500.0,1028.74,0.0,1028.74,828.68,718.73,10.55,6.97,24.46,5.7
2026-08-26T06:00:00Z,muppandal-wind,1500.0,7.44,0.0,7.44,415.52,282.21,4.45,2.94,26.98,73.9
2026-08-26T07:00:00Z,muppandal-wind,1500.0,592.24,0.0,592.24,620.43,496.29,9.22,6.09,28.58,49.3
2026-08-26T08:00:00Z,muppandal-wind,1500.0,41.95,0.0,41.95,759.1,644.64,5.56,3.67,26.26,28.6
2026-08-26T09:00:00Z,muppandal-wind,1500.0,1500.0,0.0,1500.0,749.26,636.36,17.51,11.57,30.93,20.0
2026-08-26T10:00:00Z,muppandal-wind,1500.0,1500.0,0.0,1500.0,615.34,502.19,14.31,9.46,30.04,22.3
2026-08-26T11:00:00Z,muppandal-wind,1500.0,1469.6,0.0,1469.6,415.1,311.81,14.73,9.73,28.74,32.4
2026-08-26T12:00:00Z,muppandal-wind,1500.0,1500.0,0.0,1500.0,181.55,111.56,11.58,7.65,29.97,58.1
2026-08-26T13:00:00Z,muppandal-wind,1500.0,512.68,0.0,512.68,74.0,39.59,8.84,5.84,27.15,14.0
2026-08-26T14:00:00Z,muppandal-wind,1500.0,1500.0,0.0,1500.0,0.0,0.0,13.5,8.92,23.98,0.0
2026-08-26T15:00:00Z,muppandal-wind,1500.0,216.67,0.0,216.67,0.0,0.0,7.39,4.89,22.96,19.7
2026-08-26T16:00:00Z,muppandal-wind,1500.0,0.0,0.0,0.0,0.0,0.0,2.53,1.67,20.97,36.7
2026-08-26T17:00:00Z,muppandal-wind,1500.0,754.06,0.0,754.06,0.0,0.0,9.84,6.5,17.56,33.8
2026-08-26T18:00:00Z,muppandal-wind,1500.0,1500.0,0.0,1500.0,0.0,0.0,16.68,11.02,12.82,47.7
2026-08-26T19:00:00Z,muppandal-wind,1500.0,846.13,0.0,846.13,0.0,0.0,10.07,6.65,12.15,6.5
2026-08-26T20:00:00Z,muppandal-wind,1500.0,80.92,0.0,80.92,0.0,0.0,6.2,4.09,10.81,36.4
2026-08-26T21:00:00Z,muppandal-wind,1500.0,284.33,0.0,284.33,0.0,0.0,7.87,5.2,12.57,28.7
2026-08-26T22:00:00Z,muppandal-wind,1500.0,220.77,0.0,220.77,0.0,0.0,7.5,4.96,9.18,28.9
2026-08-26T23:00:00Z,muppandal-wind,1500.0,0.0,0.0,0.0,0.0,0.0,1.33,0.88,10.55,23.1
2026-08-27T00:00:00Z,muppandal-wind,1500.0,1500.0,0.0,1500.0,0.0,0.0,19.52,12.9,11.48,25.1
2026-08-27T01:00:00Z,muppandal-wind,1500.0,1500.0,0.0,1500.0,38.98,18.35,13.77,9.1,14.54,11.1
2026-08-27T02:00:00Z,muppandal-wind,1500.0,1500.0,0.0,1500.0,186.8,118.08,12.51,8.26,16.9,46.2
2026-08-27T03:00:00Z,muppandal-wind,1500.0,5.75,0.0,5.75,391.42,290.67,4.33,2.86,20.08,31.9
2026-08-27T04:00:00Z,muppandal-wind,1500.0,1486.26,0.0,1486.26,636.23,523.39,12.24,8.09,18.39,14.3
2026-08-27T05:00:00Z,muppandal-wind,1500.0,0.0,0.0,0.0,866.4,757.72,2.31,1.53,23.71,0.0
2026-08-27T06:00:00Z,muppandal-wind,1500.0,779.63,0.0,779.63,730.12,614.33,9.71,6.42,23.5,31.5
2026-08-27T07:00:00Z,muppandal-wind,1500.0,64.12,0.0,64.12,722.73,605.09,6.01,3.97,30.55,36.0
2026-08-27T08:00:00Z,muppandal-wind,1500.0,111.19,0.0,111.19,973.41,871.36,6.57,4.34,30.89,0.0
2026-08-27T09:00:00Z,muppandal-wind,1500.0,3.86,0.0,3.86,697.6,582.74,4.16,2.75,30.04,27.6
2026-08-27T10:00:00Z,muppandal-wind,1500.0,1277.21,0.0,1277.21,548.94,435.64,10.99,7.26,29.49,33.9
2026-08-27T11:00:00Z,muppandal-wind,1500.0,226.62,0.0,226.62,447.36,342.29,7.48,4.94,30.3,24.8
2026-08-27T12:00:00Z,muppandal-wind,1500.0,1500.0,0.0,1500.0,130.97,68.51,22.65,14.97,28.42,78.1
2026-08-27T13:00:00Z,muppandal-wind,1500.0,658.62,0.0,658.62,64.5,33.45,9.43,6.23,27.2,28.9
2026-08-27T14:00:00Z,muppandal-wind,1500.0,1500.0,0.0,1500.0,0.0,0.0,13.47,8.9,25.75,37.3
2026-08-27T15:00:00Z,muppandal-wind,1500.0,1247.27,0.0,1247.27,0.0,0.0,11.02,7.28,22.06,37.1
2026-08-27T16:00:00Z,muppandal-wind,1500.0,6.3,0.0,6.3,0.0,0.0,4.38,2.89,17.91,7.8
2026-08-27T17:00:00Z,muppandal-wind,1500.0,40.33,0.0,40.33,0.0,0.0,5.54,3.66,16.18,45.2
2026-08-27T18:00:00Z,muppandal-wind,1500.0,1222.64,0.0,1222.64,0.0,0.0,10.84,7.16,14.68,0.0
2026-08-27T19:00:00Z,muppandal-wind,1500.0,198.15,0.0,198.15,0.0,0.0,7.29,4.81,10.41,0.0
2026-08-27T20:00:00Z,muppandal-wind,1500.0,734.16,0.0,734.16,0.0,0.0,9.75,6.44,11.96,19.8
2026-08-27T21:00:00Z,muppandal-wind,1500.0,1477.32,0.0,1477.32,0.0,0.0,20.62,13.62,9.06,26.2
2026-08-27T22:00:00Z,muppandal-wind,1500.0,516.63,0.0,516.63,0.0,0.0,9.01,5.95,10.53,27.5
2026-08-27T23:00:00Z,muppandal-wind,1500.0,184.4,0.0,184.4,0.0,0.0,7.29,4.82,11.32,49.7
2026-08-28T00:00:00Z,muppandal-wind,1500.0,0.0,0.0,0.0,0.0,0.0,1.03,0.68,9.34,42.0
2026-08-28T01:00:00Z,muppandal-wind,1500.0,1486.74,0.0,1486.74,24.63,10.23,11.63,7.68,13.01,54.9
2026-08-28T02:00:00Z,muppandal-wind,1500.0,1495.93,0.0,1495.93,243.09,164.81,13.76,9.09,15.03,20.9
2026-08-28T03:00:00Z,muppandal-wind,1500.0,505.08,0.0,505.08,402.17,300.7,9.01,5.95,18.33,29.2
2026-08-28T04:00:00Z,muppandal-wind,1500.0,1475.44,0.0,1475.44,329.34,218.16,11.86,7.83,20.42,70.1
2026-08-28T05:00:00Z,muppandal-wind,1500.0,131.67,0.0,131.67,690.57,575.98,6.75,4.46,24.31,26.4
2026-08-28T06:00:00Z,muppandal-wind,1500.0,1500.0,0.0,1500.0,963.37,860.58,16.64,10.99,26.61,0.0
2026-08-28T07:00:00Z,muppandal-wind,1500.0,263.49,0.0,263.49,817.05,705.41,7.83,5.17,27.85,23.8
2026-08-28T08:00:00Z,muppandal-wind,1500.0,1483.52,0.0,1483.52,869.58,761.52,13.65,9.02,29.94,13.9
2026-08-28T09:00:00Z,muppandal-wind,1500.0,1500.0,0.0,1500.0,631.15,513.75,16.75,11.07,30.1,37.4
2026-08-28T10:00:00Z,muppandal-wind,1500.0,517.8,0.0,517.8,724.26,611.34,8.94,5.91,30.12,3.2
2026-08-28T11:00:00Z,muppandal-wind,1500.0,104.91,0.0,104.91,518.63,409.62,6.55,4.33,33.05,8.0
2026-08-28T12:00:00Z,muppandal-wind,1500.0,43.27,0.0,43.27,229.83,152.65,5.6,3.7,29.04,39.0
2026-08-28T13:00:00Z,muppandal-wind,1500.0,1500.0,0.0,1500.0,55.99,27.95,11.79,7.79,25.46,42.2
2026-08-28T14:00:00Z,muppandal-wind,1500.0,1500.0,0.0,1500.0,0.0,0.0,21.62,14.28,24.34,53.1
2026-08-28T15:00:00Z,muppandal-wind,1500.0,0.08,0.0,0.08,0.0,0.0,3.32,2.19,21.22,31.9
2026-08-28T16:00:00Z,muppandal-wind,1500.0,23.58,0.0,23.58,0.0,0.0,5.19,3.43,20.5,17.1
2026-08-28T17:00:00Z,muppandal-wind,1500.0,1.21,0.0,1.21,0.0,0.0,3.78,2.5,15.66,19.3
2026-08-28T18:00:00Z,muppandal-wind,1500.0,969.55,0.0,969.55,0.0,0.0,10.38,6.86,13.72,42.2
2026-08-28T19:00:00Z,muppandal-wind,1500.0,1485.43,0.0,1485.43,0.0,0.0,15.18,10.03,10.08,60.1
2026-08-28T20:00:00Z,muppandal-wind,1500.0,1500.0,0.0,1500.0,0.0,0.0,11.48,7.58,10.95,56.5
2026-08-28T21:00:00Z,muppandal-wind,1500.0,111.69,0.0,111.69,0.0,0.0,6.54,4.32,12.79,25.1
2026-08-28T22:00:00Z,muppandal-wind,1500.0,0.0,0.0,0.0,0.0,0.0,2.74,1.81,10.03,22.8
2026-08-28T23:00:00Z,muppandal-wind,1500.0,338.37,0.0,338.37,0.0,0.0,8.17,5.4,10.87,21.5
2026-08-29T00:00:00Z,muppandal-wind,1500.0,1500.0,0.0,1500.0,0.0,0.0,22.79,15.06,12.99,42.7
2026-08-29T01:00:00Z,muppandal-wind,1500.0,307.64,0.0,307.64,37.38,17.44,7.94,5.24,9.15,16.0
2026-08-29T02:00:00Z,muppandal-wind,1500.0,1495.18,0.0,1495.18,236.96,159.72,22.61,14.94,14.16,23.7
2026-08-29T03:00:00Z,muppandal-wind,1500.0,161.79,0.0,161.79,395.61,294.58,7.12,4.7,19.22,30.8
2026-08-29T04:00:00Z,muppandal-wind,1500.0,4.03,0.0,4.03,534.51,422.23,4.18,2.76,21.67,32.8
2026-08-29T05:00:00Z,muppandal-wind,1500.0,1500.0,0.0,1500.0,534.05,414.21,13.67,9.03,22.07,49.9
2026-08-29T06:00:00Z,muppandal-wind,1500.0,1470.18,0.0,1470.18,839.34,729.65,13.77,9.1,23.66,16.7
2026-08-29T07:00:00Z,muppandal-wind,1500.0,1146.58,0.0,1146.58,999.8,899.78,10.7,7.07,26.37,0.0
2026-08-29T08:00:00Z,muppandal-wind,1500.0,118.68,0.0,118.68,789.39,676.68,6.65,4.39,28.34,24.6
2026-08-29T09:00:00Z,muppandal-wind,1500.0,0.0,0.0,0.0,885.85,778.17,25.94,17.14,26.67,0.0
2026-08-29T10:00:00Z,muppandal-wind,1500.0,76.27,0.0,76.27,579.95,466.71,6.17,4.08,31.8,28.5
2026-08-29T11:00:00Z,muppandal-wind,1500.0,1500.0,0.0,1500.0,524.2,414.88,17.67,11.67,27.89,6.7
2026-08-29T12:00:00Z,muppandal-wind,1500.0,187.65,0.0,187.65,226.02,149.41,7.23,4.77,28.4,40.5
2026-08-29T13:00:00Z,muppandal-wind,1500.0,46.5,0.0,46.5,46.3,21.68,5.67,3.74,28.36,57.4
2026-08-29T14:00:00Z,muppandal-wind,1500.0,214.45,0.0,214.45,0.0,0.0,7.45,4.92,22.62,24.8
2026-08-29T15:00:00Z,muppandal-wind,1500.0,1500.0,0.0,1500.0,0.0,0.0,14.03,9.27,21.04,10.7
2026-08-29T16:00:00Z,muppandal-wind,1500.0,40.37,0.0,40.37,0.0,0.0,5.51,3.64,20.6,25.1
2026-08-29T17:00:00Z,muppandal-wind,1500.0,47.63,0.0,47.63,0.0,0.0,5.69,3.76,16.63,11.2
2026-08-29T18:00:00Z,muppandal-wind,1500.0,11.2,0.0,11.2,0.0,0.0,4.67,3.09,10.63,15.9
2026-08-29T19:00:00Z,muppandal-wind,1500.0,77.02,0.0,77.02,0.0,0.0,6.14,4.06,12.57,27.5
2026-08-29T20:00:00Z,muppandal-wind,1500.0,206.98,0.0,206.98,0.0,0.0,7.42,4.9,10.29,28.1
2026-08-29T21:00:00Z,muppandal-wind,1500.0,339.53,0.0,339.53,0.0,0.0,8.19,5.41,11.03,13.6
2026-08-29T22:00:00Z,muppandal-wind,1500.0,0.0,0.0,0.0,0.0,0.0,2.74,1.81,10.47,6.7
2026-08-29T23:00:00Z,muppandal-wind,1500.0,187.99,0.0,187.99,0.0,0.0,7.23,4.77,11.85,24.3
2026-08-30T00:00:00Z,muppandal-wind,1500.0,1022.43,0.0,1022.43,0.0,0.0,10.55,6.97,12.39,23.4
2026-08-30T01:00:00Z,muppandal-wind,1500.0,1500.0,0.0,1500.0,34.08,15.57,15.74,10.4,13.34,26.1
2026-08-30T02:00:00Z,muppandal-wind,1500.0,16.08,0.0,16.08,199.85,128.91,4.89,3.23,13.97,40.3
2026-08-30T03:00:00Z,muppandal-wind,1500.0,0.0,0.0,0.0,477.11,370.6,1.03,0.68,17.8,10.4
2026-08-30T04:00:00Z,muppandal-wind,1500.0,1500.0,0.0,1500.0,559.95,447.53,15.92,10.52,21.69,28.2
2026-08-30T05:00:00Z,muppandal-wind,1500.0,1500.0,0.0,1500.0,681.35,566.45,22.05,14.57,22.43,27.8
2026-08-30T06:00:00Z,muppandal-wind,1500.0,0.0,0.0,0.0,633.21,512.03,1.03,0.68,24.36,44.6
2026-08-30T07:00:00Z,muppandal-wind,1500.0,1457.4,0.0,1457.4,501.24,369.52,13.11,8.66,30.38,64.8
2026-08-30T08:00:00Z,muppandal-wind,1500.0,1468.5,0.0,1468.5,937.81,833.7,20.72,13.69,26.08,4.8
2026-08-30T09:00:00Z,muppandal-wind,1500.0,0.46,0.0,0.46,804.69,693.92,3.57,2.36,30.97,11.9
2026-08-30T10:00:00Z,muppandal-wind,1500.0,1500.0,0.0,1500.0,730.87,617.96,15.93,10.52,31.14,2.1
2026-08-30T11:00:00Z,muppandal-wind,1500.0,643.93,0.0,643.93,476.18,369.51,9.38,6.2,28.39,18.0
2026-08-30T12:00:00Z,muppandal-wind,1500.0,0.5,0.0,0.5,309.76,220.68,3.58,2.36,30.31,7.3
2026-08-30T13:00:00Z,muppandal-wind,1500.0,49.99,0.0,49.99,82.93,45.36,5.72,3.78,26.72,0.0
2026-08-30T14:00:00Z,muppandal-wind,1500.0,0.0,0.0,0.0,0.0,0.0,2.02,1.33,24.57,13.4
2026-08-30T15:00:00Z,muppandal-wind,1500.0,1480.4,0.0,1480.4,0.0,0.0,18.94,12.51,24.61,55.3
2026-08-30T16:00:00Z,muppandal-wind,1500.0,109.58,0.0,109.58,0.0,0.0,6.5,4.29,17.18,17.4
2026-08-30T17:00:00Z,muppandal-wind,1500.0,0.0,0.0,0.0,0.0,0.0,2.3,1.52,16.63,38.4
2026-08-30T18:00:00Z,muppandal-wind,1500.0,118.96,0.0,118.96,0.0,0.0,6.69,4.42,12.51,26.0
2026-08-30T19:00:00Z,muppandal-wind,1500.0,15.25,0.0,15.25,0.0,0.0,4.83,3.19,14.33,12.4
2026-08-30T20:00:00Z,muppandal-wind,1500.0,1474.96,0.0,1474.96,0.0,0.0,16.45,10.87,12.53,1.3
2026-08-30T21:00:00Z,muppandal-wind,1500.0,875.82,0.0,875.82,0.0,0.0,10.1,6.67,10.46,12.9
2026-08-30T22:00:00Z,muppandal-wind,1500.0,151.54,0.0,151.54,0.0,0.0,6.95,4.59,9.82,34.6
2026-08-30T23:00:00Z,muppandal-wind,1500.0,1496.45,0.0,1496.45,0.0,0.0,14.05,9.28,10.74,11.0
2026-08-31T00:00:00Z,muppandal-wind,1500.0,3.36,0.0,3.36,0.0,0.0,4.09,2.7,10.8,46.6
2026-08-31T01:00:00Z,muppandal-wind,1500.0,1500.0,0.0,1500.0,36.95,17.2,13.13,8.67,11.8,17.3
2026-08-31T02:00:00Z,muppandal-wind,1500.0,246.2,0.0,246.2,276.39,192.46,7.68,5.07,14.33,6.0
2026-08-31T03:00:00Z,muppandal-wind,1500.0,2.92,0.0,2.92,475.14,368.76,4.05,2.68,19.66,10.9
2026-08-31T04:00:00Z,muppandal-wind,1500.0,1500.0,0.0,1500.0,586.65,474.08,15.27,10.09,21.21,23.3
2026-08-31T05:00:00Z,muppandal-wind,1500.0,1003.86,0.0,1003.86,764.64,652.54,10.33,6.82,25.44,15.3
2026-08-31T06:00:00Z,muppandal-wind,1500.0,127.95,0.0,127.95,921.64,816.53,6.7,4.43,26.03,5.6
2026-08-31T07:00:00Z,muppandal-wind,1500.0,1500.0,0.0,1500.0,717.87,599.93,14.68,9.7,28.23,36.7
2026-08-31T08:00:00Z,muppandal-wind,1500.0,183.33,0.0,183.33,907.25,801.37,7.19,4.75,29.21,8.8
2026-08-31T09:00:00Z,muppandal-wind,1500.0,204.94,0.0,204.94,773.52,661.56,7.33,4.84,29.0,16.5
2026-08-31T10:00:00Z,muppandal-wind,1500.0,1375.69,0.0,1375.69,556.1,442.82,11.3,7.47,31.13,32.7
2026-08-31T11:00:00Z,muppandal-wind,1500.0,343.25,0.0,343.25,406.28,303.48,8.23,5.44,29.2,34.5
2026-08-31T12:00:00Z,muppandal-wind,1500.0,571.36,0.0,571.36,328.15,236.34,9.24,6.1,29.5,0.0
2026-08-31T13:00:00Z,muppandal-wind,1500.0,504.49,0.0,504.49,80.12,43.55,8.81,5.82,27.55,4.4
2026-08-31T14:00:00Z,muppandal-wind,1500.0,1492.42,0.0,1492.42,0.0,0.0,17.06,11.27,23.92,31.5
2026-08-31T15:00:00Z,muppandal-wind,1500.0,0.0,0.0,0.0,0.0,0.0,2.37,1.57,23.73,18.4
2026-08-31T16:00:00Z,muppandal-wind,1500.0,531.78,0.0,531.78,0.0,0.0,9.07,5.99,19.56,23.7
2026-08-31T17:00:00Z,muppandal-wind,1500.0,459.8,0.0,459.8,0.0,0.0,8.8,5.81,16.2,59.5
2026-08-31T18:00:00Z,muppandal-wind,1500.0,527.88,0.0,527.88,0.0,0.0,8.95,5.92,13.87,47.4
2026-08-31T19:00:00Z,muppandal-wind,1500.0,386.26,0.0,386.26,0.0,0.0,8.45,5.58,13.85,17.6
2026-08-31T20:00:00Z,muppandal-wind,1500.0,1500.0,0.0,1500.0,0.0,0.0,18.26,12.06,8.42,22.6
2026-08-31T21:00:00Z,muppandal-wind,1500.0,148.58,0.0,148.58,0.0,0.0,6.98,4.61,9.78,19.7
2026-08-31T22:00:00Z,muppandal-wind,1500.0,35.93,0.0,35.93,0.0,0.0,5.46,3.61,10.42,50.1
2026-08-31T23:00:00Z,muppandal-wind,1500.0,2.39,0.0,2.39,0.0,0.0,3.99,2.64,10.15,46.5
2026-09-01T00:00:00Z,muppandal-wind,1500.0,1314.84,0.0,1314.84,0.0,0.0,11.14,7.36,8.62,25.7
2026-09-01T01:00:00Z,muppandal-wind,1500.0,347.77,0.0,347.77,24.25,10.01,8.18,5.4,14.28,56.0
2026-09-01T02:00:00Z,muppandal-wind,1500.0,658.6,0.0,658.6,289.75,203.55,9.38,6.19,15.95,0.0
2026-09-01T03:00:00Z,muppandal-wind,1500.0,60.23,0.0,60.23,318.72,222.86,5.88,3.88,17.2,50.1
2026-09-01T04:00:00Z,muppandal-wind,1500.0,1443.85,0.0,1443.85,549.27,436.9,24.55,16.22,17.97,30.1
2026-09-01T05:00:00Z,muppandal-wind,1500.0,94.61,0.0,94.61,622.95,506.09,6.41,4.24,22.92,36.5
2026-09-01T06:00:00Z,muppandal-wind,1500.0,1433.24,0.0,1433.24,756.16,641.82,16.39,10.83,26.69,28.0
2026-09-01T07:00:00Z,muppandal-wind,1500.0,0.0,0.0,0.0,747.45,631.38,0.89,0.59,28.1,32.8
2026-09-01T08:00:00Z,muppandal-wind,1500.0,2.41,0.0,2.41,639.43,518.04,3.99,2.63,29.28,44.6
2026-09-01T09:00:00Z,muppandal-wind,1500.0,24.11,0.0,24.11,655.84,539.38,5.16,3.41,27.86,33.8
2026-09-01T10:00:00Z,muppandal-wind,1500.0,1473.55,0.0,1473.55,644.09,531.0,15.88,10.49,28.45,17.3
2026-09-01T11:00:00Z,muppandal-wind,1500.0,7.84,0.0,7.84,552.76,441.87,4.48,2.96,28.54,0.0
2026-09-01T12:00:00Z,muppandal-wind,1500.0,486.17,0.0,486.17,246.06,166.46,8.86,5.85,29.13,32.5
2026-09-01T13:00:00Z,muppandal-wind,1500.0,1500.0,0.0,1500.0,68.08,35.76,11.76,7.77,28.34,23.3
2026-09-01T14:00:00Z,muppandal-wind,1500.0,0.0,0.0,0.0,0.0,0.0,2.71,1.79,25.24,19.7
2026-09-01T15:00:00Z,muppandal-wind,1500.0,894.76,0.0,894.76,0.0,0.0,10.1,6.67,24.66,4.6
2026-09-01T16:00:00Z,muppandal-wind,1500.0,1469.06,0.0,1469.06,0.0,0.0,11.96,7.9,19.5,44.5
2026-09-01T17:00:00Z,muppandal-wind,1500.0,1024.76,0.0,1024.76,0.0,0.0,10.52,6.95,19.24,8.5
2026-09-01T18:00:00Z,muppandal-wind,1500.0,4.94,0.0,4.94,0.0,0.0,4.27,2.82,16.54,41.3
2026-09-01T19:00:00Z,muppandal-wind,1500.0,1500.0,0.0,1500.0,0.0,0.0,11.96,7.9,13.18,14.8
2026-09-01T20:00:00Z,muppandal-wind,1500.0,500.61,0.0,500.61,0.0,0.0,8.93,5.9,8.78,33.3
2026-09-01T21:00:00Z,muppandal-wind,1500.0,35.53,0.0,35.53,0.0,0.0,5.47,3.62,10.3,31.0
2026-09-01T22:00:00Z,muppandal-wind,1500.0,1500.0,0.0,1500.0,0.0,0.0,12.57,8.3,10.27,25.7
2026-09-01T23:00:00Z,muppandal-wind,1500.0,1497.55,0.0,1497.55,0.0,0.0,14.04,9.28,10.7,31.9
2026-09-02T00:00:00Z,muppandal-wind,1500.0,1500.0,0.0,1500.0,0.0,0.0,18.75,12.39,13.72,43.9
2026-09-02T01:00:00Z,muppandal-wind,1500.0,1500.0,0.0,1500.0,42.63,20.41,13.3,8.79,13.26,0.0
2026-09-02T02:00:00Z,muppandal-wind,1500.0,1500.0,0.0,1500.0,171.85,105.66,15.75,10.41,16.63,52.9
2026-09-02T03:00:00Z,muppandal-wind,1500.0,1438.25,0.0,1438.25,407.09,305.28,14.11,9.32,19.51,28.0
2026-09-02T04:00:00Z,muppandal-wind,1500.0,1.85,0.0,1.85,634.64,521.81,3.91,2.58,19.56,14.6
2026-09-02T05:00:00Z,muppandal-wind,1500.0,1337.51,0.0,1337.51,670.72,555.47,11.16,7.37,23.28,29.4
2026-09-02T06:00:00Z,muppandal-wind,1500.0,91.55,0.0,91.55,663.43,543.93,6.33,4.18,24.51,40.5
2026-09-02T07:00:00Z,muppandal-wind,1500.0,585.27,0.0,585.27,999.8,899.78,9.29,6.14,26.45,0.0
2026-09-02T08:00:00Z,muppandal-wind,1500.0,0.0,0.0,0.0,813.72,702.42,0.76,0.5,27.36,21.3
2026-09-02T09:00:00Z,muppandal-wind,1500.0,277.15,0.0,277.15,474.38,351.0,7.87,5.2,30.34,60.4
2026-09-02T10:00:00Z,muppandal-wind,1500.0,1283.55,0.0,1283.55,522.4,409.04,11.22,7.41,32.39,38.6
2026-09-02T11:00:00Z,muppandal-wind,1500.0,19.15,0.0,19.15,512.87,404.18,4.99,3.3,29.02,9.4
2026-09-02T12:00:00Z,muppandal-wind,1500.0,1497.27,0.0,1497.27,249.44,169.35,11.59,7.66,27.78,31.2
2026-09-02T13:00:00Z,muppandal-wind,1500.0,1500.0,0.0,1500.0,64.69,33.57,13.6,8.99,27.31,28.6
2026-09-02T14:00:00Z,muppandal-wind,1500.0,1065.36,0.0,1065.36,0.0,0.0,10.64,7.03,25.44,27.7
2026-09-02T15:00:00Z,muppandal-wind,1500.0,1500.0,0.0,1500.0,0.0,0.0,20.04,13.24,22.58,50.8
2026-09-02T16:00:00Z,muppandal-wind,1500.0,133.28,0.0,133.28,0.0,0.0,6.74,4.45,18.23,24.3
2026-09-02T17:00:00Z,muppandal-wind,1500.0,1500.0,0.0,1500.0,0.0,0.0,17.23,11.39,18.2,24.7
2026-09-02T18:00:00Z,muppandal-wind,1500.0,0.0,0.0,0.0,0.0,0.0,0.76,0.5,14.44,30.6
2026-09-02T19:00:00Z,muppandal-wind,1500.0,1015.83,0.0,1015.83,0.0,0.0,10.43,6.89,12.34,58.6
2026-09-02T20:00:00Z,muppandal-wind,1500.0,468.62,0.0,468.62,0.0,0.0,8.86,5.86,12.91,50.9
2026-09-02T21:00:00Z,muppandal-wind,1500.0,111.26,0.0,111.26,0.0,0.0,6.6,4.36,10.16,12.8
2026-09-02T22:00:00Z,muppandal-wind,1500.0,0.14,0.0,0.14,0.0,0.0,3.38,2.23,9.93,24.7
2026-09-02T23:00:00Z,muppandal-wind,1500.0,155.91,0.0,155.91,0.0,0.0,7.03,4.64,9.59,11.1
2026-09-03T00:00:00Z,muppandal-wind,1500.0,293.74,0.0,293.74,0.0,0.0,7.91,5.23,10.95,14.3
2026-09-03T01:00:00Z,muppandal-wind,1500.0,45.44,0.0,45.44,31.73,14.25,5.61,3.71,9.75,33.2
2026-09-03T02:00:00Z,muppandal-wind,1500.0,591.3,0.0,591.3,271.35,188.27,9.42,6.22,17.47,8.3
2026-09-03T03:00:00Z,muppandal-wind,1500.0,485.44,0.0,485.44,451.53,346.74,8.76,5.79,20.5,16.8
2026-09-03T04:00:00Z,muppandal-wind,1500.0,0.0,0.0,0.0,715.0,601.74,3.01,1.99,22.17,0.0
2026-09-03T05:00:00Z,muppandal-wind,1500.0,968.18,0.0,968.18,766.81,654.78,10.3,6.8,24.55,14.9
2026-09-03T06:00:00Z,muppandal-wind,1500.0,9.37,0.0,9.37,847.07,737.8,4.56,3.01,26.54,15.7
2026-09-03T07:00:00Z,muppandal-wind,1500.0,1419.77,0.0,1419.77,615.62,491.17,19.19,12.68,28.23,50.0
2026-09-03T08:00:00Z,muppandal-wind,1500.0,510.58,0.0,510.58,819.59,708.63,8.87,5.86,28.51,20.5
2026-09-03T09:00:00Z,muppandal-wind,1500.0,14.26,0.0,14.26,743.83,630.73,4.82,3.18,30.75,20.8
2026-09-03T10:00:00Z,muppandal-wind,1500.0,1370.34,0.0,1370.34,742.64,629.76,11.27,7.44,27.91,0.0
2026-09-03T11:00:00Z,muppandal-wind,1500.0,339.3,0.0,339.3,524.88,415.52,8.22,5.43,30.77,6.6
2026-09-03T12:00:00Z,muppandal-wind,1500.0,475.4,0.0,475.4,215.1,140.11,8.82,5.83,29.21,44.8
2026-09-03T13:00:00Z,muppandal-wind,1500.0,1443.93,0.0,1443.93,80.17,43.58,15.32,10.12,26.11,4.3
2026-09-03T14:00:00Z,muppandal-wind,1500.0,681.39,0.0,681.39,0.0,0.0,9.47,6.26,24.63,40.7
2026-09-03T15:00:00Z,muppandal-wind,1500.0,396.34,0.0,396.34,0.0,0.0,8.46,5.59,23.07,24.2
2026-09-03T16:00:00Z,muppandal-wind,1500.0,510.98,0.0,510.98,0.0,0.0,9.0,5.95,19.64,14.1
2026-09-03T17:00:00Z,muppandal-wind,1500.0,0.04,0.0,0.04,0.0,0.0,3.25,2.15,18.58,27.9
2026-09-03T18:00:00Z,muppandal-wind,1500.0,373.75,0.0,373.75,0.0,0.0,8.3,5.49,13.54,33.9
2026-09-03T19:00:00Z,muppandal-wind,1500.0,0.4,0.0,0.4,0.0,0.0,3.54,2.34,14.23,1.7
2026-09-03T20:00:00Z,muppandal-wind,1500.0,1052.16,0.0,1052.16,0.0,0.0,10.62,7.01,13.32,40.9
2026-09-03T21:00:00Z,muppandal-wind,1500.0,1302.08,0.0,1302.08,0.0,0.0,11.1,7.34,9.47,36.0
2026-09-03T22:00:00Z,muppandal-wind,1500.0,67.01,0.0,67.01,0.0,0.0,6.01,3.97,12.05,38.3
2026-09-03T23:00:00Z,muppandal-wind,1500.0,340.16,0.0,340.16,0.0,0.0,8.17,5.4,8.54,19.6
2026-09-04T00:00:00Z,muppandal-wind,1500.0,476.82,0.0,476.82,0.0,0.0,8.72,5.76,11.14,43.3
2026-09-04T01:00:00Z,muppandal-wind,1500.0,1315.69,0.0,1315.69,30.53,13.56,11.25,7.43,12.09,36.9
2026-09-04T02:00:00Z,muppandal-wind,1500.0,74.51,0.0,74.51,241.8,163.74,6.08,4.02,16.33,21.5
2026-09-04T03:00:00Z,muppandal-wind,1500.0,0.0,0.0,0.0,518.67,409.37,2.81,1.85,18.99,0.0
2026-09-04T04:00:00Z,muppandal-wind,1500.0,0.0,0.0,0.0,689.93,576.8,2.13,1.41,24.01,4.6
2026-09-04T05:00:00Z,muppandal-wind,1500.0,3.56,0.0,3.56,645.28,529.18,4.13,2.73,25.17,33.2
2026-09-04T06:00:00Z,muppandal-wind,1500.0,416.92,0.0,416.92,800.73,688.89,8.56,5.65,26.96,21.9
2026-09-04T07:00:00Z,muppandal-wind,1500.0,1500.0,0.0,1500.0,999.8,899.78,20.27,13.39,27.73,0.0
2026-09-04T08:00:00Z,muppandal-wind,1500.0,1476.52,0.0,1476.52,568.01,442.48,16.89,11.16,29.05,54.1
2026-09-04T09:00:00Z,muppandal-wind,1500.0,709.13,0.0,709.13,744.11,631.03,9.58,6.33,29.81,20.8
2026-09-04T10:00:00Z,muppandal-wind,1500.0,191.03,0.0,191.03,555.41,442.13,7.28,4.81,31.36,32.8
2026-09-04T11:00:00Z,muppandal-wind,1500.0,38.3,0.0,38.3,467.58,361.39,5.5,3.63,30.43,20.0
2026-09-04T12:00:00Z,muppandal-wind,1500.0,0.0,0.0,0.0,328.15,236.34,2.04,1.35,27.2,0.0
2026-09-04T13:00:00Z,muppandal-wind,1500.0,306.03,0.0,306.03,82.93,45.36,7.96,5.26,26.5,0.0
2026-09-04T14:00:00Z,muppandal-wind,1500.0,0.0,0.0,0.0,0.0,0.0,1.88,1.24,25.95,24.0
2026-09-04T15:00:00Z,muppandal-wind,1500.0,0.0,0.0,0.0,0.0,0.0,1.06,0.7,20.28,28.2
2026-09-04T16:00:00Z,muppandal-wind,1500.0,280.47,0.0,280.47,0.0,0.0,7.94,5.25,18.07,34.2
2026-09-04T17:00:00Z,muppandal-wind,1500.0,54.4,0.0,54.4,0.0,0.0,5.8,3.83,18.14,49.3
2026-09-04T18:00:00Z,muppandal-wind,1500.0,1462.92,0.0,1462.92,0.0,0.0,13.36,8.83,15.6,32.9
2026-09-04T19:00:00Z,muppandal-wind,1500.0,119.88,0.0,119.88,0.0,0.0,6.68,4.41,11.86,23.8
2026-09-04T20:00:00Z,muppandal-wind,1500.0,43.37,0.0,43.37,0.0,0.0,5.6,3.7,10.82,23.0
2026-09-04T21:00:00Z,muppandal-wind,1500.0,609.49,0.0,609.49,0.0,0.0,9.33,6.16,8.72,2.8
2026-09-04T22:00:00Z,muppandal-wind,1500.0,129.12,0.0,129.12,0.0,0.0,6.68,4.42,10.62,23.2
2026-09-04T23:00:00Z,muppandal-wind,1500.0,0.0,0.0,0.0,0.0,0.0,2.76,1.83,9.44,41.5
2026-09-05T00:00:00Z,muppandal-wind,1500.0,0.26,0.0,0.26,0.0,0.0,3.47,2.29,13.38,11.9
2026-09-05T01:00:00Z,muppandal-wind,1500.0,537.83,0.0,537.83,32.87,14.89,8.99,5.94,13.09,29.8
2026-09-05T02:00:00Z,muppandal-wind,1500.0,112.66,0.0,112.66,200.08,129.1,6.6,4.36,15.69,40.2
2026-09-05T03:00:00Z,muppandal-wind,1500.0,641.33,0.0,641.33,518.67,409.37,9.35,6.18,14.32,0.0
2026-09-05T04:00:00Z,muppandal-wind,1500.0,1449.85,0.0,1449.85,676.82,563.76,12.49,8.25,20.22,6.9
2026-09-05T05:00:00Z,muppandal-wind,1500.0,0.0,0.0,0.0,568.32,449.62,2.64,1.75,22.07,44.7
2026-09-05T06:00:00Z,muppandal-wind,1500.0,1391.18,0.0,1391.18,939.31,835.18,11.19,7.39,26.09,3.2
2026-09-05T07:00:00Z,muppandal-wind,1500.0,0.0,0.0,0.0,756.21,640.7,0.94,0.62,28.79,31.7
2026-09-05T08:00:00Z,muppandal-wind,1500.0,80.72,0.0,80.72,844.86,735.36,6.18,4.09,31.12,17.2
2026-09-05T09:00:00Z,muppandal-wind,1500.0,1500.0,0.0,1500.0,771.24,659.19,13.95,9.22,29.12,16.8
2026-09-05T10:00:00Z,muppandal-wind,1500.0,325.7,0.0,325.7,395.78,282.14,8.12,5.36,27.36,60.7
2026-09-05T11:00:00Z,muppandal-wind,1500.0,1455.52,0.0,1455.52,457.38,351.75,17.37,11.47,29.76,22.4
2026-09-05T12:00:00Z,muppandal-wind,1500.0,477.68,0.0,477.68,193.46,121.69,8.82,5.83,27.95,53.4
2026-09-05T13:00:00Z,muppandal-wind,1500.0,83.78,0.0,83.78,82.93,45.36,6.25,4.13,26.06,0.0
2026-09-05T14:00:00Z,muppandal-wind,1500.0,12.72,0.0,12.72,0.0,0.0,4.72,3.12,24.13,17.6
2026-09-05T15:00:00Z,muppandal-wind,1500.0,1469.43,0.0,1469.43,0.0,0.0,15.34,10.14,21.01,22.7
2026-09-05T16:00:00Z,muppandal-wind,1500.0,901.26,0.0,901.26,0.0,0.0,10.23,6.76,20.73,36.8
2026-09-05T17:00:00Z,muppandal-wind,1500.0,8.55,0.0,8.55,0.0,0.0,4.5,2.98,17.99,26.5
2026-09-05T18:00:00Z,muppandal-wind,1500.0,945.77,0.0,945.77,0.0,0.0,10.27,6.78,13.44,28.9
2026-09-05T19:00:00Z,muppandal-wind,1500.0,1500.0,0.0,1500.0,0.0,0.0,15.98,10.56,12.69,29.7
2026-09-05T20:00:00Z,muppandal-wind,1500.0,201.94,0.0,201.94,0.0,0.0,7.41,4.89,11.92,13.5
2026-09-05T21:00:00Z,muppandal-wind,1500.0,98.15,0.0,98.15,0.0,0.0,6.41,4.23,10.96,17.7
2026-09-05T22:00:00Z,muppandal-wind,1500.0,1498.85,0.0,1498.85,0.0,0.0,13.88,9.17,8.91,38.8
2026-09-05T23:00:00Z,muppandal-wind,1500.0,1500.0,0.0,1500.0,0.0,0.0,18.2,12.02,10.8,34.9
2026-09-06T00:00:00Z,muppandal-wind,1500.0,1496.21,0.0,1496.21,0.0,0.0,17.28,11.42,12.06,20.6
2026-09-06T01:00:00Z,muppandal-wind,1500.0,149.7,0.0,149.7,41.63,19.85,6.96,4.6,10.6,3.1
2026-09-06T02:00:00Z,muppandal-wind,1500.0,359.85,0.0,359.85,265.92,183.76,8.29,5.48,16.75,10.7
2026-09-06T03:00:00Z,muppandal-wind,1500.0,1500.0,0.0,1500.0,380.17,280.18,14.9,9.85,19.79,34.7
2026-09-06T04:00:00Z,muppandal-wind,1500.0,328.64,0.0,328.64,534.16,421.88,8.16,5.39,20.0,32.9
2026-09-06T05:00:00Z,muppandal-wind,1500.0,783.3,0.0,783.3,573.88,455.38,9.91,6.55,23.21,43.9
2026-09-06T06:00:00Z,muppandal-wind,1500.0,1491.89,0.0,1491.89,591.77,468.28,13.03,8.61,22.01,50.1
2026-09-06T07:00:00Z,muppandal-wind,1500.0,1113.1,0.0,1113.1,898.07,791.58,10.72,7.08,26.68,13.2
2026-09-06T08:00:00Z,muppandal-wind,1500.0,1483.73,0.0,1483.73,973.41,871.36,18.53,12.24,29.79,0.0
2026-09-06T09:00:00Z,muppandal-wind,1500.0,1431.58,0.0,1431.58,690.47,575.34,19.5,12.88,30.86,28.7
2026-09-06T10:00:00Z,muppandal-wind,1500.0,616.44,0.0,616.44,654.41,541.34,9.35,6.18,29.07,15.4
2026-09-06T11:00:00Z,muppandal-wind,1500.0,667.47,0.0,667.47,445.97,340.98,9.51,6.28,30.12,25.1
2026-09-06T12:00:00Z,muppandal-wind,1500.0,1500.0,0.0,1500.0,259.7,178.08,20.73,13.69,27.28,27.1
2026-09-06T13:00:00Z,muppandal-wind,1500.0,494.81,0.0,494.81,82.62,45.16,8.86,5.85,27.96,0.5
2026-09-06T14:00:00Z,muppandal-wind,1500.0,1063.06,0.0,1063.06,0.0,0.0,10.66,7.04,25.12,21.0
2026-09-06T15:00:00Z,muppandal-wind,1500.0,57.1,0.0,57.1,0.0,0.0,5.87,3.88,19.55,29.3
2026-09-06T16:00:00Z,muppandal-wind,1500.0,1357.12,0.0,1357.12,0.0,0.0,13.25,8.75,21.36,0.0
2026-09-06T17:00:00Z,muppandal-wind,1500.0,1464.42,0.0,1464.42,0.0,0.0,15.69,10.37,16.47,25.5
2026-09-06T18:00:00Z,muppandal-wind,1500.0,551.03,0.0,551.03,0.0,0.0,9.01,5.95,16.1,24.1
2026-09-06T19:00:00Z,muppandal-wind,1500.0,421.02,0.0,421.02,0.0,0.0,8.49,5.61,15.96,12.6
2026-09-06T20:00:00Z,muppandal-wind,1500.0,1488.14,0.0,1488.14,0.0,0.0,18.95,12.52,11.06,23.9
2026-09-06T21:00:00Z,muppandal-wind,1500.0,27.81,0.0,27.81,0.0,0.0,5.27,3.48,10.97,41.0
2026-09-06T22:00:00Z,muppandal-wind,1500.0,1212.04,0.0,1212.04,0.0,0.0,10.94,7.23,10.11,40.9
2026-09-06T23:00:00Z,muppandal-wind,1500.0,1500.0,0.0,1500.0,0.0,0.0,13.9,9.19,11.27,27.3
2026-09-07T00:00:00Z,muppandal-wind,1500.0,108.24,0.0,108.24,0.0,0.0,6.51,4.3,10.92,63.8
2026-09-07T01:00:00Z,muppandal-wind,1500.0,35.47,0.0,35.47,39.8,18.81,5.41,3.57,12.7,8.6
2026-09-07T02:00:00Z,muppandal-wind,1500.0,1487.57,0.0,1487.57,253.93,173.81,12.87,8.5,14.17,16.1
2026-09-07T03:00:00Z,muppandal-wind,1500.0,1465.39,0.0,1465.39,369.52,270.25,14.38,9.5,17.48,37.4
2026-09-07T04:00:00Z,muppandal-wind,1500.0,37.51,0.0,37.51,636.66,523.83,5.47,3.61,17.68,14.2
2026-09-07T05:00:00Z,muppandal-wind,1500.0,601.81,0.0,601.81,694.19,579.72,9.21,6.09,19.8,25.8
2026-09-07T06:00:00Z,muppandal-wind,1500.0,1.89,0.0,1.89,601.07,478.1,3.9,2.58,24.25,48.9
2026-09-07T07:00:00Z,muppandal-wind,1500.0,39.56,0.0,39.56,787.3,673.77,5.55,3.67,26.32,27.6
2026-09-07T08:00:00Z,muppandal-wind,1500.0,59.38,0.0,59.38,840.08,730.31,5.92,3.91,27.09,17.8
2026-09-07T09:00:00Z,muppandal-wind,1500.0,57.0,0.0,57.0,670.06,554.15,5.82,3.85,26.0,31.7
2026-09-07T10:00:00Z,muppandal-wind,1500.0,1475.26,0.0,1475.26,422.04,308.46,21.32,14.09,31.47,56.1
2026-09-07T11:00:00Z,muppandal-wind,1500.0,1499.55,0.0,1499.55,344.49,245.11,13.82,9.13,29.41,49.0
2026-09-07T12:00:00Z,muppandal-wind,1500.0,65.27,0.0,65.27,306.01,217.49,5.97,3.94,27.85,8.8
2026-09-07T13:00:00Z,muppandal-wind,1500.0,818.68,0.0,818.68,44.24,20.35,10.03,6.63,28.15,60.7
2026-09-07T14:00:00Z,muppandal-wind,1500.0,361.28,0.0,361.28,0.0,0.0,8.23,5.43,26.31,30.5
2026-09-07T15:00:00Z,muppandal-wind,1500.0,44.04,0.0,44.04,0.0,0.0,5.62,3.71,19.18,43.0
2026-09-07T16:00:00Z,muppandal-wind,1500.0,1500.0,0.0,1500.0,0.0,0.0,14.34,9.47,16.55,34.4
2026-09-07T17:00:00Z,muppandal-wind,1500.0,1443.07,0.0,1443.07,0.0,0.0,16.5,10.9,14.59,59.1
2026-09-07T18:00:00Z,muppandal-wind,1500.0,799.73,0.0,799.73,0.0,0.0,9.95,6.57,15.44,27.3
2026-09-07T19:00:00Z,muppandal-wind,1500.0,27.56,0.0,27.56,0.0,0.0,5.25,3.47,10.06,48.8
2026-09-07T20:00:00Z,muppandal-wind,1500.0,512.57,0.0,512.57,0.0,0.0,8.96,5.92,13.79,40.1
2026-09-07T21:00:00Z,muppandal-wind,1500.0,1495.51,0.0,1495.51,0.0,0.0,15.05,9.94,8.49,11.2
2026-09-07T22:00:00Z,muppandal-wind,1500.0,689.57,0.0,689.57,0.0,0.0,9.58,6.33,9.27,32.5
2026-09-07T23:00:00Z,muppandal-wind,1500.0,0.0,0.0,0.0,0.0,0.0,0.76,0.5,10.41,6.9
2026-09-08T00:00:00Z,muppandal-wind,1500.0,17.97,0.0,17.97,0.0,0.0,4.96,3.28,10.17,37.7
2026-09-08T01:00:00Z,muppandal-wind,1500.0,1500.0,0.0,1500.0,38.26,17.94,15.96,10.54,15.34,13.3
2026-09-08T02:00:00Z,muppandal-wind,1500.0,1500.0,0.0,1500.0,289.75,203.55,14.03,9.27,12.27,0.0
2026-09-08T03:00:00Z,muppandal-wind,1500.0,1500.0,0.0,1500.0,396.28,295.21,14.72,9.72,17.14,30.7
2026-09-08T04:00:00Z,muppandal-wind,1500.0,16.14,0.0,16.14,539.26,426.95,4.88,3.22,20.7,32.0
2026-09-08T05:00:00Z,muppandal-wind,1500.0,1299.49,0.0,1299.49,601.83,484.26,11.11,7.34,22.22,39.7
2026-09-08T06:00:00Z,muppandal-wind,1500.0,243.52,0.0,243.52,963.37,860.58,7.59,5.01,22.8,0.0
2026-09-08T07:00:00Z,muppandal-wind,1500.0,43.61,0.0,43.61,999.8,899.78,5.62,3.71,29.54,0.0
2026-09-08T08:00:00Z,muppandal-wind,1500.0,66.53,0.0,66.53,845.18,735.71,6.01,3.97,24.76,17.1
2026-09-08T09:00:00Z,muppandal-wind,1500.0,390.84,0.0,390.84,877.3,769.3,8.49,5.61,32.63,1.3
2026-09-08T10:00:00Z,muppandal-wind,1500.0,1482.56,0.0,1482.56,739.87,626.98,14.0,9.25,28.64,0.5
2026-09-08T11:00:00Z,muppandal-wind,1500.0,38.2,0.0,38.2,408.32,305.41,5.5,3.63,30.12,34.0
2026-09-08T12:00:00Z,muppandal-wind,1500.0,1500.0,0.0,1500.0,289.79,203.68,19.08,12.61,30.0,15.2
2026-09-08T13:00:00Z,muppandal-wind,1500.0,194.01,0.0,194.01,68.4,35.97,7.32,4.84,25.53,22.8
2026-09-08T14:00:00Z,muppandal-wind,1500.0,575.33,0.0,575.33,0.0,0.0,9.24,6.11,25.79,4.3
2026-09-08T15:00:00Z,muppandal-wind,1500.0,0.0,0.0,0.0,0.0,0.0,2.25,1.48,20.33,43.7
2026-09-08T16:00:00Z,muppandal-wind,1500.0,1466.75,0.0,1466.75,0.0,0.0,13.93,9.2,17.94,17.6
2026-09-08T17:00:00Z,muppandal-wind,1500.0,60.11,0.0,60.11,0.0,0.0,5.88,3.88,18.76,19.9
2026-09-08T18:00:00Z,muppandal-wind,1500.0,768.4,0.0,768.4,0.0,0.0,9.78,6.46,15.18,9.6
2026-09-08T19:00:00Z,muppandal-wind,1500.0,65.74,0.0,65.74,0.0,0.0,5.97,3.94,13.59,52.2
2026-09-08T20:00:00Z,muppandal-wind,1500.0,0.0,0.0,0.0,0.0,0.0,1.57,1.04,14.13,9.9
2026-09-08T21:00:00Z,muppandal-wind,1500.0,14.73,0.0,14.73,0.0,0.0,4.85,3.2,9.87,49.5
2026-09-08T22:00:00Z,muppandal-wind,1500.0,42.3,0.0,42.3,0.0,0.0,5.59,3.7,10.22,36.1
2026-09-08T23:00:00Z,muppandal-wind,1500.0,197.28,0.0,197.28,0.0,0.0,7.31,4.83,11.11,16.8
2026-09-09T00:00:00Z,muppandal-wind,1500.0,1500.0,0.0,1500.0,0.0,0.0,18.69,12.35,10.7,3.6
2026-09-09T01:00:00Z,muppandal-wind,1500.0,173.02,0.0,173.02,28.46,12.4,7.16,4.73,15.0,43.2
2026-09-09T02:00:00Z,muppandal-wind,1500.0,925.81,0.0,925.81,287.07,201.32,10.28,6.79,15.7,1.2
2026-09-09T03:00:00Z,muppandal-wind,1500.0,1500.0,0.0,1500.0,400.73,299.36,12.4,8.19,18.83,29.6
2026-09-09T04:00:00Z,muppandal-wind,1500.0,1500.0,0.0,1500.0,307.09,196.03,12.06,7.97,19.64,74.2
2026-09-09T05:00:00Z,muppandal-wind,1500.0,0.0,0.0,0.0,695.87,581.46,1.67,1.1,20.79,25.6
2026-09-09T06:00:00Z,muppandal-wind,1500.0,416.8,0.0,416.8,898.93,792.56,8.51,5.62,24.82,8.7
2026-09-09T07:00:00Z,muppandal-wind,1500.0,566.32,0.0,566.32,718.44,600.53,9.19,6.07,29.19,36.6
2026-09-09T08:00:00Z,muppandal-wind,1500.0,18.01,0.0,18.01,936.53,832.35,4.92,3.25,28.76,4.9
2026-09-09T09:00:00Z,muppandal-wind,1500.0,740.91,0.0,740.91,456.73,332.68,9.64,6.37,28.46,63.0
2026-09-09T10:00:00Z,muppandal-wind,1500.0,1500.0,0.0,1500.0,699.01,586.03,17.91,11.84,31.13,7.6
2026-09-09T11:00:00Z,muppandal-wind,1500.0,646.23,0.0,646.23,392.52,290.48,9.43,6.23,28.01,37.7
2026-09-09T12:00:00Z,muppandal-wind,1500.0,1424.67,0.0,1424.67,274.75,190.89,12.18,8.05,27.91,21.2
2026-09-09T13:00:00Z,muppandal-wind,1500.0,0.0,0.0,0.0,57.18,28.72,3.06,2.02,26.27,40.4
2026-09-09T14:00:00Z,muppandal-wind,1500.0,1500.0,0.0,1500.0,0.0,0.0,24.65,16.29,27.17,12.8
2026-09-09T15:00:00Z,muppandal-wind,1500.0,747.78,0.0,747.78,0.0,0.0,9.72,6.42,23.91,48.6
2026-09-09T16:00:00Z,muppandal-wind,1500.0,1500.0,0.0,1500.0,0.0,0.0,20.0,13.21,18.06,38.6
2026-09-09T17:00:00Z,muppandal-wind,1500.0,17.52,0.0,17.52,0.0,0.0,4.92,3.25,20.64,39.2
2026-09-09T18:00:00Z,muppandal-wind,1500.0,35.51,0.0,35.51,0.0,0.0,5.43,3.59,14.06,43.1
2026-09-09T19:00:00Z,muppandal-wind,1500.0,994.54,0.0,994.54,0.0,0.0,10.39,6.86,13.97,13.3
2026-09-09T20:00:00Z,muppandal-wind,1500.0,35.67,0.0,35.67,0.0,0.0,5.47,3.61,10.36,58.7
2026-09-09T21:00:00Z,muppandal-wind,1500.0,1.27,0.0,1.27,0.0,0.0,3.81,2.51,11.56,49.8
2026-09-09T22:00:00Z,muppandal-wind,1500.0,553.76,0.0,553.76,0.0,0.0,9.03,5.96,11.76,11.4
2026-09-09T23:00:00Z,muppandal-wind,1500.0,1482.21,0.0,1482.21,0.0,0.0,12.39,8.19,8.77,18.5
2026-09-10T00:00:00Z,muppandal-wind,1500.0,1500.0,0.0,1500.0,0.0,0.0,15.25,10.08,12.74,35.8
2026-09-10T01:00:00Z,muppandal-wind,1500.0,1482.3,0.0,1482.3,31.07,13.87,14.66,9.69,11.37,35.3
2026-09-10T02:00:00Z,muppandal-wind,1500.0,1478.07,0.0,1478.07,150.53,87.97,11.5,7.6,15.06,62.5
2026-09-10T03:00:00Z,muppandal-wind,1500.0,30.88,0.0,30.88,379.5,279.56,5.34,3.53,16.89,34.9
2026-09-10T04:00:00Z,muppandal-wind,1500.0,1478.04,0.0,1478.04,410.51,298.9,12.36,8.17,19.33,55.4
2026-09-10T05:00:00Z,muppandal-wind,1500.0,201.28,0.0,201.28,730.05,616.78,7.32,4.84,22.9,20.5
2026-09-10T06:00:00Z,muppandal-wind,1500.0,38.91,0.0,38.91,567.14,442.28,5.56,3.67,24.29,53.5
2026-09-10T07:00:00Z,muppandal-wind,1500.0,1500.0,0.0,1500.0,970.32,868.43,17.5,11.56,27.27,3.8
2026-09-10T08:00:00Z,muppandal-wind,1500.0,917.33,0.0,917.33,634.24,512.54,10.25,6.78,30.35,45.3
2026-09-10T09:00:00Z,muppandal-wind,1500.0,1500.0,0.0,1500.0,529.03,407.74,14.44,9.54,32.93,52.4
2026-09-10T10:00:00Z,muppandal-wind,1500.0,1500.0,0.0,1500.0,484.58,371.13,22.84,15.09,29.46,45.2
2026-09-10T11:00:00Z,muppandal-wind,1500.0,149.96,0.0,149.96,291.72,195.25,6.92,4.57,27.51,61.4
2026-09-10T12:00:00Z,muppandal-wind,1500.0,280.53,0.0,280.53,247.05,167.31,7.83,5.17,29.28,32.1
2026-09-10T13:00:00Z,muppandal-wind,1500.0,0.0,0.0,0.0,76.82,41.41,2.83,1.87,26.54,9.6
2026-09-10T14:00:00Z,muppandal-wind,1500.0,1001.68,0.0,1001.68,0.0,0.0,10.47,6.92,24.58,24.6
2026-09-10T15:00:00Z,muppandal-wind,1500.0,1433.55,0.0,1433.55,0.0,0.0,11.6,7.67,24.55,0.7
2026-09-10T16:00:00Z,muppandal-wind,1500.0,13.36,0.0,13.36,0.0,0.0,4.78,3.15,17.99,40.8
2026-09-10T17:00:00Z,muppandal-wind,1500.0,119.88,0.0,119.88,0.0,0.0,6.68,4.41,15.48,32.0
2026-09-10T18:00:00Z,muppandal-wind,1500.0,502.32,0.0,502.32,0.0,0.0,8.92,5.9,13.91,7.7
2026-09-10T19:00:00Z,muppandal-wind,1500.0,1079.11,0.0,1079.11,0.0,0.0,10.64,7.03,14.4,48.7
2026-09-10T20:00:00Z,muppandal-wind,1500.0,1446.81,0.0,1446.81,0.0,0.0,16.45,10.87,13.19,34.7
2026-09-10T21:00:00Z,muppandal-wind,1500.0,1488.54,0.0,1488.54,0.0,0.0,14.55,9.61,11.2,0.0
2026-09-10T22:00:00Z,muppandal-wind,1500.0,1500.0,0.0,1500.0,0.0,0.0,18.57,12.27,10.93,0.0
2026-09-10T23:00:00Z,muppandal-wind,1500.0,410.33,0.0,410.33,0.0,0.0,8.46,5.59,9.91,24.9
2026-09-11T00:00:00Z,muppandal-wind,1500.0,0.0,0.0,0.0,0.0,0.0,1.69,1.12,10.52,29.9
2026-09-11T01:00:00Z,muppandal-wind,1500.0,1500.0,0.0,1500.0,28.76,12.56,19.04,12.58,13.34,42.3
2026-09-11T02:00:00Z,muppandal-wind,1500.0,39.54,0.0,39.54,207.79,135.5,5.53,3.65,16.08,36.8
2026-09-11T03:00:00Z,muppandal-wind,1500.0,0.0,0.0,0.0,518.67,409.37,1.66,1.1,18.1,0.0
2026-09-11T04:00:00Z,muppandal-wind,1500.0,0.0,0.0,0.0,685.13,572.03,2.73,1.81,22.76,5.4
2026-09-11T05:00:00Z,muppandal-wind,1500.0,52.25,0.0,52.25,600.24,482.62,5.82,3.84,25.54,39.9
2026-09-11T06:00:00Z,muppandal-wind,1500.0,81.64,0.0,81.64,605.23,482.49,6.22,4.11,23.06,48.3
2026-09-11T07:00:00Z,muppandal-wind,1500.0,1436.82,0.0,1436.82,815.53,703.79,11.43,7.55,26.0,24.0
2026-09-11T08:00:00Z,muppandal-wind,1500.0,981.3,0.0,981.3,926.12,821.34,10.5,6.93,29.05,6.3
2026-09-11T09:00:00Z,muppandal-wind,1500.0,0.0,0.0,0.0,699.49,584.7,25.38,16.77,29.53,27.3
2026-09-11T10:00:00Z,muppandal-wind,1500.0,1480.02,0.0,1480.02,702.03,589.06,11.6,7.67,28.98,7.1
2026-09-11T11:00:00Z,muppandal-wind,1500.0,1500.0,0.0,1500.0,552.76,441.87,21.97,14.52,28.81,0.0
2026-09-11T12:00:00Z,muppandal-wind,1500.0,48.28,0.0,48.28,328.15,236.34,5.74,3.79,28.79,0.0
2026-09-11T13:00:00Z,muppandal-wind,1500.0,1482.92,0.0,1482.92,61.05,31.22,11.58,7.65,27.62,34.3
2026-09-11T14:00:00Z,muppandal-wind,1500.0,1500.0,0.0,1500.0,0.0,0.0,17.57,11.61,24.63,35.3
2026-09-11T15:00:00Z,muppandal-wind,1500.0,1500.0,0.0,1500.0,0.0,0.0,11.96,7.9,19.73,38.9
2026-09-11T16:00:00Z,muppandal-wind,1500.0,567.26,0.0,567.26,0.0,0.0,9.18,6.07,20.98,13.5
2026-09-11T17:00:00Z,muppandal-wind,1500.0,1435.2,0.0,1435.2,0.0,0.0,14.41,9.52,18.22,42.2
2026-09-11T18:00:00Z,muppandal-wind,1500.0,1500.0,0.0,1500.0,0.0,0.0,19.56,12.92,15.61,46.4
2026-09-11T19:00:00Z,muppandal-wind,1500.0,377.8,0.0,377.8,0.0,0.0,8.44,5.57,11.17,20.1
2026-09-11T20:00:00Z,muppandal-wind,1500.0,301.88,0.0,301.88,0.0,0.0,8.05,5.32,13.33,34.4
2026-09-11T21:00:00Z,muppandal-wind,1500.0,4.82,0.0,4.82,0.0,0.0,4.26,2.81,11.96,10.6
2026-09-11T22:00:00Z,muppandal-wind,1500.0,166.18,0.0,166.18,0.0,0.0,7.08,4.68,10.09,38.1
2026-09-11T23:00:00Z,muppandal-wind,1500.0,53.4,0.0,53.4,0.0,0.0,5.77,3.81,11.48,38.2
2026-09-12T00:00:00Z,muppandal-wind,1500.0,1500.0,0.0,1500.0,0.0,0.0,15.4,10.17,13.6,12.2
2026-09-12T01:00:00Z,muppandal-wind,1500.0,0.0,0.0,0.0,29.12,12.77,0.89,0.59,12.96,41.2
2026-09-12T02:00:00Z,muppandal-wind,1500.0,3.19,0.0,3.19,279.26,194.84,4.07,2.69,16.53,4.7
2026-09-12T03:00:00Z,muppandal-wind,1500.0,1500.0,0.0,1500.0,429.06,325.78,17.65,11.66,16.45,22.5
2026-09-12T04:00:00Z,muppandal-wind,1500.0,594.9,0.0,594.9,658.87,545.92,9.24,6.1,20.47,10.2
2026-08-13T05:00:00Z,hornsea-wind,1386.0,449.57,0.0,449.57,0.0,0.0,9.19,6.07,11.8,40.0
2026-08-13T06:00:00Z,hornsea-wind,1386.0,449.83,0.0,449.83,24.1,10.29,9.2,6.08,15.95,23.1
2026-08-13T07:00:00Z,hornsea-wind,1386.0,1322.2,0.0,1322.2,151.23,89.37,15.48,10.22,14.97,59.0
2026-08-13T08:00:00Z,hornsea-wind,1386.0,1382.48,0.0,1382.48,363.97,265.52,12.97,8.57,18.37,36.7
2026-08-13T09:00:00Z,hornsea-wind,1386.0,0.07,0.0,0.07,685.65,572.47,3.33,2.2,18.22,3.7
2026-08-13T10:00:00Z,hornsea-wind,1386.0,1386.0,0.0,1386.0,511.42,391.28,13.35,8.82,21.34,52.7
2026-08-13T11:00:00Z,hornsea-wind,1386.0,1386.0,0.0,1386.0,959.71,856.66,17.74,11.72,25.32,0.0
2026-08-13T12:00:00Z,hornsea-wind,1386.0,838.26,0.0,838.26,949.88,846.69,10.67,7.05,26.53,6.4
2026-08-13T13:00:00Z,hornsea-wind,1386.0,0.14,0.0,0.14,827.67,717.13,3.43,2.26,25.54,19.8
2026-08-13T14:00:00Z,hornsea-wind,1386.0,538.84,0.0,538.84,731.82,618.14,9.52,6.29,30.21,23.3
2026-08-13T15:00:00Z,hornsea-wind,1386.0,1339.27,0.0,1339.27,457.76,343.71,13.74,9.08,26.7,50.8
2026-08-13T16:00:00Z,hornsea-wind,1386.0,743.65,0.0,743.65,419.88,315.97,10.34,6.83,30.03,33.2
2026-08-13T17:00:00Z,hornsea-wind,1386.0,233.89,0.0,233.89,302.08,214.1,7.9,5.22,31.05,14.7
2026-08-13T18:00:00Z,hornsea-wind,1386.0,552.45,0.0,552.45,84.44,46.38,9.55,6.31,25.77,15.9
2026-08-13T19:00:00Z,hornsea-wind,1386.0,1215.42,0.0,1215.42,0.0,0.0,11.6,7.66,24.24,56.3
2026-08-13T20:00:00Z,hornsea-wind,1386.0,923.51,0.0,923.51,0.0,0.0,10.69,7.07,23.65,8.7
2026-08-13T21:00:00Z,hornsea-wind,1386.0,231.14,0.0,231.14,0.0,0.0,8.03,5.31,19.63,3.6
2026-08-13T22:00:00Z,hornsea-wind,1386.0,1271.73,0.0,1271.73,0.0,0.0,11.93,7.88,18.07,44.3
2026-08-13T23:00:00Z,hornsea-wind,1386.0,1386.0,0.0,1386.0,0.0,0.0,17.57,11.61,12.94,18.7
2026-08-14T00:00:00Z,hornsea-wind,1386.0,1379.77,0.0,1379.77,0.0,0.0,15.36,10.15,12.16,74.9
2026-08-14T01:00:00Z,hornsea-wind,1386.0,1386.0,0.0,1386.0,0.0,0.0,15.84,10.46,9.03,26.1
2026-08-14T02:00:00Z,hornsea-wind,1386.0,25.38,0.0,25.38,0.0,0.0,5.37,3.55,10.7,47.0
2026-08-14T03:00:00Z,hornsea-wind,1386.0,1363.71,0.0,1363.71,0.0,0.0,12.94,8.55,10.54,21.6
2026-08-14T04:00:00Z,hornsea-wind,1386.0,1373.09,0.0,1373.09,0.0,0.0,15.66,10.35,8.26,19.9
2026-08-14T05:00:00Z,hornsea-wind,1386.0,184.2,0.0,184.2,0.0,0.0,7.57,5.0,10.95,39.5
2026-08-14T06:00:00Z,hornsea-wind,1386.0,12.55,0.0,12.55,20.31,8.3,4.88,3.22,14.11,39.9
2026-08-14T07:00:00Z,hornsea-wind,1386.0,1366.1,0.0,1366.1,276.98,192.83,13.67,9.03,16.95,0.0
2026-08-14T08:00:00Z,hornsea-wind,1386.0,1043.32,0.0,1043.32,426.8,323.87,11.16,7.37,16.21,20.6
2026-08-14T09:00:00Z,hornsea-wind,1386.0,268.75,0.0,268.75,705.62,592.28,8.32,5.49,16.73,0.0
2026-08-14T10:00:00Z,hornsea-wind,1386.0,11.88,0.0,11.88,705.3,591.36,4.83,3.19,23.9,23.3
2026-08-14T11:00:00Z,hornsea-wind,1386.0,64.28,0.0,64.28,733.23,617.75,6.28,4.15,24.65,30.7
2026-08-14T12:00:00Z,hornsea-wind,1386.0,698.49,0.0,698.49,992.32,891.82,10.22,6.75,25.6,0.9
2026-08-14T13:00:00Z,hornsea-wind,1386.0,21.73,0.0,21.73,754.38,639.55,5.3,3.5,30.53,29.6
2026-08-14T14:00:00Z,hornsea-wind,1386.0,8.9,0.0,8.9,600.82,481.95,4.65,3.07,30.89,42.4
2026-08-14T15:00:00Z,hornsea-wind,1386.0,45.87,0.0,45.87,701.54,588.6,5.87,3.88,30.23,8.6
2026-08-14T16:00:00Z,hornsea-wind,1386.0,583.9,0.0,583.9,410.93,307.48,9.81,6.48,28.96,35.3
2026-08-14T17:00:00Z,hornsea-wind,1386.0,83.38,0.0,83.38,239.86,160.75,6.52,4.31,27.21,38.5
2026-08-14T18:00:00Z,hornsea-wind,1386.0,531.7,0.0,531.7,68.98,36.08,9.55,6.31,26.72,36.8
2026-08-14T19:00:00Z,hornsea-wind,1386.0,5.85,0.0,5.85,0.0,0.0,4.44,2.93,27.09,38.6
2026-08-14T20:00:00Z,hornsea-wind,1386.0,0.0,0.0,0.0,0.0,0.0,1.4,0.93,24.99,2.5
2026-08-14T21:00:00Z,hornsea-wind,1386.0,0.0,0.0,0.0,0.0,0.0,1.35,0.89,19.36,23.2
2026-08-14T22:00:00Z,hornsea-wind,1386.0,261.28,0.0,261.28,0.0,0.0,8.27,5.47,18.42,22.9
2026-08-14T23:00:00Z,hornsea-wind,1386.0,0.0,0.0,0.0,0.0,0.0,1.66,1.1,15.17,23.7
2026-08-15T00:00:00Z,hornsea-wind,1386.0,218.5,0.0,218.5,0.0,0.0,7.98,5.27,11.56,16.2
2026-08-15T01:00:00Z,hornsea-wind,1386.0,1373.71,0.0,1373.71,0.0,0.0,18.86,12.46,11.15,45.1
2026-08-15T02:00:00Z,hornsea-wind,1386.0,45.47,0.0,45.47,0.0,0.0,5.85,3.87,12.46,22.4
2026-08-15T03:00:00Z,hornsea-wind,1386.0,1386.0,0.0,1386.0,0.0,0.0,12.75,8.42,13.2,26.1
2026-08-15T04:00:00Z,hornsea-wind,1386.0,114.3,0.0,114.3,0.0,0.0,6.91,4.56,9.38,32.3
2026-08-15T05:00:00Z,hornsea-wind,1386.0,368.32,0.0,368.32,0.0,0.0,8.68,5.73,10.19,23.9
2026-08-15T06:00:00Z,hornsea-wind,1386.0,20.01,0.0,20.01,18.3,7.24,5.21,3.44,13.12,48.8
2026-08-15T07:00:00Z,hornsea-wind,1386.0,0.0,0.0,0.0,215.76,142.46,28.5,18.83,16.29,28.7
2026-08-15T08:00:00Z,hornsea-wind,1386.0,1377.87,0.0,1377.87,281.8,189.22,14.26,9.42,17.77,57.8
2026-08-15T09:00:00Z,hornsea-wind,1386.0,1332.62,0.0,1332.62,589.49,477.08,11.78,7.78,19.41,21.4
2026-08-15T10:00:00Z,hornsea-wind,1386.0,747.94,0.0,747.94,394.73,270.86,10.38,6.86,23.71,70.3
2026-08-15T11:00:00Z,hornsea-wind,1386.0,1365.56,0.0,1365.56,725.18,609.25,13.42,8.86,25.17,31.8
2026-08-15T12:00:00Z,hornsea-wind,1386.0,1225.9,0.0,1225.9,729.9,612.74,11.59,7.66,26.2,35.1
2026-08-15T13:00:00Z,hornsea-wind,1386.0,346.61,0.0,346.61,847.53,738.15,8.7,5.75,27.45,17.2
2026-08-15T14:00:00Z,hornsea-wind,1386.0,213.82,0.0,213.82,647.24,530.21,7.84,5.18,25.83,35.7
2026-08-15T15:00:00Z,hornsea-wind,1386.0,1344.41,0.0,1344.41,516.52,402.74,21.97,14.52,31.53,40.6
2026-08-15T16:00:00Z,hornsea-wind,1386.0,1384.23,0.0,1384.23,405.11,301.96,14.4,9.51,33.1,36.6
2026-08-15T17:00:00Z,hornsea-wind,1386.0,35.7,0.0,35.7,300.66,212.88,5.63,3.72,30.4,15.3
2026-08-15T18:00:00Z,hornsea-wind,1386.0,1386.0,0.0,1386.0,96.19,54.2,15.49,10.23,30.01,0.0
2026-08-15T19:00:00Z,hornsea-wind,1386.0,112.21,0.0,112.21,0.0,0.0,6.9,4.56,25.34,28.8
2026-08-15T20:00:00Z,hornsea-wind,1386.0,320.25,0.0,320.25,0.0,0.0,8.5,5.61,23.49,49.7
2026-08-15T21:00:00Z,hornsea-wind,1386.0,897.58,0.0,897.58,0.0,0.0,10.84,7.16,20.27,42.8
2026-08-15T22:00:00Z,hornsea-wind,1386.0,447.77,0.0,447.77,0.0,0.0,9.19,6.07,17.88,45.9
2026-08-15T23:00:00Z,hornsea-wind,1386.0,1353.42,0.0,1353.42,0.0,0.0,12.33,8.15,14.65,39.2
2026-08-16T00:00:00Z,hornsea-wind,1386.0,0.0,0.0,0.0,0.0,0.0,3.05,2.02,11.58,44.0
2026-08-16T01:00:00Z,hornsea-wind,1386.0,1386.0,0.0,1386.0,0.0,0.0,14.03,9.27,11.7,24.6
2026-08-16T02:00:00Z,hornsea-wind,1386.0,1312.68,0.0,1312.68,0.0,0.0,18.75,12.39,10.06,33.5
2026-08-16T03:00:00Z,hornsea-wind,1386.0,1221.46,0.0,1221.46,0.0,0.0,11.67,7.71,10.02,38.2
2026-08-16T04:00:00Z,hornsea-wind,1386.0,0.05,0.0,0.05,0.0,0.0,3.31,2.18,10.55,20.3
2026-08-16T05:00:00Z,hornsea-wind,1386.0,1372.87,0.0,1372.87,0.0,0.0,21.4,14.14,12.92,51.1
2026-08-16T06:00:00Z,hornsea-wind,1386.0,1386.0,0.0,1386.0,22.98,9.7,25.76,17.02,12.38,28.1
2026-08-16T07:00:00Z,hornsea-wind,1386.0,1386.0,0.0,1386.0,178.4,111.72,18.85,12.46,15.61,46.3
2026-08-16T08:00:00Z,hornsea-wind,1386.0,1386.0,0.0,1386.0,286.31,193.4,14.42,9.53,17.54,56.6
2026-08-16T09:00:00Z,hornsea-wind,1386.0,6.62,0.0,6.62,531.01,419.07,4.54,3.0,20.99,32.2
2026-08-16T10:00:00Z,hornsea-wind,1386.0,1386.0,0.0,1386.0,660.99,545.63,15.48,10.23,25.86,30.0
2026-08-16T11:00:00Z,hornsea-wind,1386.0,1386.0,0.0,1386.0,602.2,479.52,17.43,11.52,24.16,48.4
2026-08-16T12:00:00Z,hornsea-wind,1386.0,0.0,0.0,0.0,778.06,663.95,1.53,1.01,29.17,28.8
2026-08-16T13:00:00Z,hornsea-wind,1386.0,1366.61,0.0,1366.61,537.3,409.75,13.47,8.9,27.16,58.5
2026-08-16T14:00:00Z,hornsea-wind,1386.0,1312.14,0.0,1312.14,891.96,784.61,14.03,9.27,29.97,0.0
2026-08-16T15:00:00Z,hornsea-wind,1386.0,5.8,0.0,5.8,704.57,591.64,4.46,2.94,30.11,8.1
2026-08-16T16:00:00Z,hornsea-wind,1386.0,1385.61,0.0,1385.61,492.16,384.53,13.76,9.09,30.95,16.5
2026-08-16T17:00:00Z,hornsea-wind,1386.0,19.12,0.0,19.12,298.39,210.94,5.16,3.41,28.33,16.1
2026-08-16T18:00:00Z,hornsea-wind,1386.0,165.9,0.0,165.9,90.09,50.14,7.5,4.95,27.41,8.3
2026-08-16T19:00:00Z,hornsea-wind,1386.0,1314.27,0.0,1314.27,0.0,0.0,15.12,9.99,22.86,62.3
2026-08-16T20:00:00Z,hornsea-wind,1386.0,1355.22,0.0,1355.22,0.0,0.0,13.15,8.68,23.92,25.3
2026-08-16T21:00:00Z,hornsea-wind,1386.0,1352.43,0.0,1352.43,0.0,0.0,11.77,7.78,21.53,10.6
2026-08-16T22:00:00Z,hornsea-wind,1386.0,197.25,0.0,197.25,0.0,0.0,7.8,5.15,15.61,26.7
2026-08-16T23:00:00Z,hornsea-wind,1386.0,1308.48,0.0,1308.48,0.0,0.0,13.82,9.13,15.44,33.9
2026-08-17T00:00:00Z,hornsea-wind,1386.0,1266.68,0.0,1266.68,0.0,0.0,11.69,7.73,13.49,50.9
2026-08-17T01:00:00Z,hornsea-wind,1386.0,732.59,0.0,732.59,0.0,0.0,10.23,6.76,11.03,8.4
2026-08-17T02:00:00Z,hornsea-wind,1386.0,271.98,0.0,271.98,0.0,0.0,8.32,5.5,12.4,39.1
2026-08-17T03:00:00Z,hornsea-wind,1386.0,1356.12,0.0,1356.12,0.0,0.0,18.89,12.48,10.82,23.1
2026-08-17T04:00:00Z,hornsea-wind,1386.0,618.15,0.0,618.15,0.0,0.0,9.87,6.52,9.87,51.2
2026-08-17T05:00:00Z,hornsea-wind,1386.0,885.43,0.0,885.43,0.0,0.0,10.67,7.05,11.85,41.5
2026-08-17T06:00:00Z,hornsea-wind,1386.0,38.07,0.0,38.07,21.1,8.71,5.72,3.78,14.3,36.4
2026-08-17T07:00:00Z,hornsea-wind,1386.0,1386.0,0.0,1386.0,261.27,179.91,17.68,11.68,14.75,7.4
2026-08-17T08:00:00Z,hornsea-wind,1386.0,402.51,0.0,402.51,416.44,314.24,8.99,5.94,19.57,23.3
2026-08-17T09:00:00Z,hornsea-wind,1386.0,1386.0,0.0,1386.0,579.24,466.92,11.87,7.84,16.52,23.3
2026-08-17T10:00:00Z,hornsea-wind,1386.0,0.0,0.0,0.0,847.39,737.99,3.13,2.07,22.39,1.9
2026-08-17T11:00:00Z,hornsea-wind,1386.0,14.95,0.0,14.95,790.91,678.6,5.0,3.3,28.0,22.9
2026-08-17T12:00:00Z,hornsea-wind,1386.0,548.99,0.0,548.99,820.98,709.61,9.65,6.38,26.54,23.2
2026-08-17T13:00:00Z,hornsea-wind,1386.0,1.88,0.0,1.88,339.19,200.05,4.01,2.65,29.8,84.8
2026-08-17T14:00:00Z,hornsea-wind,1386.0,1368.65,0.0,1368.65,891.96,784.61,18.92,12.5,31.88,0.0
2026-08-17T15:00:00Z,hornsea-wind,1386.0,102.65,0.0,102.65,635.31,522.07,6.76,4.47,31.5,20.1
2026-08-17T16:00:00Z,hornsea-wind,1386.0,1178.52,0.0,1178.52,373.1,271.61,11.5,7.6,28.6,44.0
2026-08-17T17:00:00Z,hornsea-wind,1386.0,252.45,0.0,252.45,309.86,220.78,8.19,5.41,28.39,11.8
2026-08-17T18:00:00Z,hornsea-wind,1386.0,1371.91,0.0,1371.91,73.85,39.32,13.75,9.08,26.72,30.2
2026-08-17T19:00:00Z,hornsea-wind,1386.0,1182.68,0.0,1182.68,0.0,0.0,11.65,7.69,26.27,60.6
2026-08-17T20:00:00Z,hornsea-wind,1386.0,1386.0,0.0,1386.0,0.0,0.0,16.51,10.91,25.2,35.6
2026-08-17T21:00:00Z,hornsea-wind,1386.0,770.34,0.0,770.34,0.0,0.0,10.52,6.95,19.9,33.6
2026-08-17T22:00:00Z,hornsea-wind,1386.0,44.32,0.0,44.32,0.0,0.0,5.82,3.85,16.8,42.8
2026-08-17T23:00:00Z,hornsea-wind,1386.0,33.28,0.0,33.28,0.0,0.0,5.57,3.68,14.4,23.4
2026-08-18T00:00:00Z,hornsea-wind,1386.0,222.48,0.0,222.48,0.0,0.0,7.88,5.21,13.48,16.4
2026-08-18T01:00:00Z,hornsea-wind,1386.0,572.73,0.0,572.73,0.0,0.0,9.8,6.47,10.71,25.6
2026-08-18T02:00:00Z,hornsea-wind,1386.0,1386.0,0.0,1386.0,0.0,0.0,15.25,10.07,11.17,28.4
2026-08-18T03:00:00Z,hornsea-wind,1386.0,744.87,0.0,744.87,0.0,0.0,10.26,6.78,9.24,35.7
2026-08-18T04:00:00Z,hornsea-wind,1386.0,1386.0,0.0,1386.0,0.0,0.0,15.04,9.94,10.39,35.7
2026-08-18T05:00:00Z,hornsea-wind,1386.0,1386.0,0.0,1386.0,0.0,0.0,14.65,9.68,10.55,7.2
2026-08-18T06:00:00Z,hornsea-wind,1386.0,1326.85,0.0,1326.85,17.54,6.84,16.16,10.68,13.16,52.2
2026-08-18T07:00:00Z,hornsea-wind,1386.0,297.6,0.0,297.6,276.98,192.83,8.34,5.51,14.0,0.0
2026-08-18T08:00:00Z,hornsea-wind,1386.0,1386.0,0.0,1386.0,311.06,216.39,12.72,8.41,15.99,50.3
2026-08-18T09:00:00Z,hornsea-wind,1386.0,1190.26,0.0,1190.26,689.93,576.72,11.48,7.58,21.12,2.9
2026-08-18T10:00:00Z,hornsea-wind,1386.0,1375.9,0.0,1375.9,603.28,486.07,21.26,14.04,21.6,38.8
2026-08-18T11:00:00Z,hornsea-wind,1386.0,998.28,0.0,998.28,948.0,844.31,11.05,7.3,24.46,1.6
2026-08-18T12:00:00Z,hornsea-wind,1386.0,143.5,0.0,143.5,982.7,881.6,7.23,4.78,27.22,2.2
2026-08-18T13:00:00Z,hornsea-wind,1386.0,1380.94,0.0,1380.94,933.94,829.62,13.43,8.87,28.52,5.6
2026-08-18T14:00:00Z,hornsea-wind,1386.0,0.84,0.0,0.84,784.31,672.71,3.77,2.49,29.28,15.7
2026-08-18T15:00:00Z,hornsea-wind,1386.0,1386.0,0.0,1386.0,481.15,367.2,19.23,12.71,32.57,46.8
2026-08-18T16:00:00Z,hornsea-wind,1386.0,1386.0,0.0,1386.0,364.39,263.34,14.01,9.26,30.01,46.0
2026-08-18T17:00:00Z,hornsea-wind,1386.0,0.0,0.0,0.0,217.49,141.56,2.06,1.36,28.32,47.0
2026-08-18T18:00:00Z,hornsea-wind,1386.0,507.61,0.0,507.61,96.19,54.2,9.45,6.24,27.38,0.0
2026-08-18T19:00:00Z,hornsea-wind,1386.0,609.51,0.0,609.51,0.0,0.0,9.81,6.48,21.81,45.8
2026-08-18T20:00:00Z,hornsea-wind,1386.0,1361.3,0.0,1361.3,0.0,0.0,12.98,8.58,22.86,44.3
2026-08-18T21:00:00Z,hornsea-wind,1386.0,1343.9,0.0,1343.9,0.0,0.0,11.92,7.87,19.54,50.9
2026-08-18T22:00:00Z,hornsea-wind,1386.0,44.51,0.0,44.51,0.0,0.0,5.86,3.87,21.7,4.0
2026-08-18T23:00:00Z,hornsea-wind,1386.0,693.26,0.0,693.26,0.0,0.0,10.23,6.76,13.68,10.0
2026-08-19T00:00:00Z,hornsea-wind,1386.0,0.0,0.0,0.0,0.0,0.0,2.15,1.42,11.23,59.3
2026-08-19T01:00:00Z,hornsea-wind,1386.0,71.42,0.0,71.42,0.0,0.0,6.4,4.23,12.52,53.0
2026-08-19T02:00:00Z,hornsea-wind,1386.0,1373.3,0.0,1373.3,0.0,0.0,15.3,10.11,9.54,21.6
2026-08-19T03:00:00Z,hornsea-wind,1386.0,0.0,0.0,0.0,0.0,0.0,0.76,0.5,10.25,36.0
2026-08-19T04:00:00Z,hornsea-wind,1386.0,1187.29,0.0,1187.29,0.0,0.0,11.54,7.62,10.13,44.4
2026-08-19T05:00:00Z,hornsea-wind,1386.0,1357.29,0.0,1357.29,0.0,0.0,13.07,8.63,10.71,17.4
2026-08-19T06:00:00Z,hornsea-wind,1386.0,1333.55,0.0,1333.55,23.32,9.88,14.12,9.33,11.75,26.6
2026-08-19T07:00:00Z,hornsea-wind,1386.0,1386.0,0.0,1386.0,228.33,152.81,16.21,10.71,16.19,22.8
2026-08-19T08:00:00Z,hornsea-wind,1386.0,573.83,0.0,573.83,481.9,375.03,9.7,6.41,17.65,6.5
2026-08-19T09:00:00Z,hornsea-wind,1386.0,118.18,0.0,118.18,582.62,470.27,6.99,4.62,20.5,22.7
2026-08-19T10:00:00Z,hornsea-wind,1386.0,425.25,0.0,425.25,588.14,470.45,9.08,6.0,19.29,41.1
2026-08-19T11:00:00Z,hornsea-wind,1386.0,1386.0,0.0,1386.0,829.19,718.97,15.55,10.28,26.4,17.7
2026-08-19T12:00:00Z,hornsea-wind,1386.0,1370.55,0.0,1370.55,781.36,667.46,13.48,8.9,26.25,28.4
2026-08-19T13:00:00Z,hornsea-wind,1386.0,1366.05,0.0,1366.05,927.34,822.64,19.4,12.81,28.07,6.5
2026-08-19T14:00:00Z,hornsea-wind,1386.0,0.0,0.0,0.0,792.23,680.94,2.45,1.62,28.66,14.5
2026-08-19T15:00:00Z,hornsea-wind,1386.0,1386.0,0.0,1386.0,654.06,540.9,24.38,16.11,28.73,16.9
2026-08-19T16:00:00Z,hornsea-wind,1386.0,437.63,0.0,437.63,478.81,371.86,9.09,6.0,27.29,19.6
2026-08-19T17:00:00Z,hornsea-wind,1386.0,1386.0,0.0,1386.0,287.97,202.0,11.99,7.92,30.07,20.1
2026-08-19T18:00:00Z,hornsea-wind,1386.0,32.47,0.0,32.47,96.19,54.2,5.63,3.72,27.14,0.0
2026-08-19T19:00:00Z,hornsea-wind,1386.0,0.09,0.0,0.09,0.0,0.0,3.36,2.22,25.34,22.3
2026-08-19T20:00:00Z,hornsea-wind,1386.0,485.14,0.0,485.14,0.0,0.0,9.41,6.22,21.67,34.6
2026-08-19T21:00:00Z,hornsea-wind,1386.0,1330.92,0.0,1330.92,0.0,0.0,13.09,8.65,19.39,18.6
2026-08-19T22:00:00Z,hornsea-wind,1386.0,646.52,0.0,646.52,0.0,0.0,10.01,6.62,17.64,0.0
2026-08-19T23:00:00Z,hornsea-wind,1386.0,1364.24,0.0,1364.24,0.0,0.0,12.41,8.2,14.55,34.9
2026-08-20T00:00:00Z,hornsea-wind,1386.0,0.0,0.0,0.0,0.0,0.0,1.88,1.24,13.09,59.2
2026-08-20T01:00:00Z,hornsea-wind,1386.0,33.85,0.0,33.85,0.0,0.0,5.6,3.7,12.11,26.0
2026-08-20T02:00:00Z,hornsea-wind,1386.0,1386.0,0.0,1386.0,0.0,0.0,23.57,15.57,7.8,54.9
2026-08-20T03:00:00Z,hornsea-wind,1386.0,1.32,0.0,1.32,0.0,0.0,3.88,2.56,10.78,43.2
2026-08-20T04:00:00Z,hornsea-wind,1386.0,1.75,0.0,1.75,0.0,0.0,3.98,2.63,11.63,47.4
2026-08-20T05:00:00Z,hornsea-wind,1386.0,0.0,0.0,0.0,0.0,0.0,2.96,1.96,12.67,43.2
2026-08-20T06:00:00Z,hornsea-wind,1386.0,1386.0,0.0,1386.0,18.43,7.31,14.3,9.45,13.68,48.3
2026-08-20T07:00:00Z,hornsea-wind,1386.0,0.0,0.0,0.0,166.35,101.81,2.25,1.49,15.0,51.9
2026-08-20T08:00:00Z,hornsea-wind,1386.0,21.67,0.0,21.67,419.95,317.5,5.28,3.49,17.33,22.4
2026-08-20T09:00:00Z,hornsea-wind,1386.0,1329.11,0.0,1329.11,513.96,402.15,13.37,8.83,21.84,35.3
2026-08-20T10:00:00Z,hornsea-wind,1386.0,9.46,0.0,9.46,649.08,533.33,4.69,3.1,24.82,31.8
2026-08-20T11:00:00Z,hornsea-wind,1386.0,507.13,0.0,507.13,801.85,690.14,9.36,6.18,25.49,21.4
2026-08-20T12:00:00Z,hornsea-wind,1386.0,348.97,0.0,348.97,659.27,537.62,8.71,5.76,28.91,44.2
2026-08-20T13:00:00Z,hornsea-wind,1386.0,320.35,0.0,320.35,975.91,874.05,8.6,5.68,28.91,0.1
2026-08-20T14:00:00Z,hornsea-wind,1386.0,538.29,0.0,538.29,654.25,537.49,9.6,6.34,29.83,34.6
2026-08-20T15:00:00Z,hornsea-wind,1386.0,106.39,0.0,106.39,572.51,458.98,6.85,4.53,28.51,31.0
2026-08-20T16:00:00Z,hornsea-wind,1386.0,742.4,0.0,742.4,508.24,399.78,10.32,6.82,29.4,12.8
2026-08-20T17:00:00Z,hornsea-wind,1386.0,693.81,0.0,693.81,294.86,207.91,10.16,6.72,27.69,17.5
2026-08-20T18:00:00Z,hornsea-wind,1386.0,1374.45,0.0,1374.45,96.19,54.2,14.96,9.89,25.22,0.0
2026-08-20T19:00:00Z,hornsea-wind,1386.0,1.5,0.0,1.5,0.0,0.0,3.92,2.59,25.19,37.2
2026-08-20T20:00:00Z,hornsea-wind,1386.0,6.6,0.0,6.6,0.0,0.0,4.52,2.99,19.75,23.3
2026-08-20T21:00:00Z,hornsea-wind,1386.0,1092.8,0.0,1092.8,0.0,0.0,11.33,7.48,21.43,8.4
2026-08-20T22:00:00Z,hornsea-wind,1386.0,40.08,0.0,40.08,0.0,0.0,5.77,3.82,16.86,27.7
2026-08-20T23:00:00Z,hornsea-wind,1386.0,81.14,0.0,81.14,0.0,0.0,6.53,4.31,12.25,0.5
2026-08-21T00:00:00Z,hornsea-wind,1386.0,0.13,0.0,0.13,0.0,0.0,3.41,2.25,14.45,14.3
2026-08-21T01:00:00Z,hornsea-wind,1386.0,838.11,0.0,838.11,0.0,0.0,10.6,7.01,13.22,45.5
2026-08-21T02:00:00Z,hornsea-wind,1386.0,8.37,0.0,8.37,0.0,0.0,4.62,3.05,11.48,24.6
2026-08-21T03:00:00Z,hornsea-wind,1386.0,4.67,0.0,4.67,0.0,0.0,4.34,2.87,10.01,39.4
2026-08-21T04:00:00Z,hornsea-wind,1386.0,1386.0,0.0,1386.0,0.0,0.0,15.45,10.21,10.72,31.0
2026-08-21T05:00:00Z,hornsea-wind,1386.0,1343.35,0.0,1343.35,0.0,0.0,19.61,12.96,12.15,16.1
2026-08-21T06:00:00Z,hornsea-wind,1386.0,1357.0,0.0,1357.0,19.64,7.95,18.88,12.48,12.35,42.9
2026-08-21T07:00:00Z,hornsea-wind,1386.0,266.13,0.0,266.13,161.75,98.02,8.24,5.45,13.51,54.1
2026-08-21T08:00:00Z,hornsea-wind,1386.0,0.0,0.0,0.0,503.91,395.48,2.04,1.34,12.92,0.9
2026-08-21T09:00:00Z,hornsea-wind,1386.0,459.26,0.0,459.26,705.62,592.28,9.24,6.11,19.41,0.0
2026-08-21T10:00:00Z,hornsea-wind,1386.0,1345.97,0.0,1345.97,588.29,470.61,13.28,8.77,22.25,41.0
2026-08-21T11:00:00Z,hornsea-wind,1386.0,1386.0,0.0,1386.0,959.71,856.66,12.0,7.93,26.05,0.0
2026-08-21T12:00:00Z,hornsea-wind,1386.0,301.77,0.0,301.77,902.45,796.24,8.36,5.52,26.85,12.6
2026-08-21T13:00:00Z,hornsea-wind,1386.0,656.41,0.0,656.41,722.13,605.41,10.02,6.62,29.55,33.9
2026-08-21T14:00:00Z,hornsea-wind,1386.0,368.85,0.0,368.85,817.96,707.69,8.88,5.87,29.36,10.8
2026-08-21T15:00:00Z,hornsea-wind,1386.0,10.12,0.0,10.12,625.47,512.18,4.74,3.13,30.87,21.8
2026-08-21T16:00:00Z,hornsea-wind,1386.0,1386.0,0.0,1386.0,362.25,261.31,13.3,8.79,29.78,46.5
2026-08-21T17:00:00Z,hornsea-wind,1386.0,87.61,0.0,87.61,327.92,236.26,6.52,4.31,30.07,4.9
2026-08-21T18:00:00Z,hornsea-wind,1386.0,47.31,0.0,47.31,96.19,54.2,5.88,3.89,29.3,0.0
2026-08-21T19:00:00Z,hornsea-wind,1386.0,293.85,0.0,293.85,0.0,0.0,8.44,5.57,22.15,28.0
2026-08-21T20:00:00Z,hornsea-wind,1386.0,1386.0,0.0,1386.0,0.0,0.0,16.26,10.74,23.3,9.6
2026-08-21T21:00:00Z,hornsea-wind,1386.0,1335.4,0.0,1335.4,0.0,0.0,15.48,10.23,16.76,39.0
2026-08-21T22:00:00Z,hornsea-wind,1386.0,0.63,0.0,0.63,0.0,0.0,3.7,2.44,17.78,3.0
2026-08-21T23:00:00Z,hornsea-wind,1386.0,737.6,0.0,737.6,0.0,0.0,10.25,6.77,15.91,45.4
2026-08-22T00:00:00Z,hornsea-wind,1386.0,33.9,0.0,33.9,0.0,0.0,5.64,3.73,13.55,43.8
2026-08-22T01:00:00Z,hornsea-wind,1386.0,301.36,0.0,301.36,0.0,0.0,8.37,5.53,10.43,35.4
2026-08-22T02:00:00Z,hornsea-wind,1386.0,6.24,0.0,6.24,0.0,0.0,4.48,2.96,8.29,27.7
2026-08-22T03:00:00Z,hornsea-wind,1386.0,1357.17,0.0,1357.17,0.0,0.0,13.12,8.67,9.57,36.0
2026-08-22T04:00:00Z,hornsea-wind,1386.0,109.29,0.0,109.29,0.0,0.0,6.88,4.54,10.63,59.8
2026-08-22T05:00:00Z,hornsea-wind,1386.0,394.4,0.0,394.4,0.0,0.0,8.79,5.81,10.38,35.7
2026-08-22T06:00:00Z,hornsea-wind,1386.0,270.21,0.0,270.21,26.99,11.81,8.23,5.44,12.35,10.3
2026-08-22T07:00:00Z,hornsea-wind,1386.0,378.4,0.0,378.4,162.97,99.03,8.84,5.84,16.78,53.5
2026-08-22T08:00:00Z,hornsea-wind,1386.0,1386.0,0.0,1386.0,487.71,380.43,17.16,11.33,19.44,5.0
2026-08-22T09:00:00Z,hornsea-wind,1386.0,144.41,0.0,144.41,611.71,499.12,7.22,4.77,19.93,17.3
2026-08-22T10:00:00Z,hornsea-wind,1386.0,515.28,0.0,515.28,465.15,343.53,9.43,6.23,24.71,59.7
2026-08-22T11:00:00Z,hornsea-wind,1386.0,1272.02,0.0,1272.02,797.41,685.45,18.33,12.11,23.12,22.0
2026-08-22T12:00:00Z,hornsea-wind,1386.0,24.77,0.0,24.77,988.99,888.28,5.35,3.54,24.54,1.4
2026-08-22T13:00:00Z,hornsea-wind,1386.0,1386.0,0.0,1386.0,976.37,874.54,14.55,9.61,27.65,0.0
2026-08-22T14:00:00Z,hornsea-wind,1386.0,1358.22,0.0,1358.22,778.07,666.21,19.56,12.92,33.22,16.6
2026-08-22T15:00:00Z,hornsea-wind,1386.0,0.0,0.0,0.0,751.49,638.78,0.76,0.5,31.13,0.0
2026-08-22T16:00:00Z,hornsea-wind,1386.0,1170.36,0.0,1170.36,449.8,344.35,11.56,7.64,29.84,26.3
2026-08-22T17:00:00Z,hornsea-wind,1386.0,1386.0,0.0,1386.0,323.73,232.67,24.82,16.4,28.92,6.5
2026-08-22T18:00:00Z,hornsea-wind,1386.0,67.91,0.0,67.91,87.79,48.61,6.23,4.12,28.68,11.4
2026-08-22T19:00:00Z,hornsea-wind,1386.0,459.92,0.0,459.92,0.0,0.0,9.32,6.16,26.89,2.2
2026-08-22T20:00:00Z,hornsea-wind,1386.0,1386.0,0.0,1386.0,0.0,0.0,12.78,8.44,22.85,12.1
2026-08-22T21:00:00Z,hornsea-wind,1386.0,14.99,0.0,14.99,0.0,0.0,5.01,3.31,18.48,17.1
2026-08-22T22:00:00Z,hornsea-wind,1386.0,1386.0,0.0,1386.0,0.0,0.0,12.32,8.14,16.25,0.0
2026-08-22T23:00:00Z,hornsea-wind,1386.0,0.0,0.0,0.0,0.0,0.0,2.58,1.7,13.65,47.9
2026-08-23T00:00:00Z,hornsea-wind,1386.0,1386.0,0.0,1386.0,0.0,0.0,12.9,8.52,12.04,45.9
2026-08-23T01:00:00Z,hornsea-wind,1386.0,282.19,0.0,282.19,0.0,0.0,8.32,5.49,11.14,24.0
2026-08-23T02:00:00Z,hornsea-wind,1386.0,71.04,0.0,71.04,0.0,0.0,6.36,4.2,7.73,22.3
2026-08-23T03:00:00Z,hornsea-wind,1386.0,770.89,0.0,770.89,0.0,0.0,10.42,6.88,11.68,19.8
2026-08-23T04:00:00Z,hornsea-wind,1386.0,362.36,0.0,362.36,0.0,0.0,8.71,5.75,9.12,36.3
2026-08-23T05:00:00Z,hornsea-wind,1386.0,0.0,0.0,0.0,0.0,0.0,2.07,1.37,14.04,40.5
2026-08-23T06:00:00Z,hornsea-wind,1386.0,35.18,0.0,35.18,20.07,8.17,5.67,3.75,13.31,41.0
2026-08-23T07:00:00Z,hornsea-wind,1386.0,433.52,0.0,433.52,172.24,106.66,9.14,6.04,14.68,49.2
2026-08-23T08:00:00Z,hornsea-wind,1386.0,1386.0,0.0,1386.0,375.97,276.66,12.1,7.99,18.16,33.6
2026-08-23T09:00:00Z,hornsea-wind,1386.0,702.46,0.0,702.46,537.44,425.45,10.23,6.76,21.54,31.0
2026-08-23T10:00:00Z,hornsea-wind,1386.0,281.26,0.0,281.26,677.28,562.44,8.3,5.49,24.47,27.6
2026-08-23T11:00:00Z,hornsea-wind,1386.0,1351.15,0.0,1351.15,444.77,313.44,15.66,10.35,24.71,69.8
2026-08-23T12:00:00Z,hornsea-wind,1386.0,1381.98,0.0,1381.98,999.44,899.39,13.55,8.95,25.52,0.0
2026-08-23T13:00:00Z,hornsea-wind,1386.0,4.06,0.0,4.06,904.36,798.31,4.28,2.83,28.97,9.6
2026-08-23T14:00:00Z,hornsea-wind,1386.0,1372.52,0.0,1372.52,727.03,613.16,12.93,8.54,28.59,24.0
2026-08-23T15:00:00Z,hornsea-wind,1386.0,41.56,0.0,41.56,717.84,604.98,5.78,3.82,30.63,5.8
2026-08-23T16:00:00Z,hornsea-wind,1386.0,1330.54,0.0,1330.54,435.94,331.2,15.92,10.52,28.65,29.5
2026-08-23T17:00:00Z,hornsea-wind,1386.0,186.2,0.0,186.2,227.09,149.79,7.67,5.07,25.78,43.4
2026-08-23T18:00:00Z,hornsea-wind,1386.0,1359.52,0.0,1359.52,60.98,30.75,13.92,9.2,24.54,47.6
2026-08-23T19:00:00Z,hornsea-wind,1386.0,0.0,0.0,0.0,0.0,0.0,31.51,20.82,23.6,48.9
2026-08-23T20:00:00Z,hornsea-wind,1386.0,1139.57,0.0,1139.57,0.0,0.0,11.38,7.52,19.69,24.0
2026-08-23T21:00:00Z,hornsea-wind,1386.0,1386.0,0.0,1386.0,0.0,0.0,16.44,10.86,19.33,26.4
2026-08-23T22:00:00Z,hornsea-wind,1386.0,4.53,0.0,4.53,0.0,0.0,4.34,2.87,17.8,34.7
2026-08-23T23:00:00Z,hornsea-wind,1386.0,736.99,0.0,736.99,0.0,0.0,10.27,6.79,15.99,31.6
2026-08-24T00:00:00Z,hornsea-wind,1386.0,0.0,0.0,0.0,0.0,0.0,1.11,0.74,13.69,15.2
2026-08-24T01:00:00Z,hornsea-wind,1386.0,397.96,0.0,397.96,0.0,0.0,8.95,5.92,12.28,61.1
2026-08-24T02:00:00Z,hornsea-wind,1386.0,399.14,0.0,399.14,0.0,0.0,8.99,5.94,9.68,30.1
2026-08-24T03:00:00Z,hornsea-wind,1386.0,1383.05,0.0,1383.05,0.0,0.0,18.63,12.31,10.32,40.5
2026-08-24T04:00:00Z,hornsea-wind,1386.0,0.0,0.0,0.0,0.0,0.0,1.28,0.85,9.66,10.2
2026-08-24T05:00:00Z,hornsea-wind,1386.0,5.33,0.0,5.33,0.0,0.0,4.39,2.9,12.21,48.4
2026-08-24T06:00:00Z,hornsea-wind,1386.0,1386.0,0.0,1386.0,27.02,11.82,13.01,8.6,12.97,10.2
2026-08-24T07:00:00Z,hornsea-wind,1386.0,1386.0,0.0,1386.0,262.9,181.25,14.77,9.76,13.35,6.6
2026-08-24T08:00:00Z,hornsea-wind,1386.0,1386.0,0.0,1386.0,378.75,279.25,12.33,8.14,17.76,32.9
2026-08-24T09:00:00Z,hornsea-wind,1386.0,3.7,0.0,3.7,705.62,592.28,4.25,2.81,19.94,0.0
2026-08-24T10:00:00Z,hornsea-wind,1386.0,736.49,0.0,736.49,820.85,710.59,10.35,6.84,24.27,5.9
2026-08-24T11:00:00Z,hornsea-wind,1386.0,1312.45,0.0,1312.45,815.0,704.01,12.64,8.35,25.15,19.6
2026-08-24T12:00:00Z,hornsea-wind,1386.0,0.0,0.0,0.0,914.75,809.32,2.91,1.93,28.01,11.0
2026-08-24T13:00:00Z,hornsea-wind,1386.0,1.84,0.0,1.84,962.52,859.88,3.98,2.63,30.12,1.8
2026-08-24T14:00:00Z,hornsea-wind,1386.0,0.0,0.0,0.0,809.56,698.95,1.17,0.77,31.57,12.0
2026-08-24T15:00:00Z,hornsea-wind,1386.0,11.51,0.0,11.51,688.62,575.62,4.83,3.19,33.27,10.9
2026-08-24T16:00:00Z,hornsea-wind,1386.0,2.92,0.0,2.92,337.41,237.75,4.15,2.74,28.55,52.2
2026-08-24T17:00:00Z,hornsea-wind,1386.0,38.81,0.0,38.81,335.67,242.91,5.73,3.79,29.07,1.9
2026-08-24T18:00:00Z,hornsea-wind,1386.0,0.0,0.0,0.0,96.19,54.2,1.28,0.85,25.36,0.0
2026-08-24T19:00:00Z,hornsea-wind,1386.0,10.43,0.0,10.43,0.0,0.0,4.79,3.16,25.49,50.8
2026-08-24T20:00:00Z,hornsea-wind,1386.0,11.97,0.0,11.97,0.0,0.0,4.87,3.22,21.46,19.4
2026-08-24T21:00:00Z,hornsea-wind,1386.0,701.11,0.0,701.11,0.0,0.0,10.17,6.72,20.59,26.2
2026-08-24T22:00:00Z,hornsea-wind,1386.0,201.7,0.0,201.7,0.0,0.0,7.8,5.15,18.07,27.0
2026-08-24T23:00:00Z,hornsea-wind,1386.0,0.23,0.0,0.23,0.0,0.0,3.5,2.31,14.66,13.2
2026-08-25T00:00:00Z,hornsea-wind,1386.0,87.89,0.0,87.89,0.0,0.0,6.57,4.34,12.33,22.2
2026-08-25T01:00:00Z,hornsea-wind,1386.0,668.93,0.0,668.93,0.0,0.0,10.07,6.66,11.28,39.5
2026-08-25T02:00:00Z,hornsea-wind,1386.0,36.12,0.0,36.12,0.0,0.0,5.64,3.72,11.16,39.5
2026-08-25T03:00:00Z,hornsea-wind,1386.0,214.5,0.0,214.5,0.0,0.0,7.82,5.17,11.73,15.4
2026-08-25T04:00:00Z,hornsea-wind,1386.0,1139.54,0.0,1139.54,0.0,0.0,11.58,7.65,7.87,32.4
2026-08-25T05:00:00Z,hornsea-wind,1386.0,1386.0,0.0,1386.0,0.0,0.0,16.69,11.03,11.52,58.6
2026-08-25T06:00:00Z,hornsea-wind,1386.0,10.53,0.0,10.53,16.35,6.21,4.77,3.15,12.17,57.5
2026-08-25T07:00:00Z,hornsea-wind,1386.0,10.45,0.0,10.45,203.48,132.36,4.75,3.14,17.6,34.5
2026-08-25T08:00:00Z,hornsea-wind,1386.0,338.91,0.0,338.91,373.06,273.96,8.56,5.65,18.42,34.4
2026-08-25T09:00:00Z,hornsea-wind,1386.0,437.84,0.0,437.84,495.83,384.17,9.14,6.04,20.27,38.7
2026-08-25T10:00:00Z,hornsea-wind,1386.0,7.45,0.0,7.45,605.98,488.86,4.56,3.02,24.16,38.4
2026-08-25T11:00:00Z,hornsea-wind,1386.0,0.0,0.0,0.0,908.28,802.41,2.81,1.86,24.74,7.0
2026-08-25T12:00:00Z,hornsea-wind,1386.0,1374.01,0.0,1374.01,767.13,652.33,14.85,9.81,25.69,30.2
2026-08-25T13:00:00Z,hornsea-wind,1386.0,32.76,0.0,32.76,723.5,606.86,5.57,3.68,29.76,33.7
2026-08-25T14:00:00Z,hornsea-wind,1386.0,188.26,0.0,188.26,631.3,513.64,7.56,4.99,31.59,38.0
2026-08-25T15:00:00Z,hornsea-wind,1386.0,0.84,0.0,0.84,568.0,454.45,3.77,2.49,28.72,31.7
2026-08-25T16:00:00Z,hornsea-wind,1386.0,373.31,0.0,373.31,563.81,452.49,8.81,5.82,31.22,0.0
2026-08-25T17:00:00Z,hornsea-wind,1386.0,78.97,0.0,78.97,241.92,162.51,6.42,4.24,30.06,37.7
2026-08-25T18:00:00Z,hornsea-wind,1386.0,0.01,0.0,0.01,70.4,37.02,3.15,2.08,26.66,34.9
2026-08-25T19:00:00Z,hornsea-wind,1386.0,47.6,0.0,47.6,0.0,0.0,5.95,3.93,26.25,11.8
2026-08-25T20:00:00Z,hornsea-wind,1386.0,1110.81,0.0,1110.81,0.0,0.0,11.29,7.46,23.54,33.6
2026-08-25T21:00:00Z,hornsea-wind,1386.0,318.84,0.0,318.84,0.0,0.0,8.52,5.63,19.48,31.1
2026-08-25T22:00:00Z,hornsea-wind,1386.0,65.07,0.0,65.07,0.0,0.0,6.24,4.12,20.68,33.6
2026-08-25T23:00:00Z,hornsea-wind,1386.0,215.7,0.0,215.7,0.0,0.0,7.91,5.23,14.26,27.7
2026-08-26T00:00:00Z,hornsea-wind,1386.0,1330.73,0.0,1330.73,0.0,0.0,12.49,8.25,13.04,49.0
2026-08-26T01:00:00Z,hornsea-wind,1386.0,206.87,0.0,206.87,0.0,0.0,7.76,5.13,9.66,24.0
2026-08-26T02:00:00Z,hornsea-wind,1386.0,79.81,0.0,79.81,0.0,0.0,6.48,4.28,11.04,34.9
2026-08-26T03:00:00Z,hornsea-wind,1386.0,48.96,0.0,48.96,0.0,0.0,5.92,3.91,11.77,52.6
2026-08-26T04:00:00Z,hornsea-wind,1386.0,911.33,0.0,911.33,0.0,0.0,10.68,7.06,10.96,15.2
2026-08-26T05:00:00Z,hornsea-wind,1386.0,176.61,0.0,176.61,0.0,0.0,7.58,5.01,10.08,36.9
2026-08-26T06:00:00Z,hornsea-wind,1386.0,1386.0,0.0,1386.0,24.19,10.33,14.32,9.46,14.39,22.7
2026-08-26T07:00:00Z,hornsea-wind,1386.0,75.06,0.0,75.06,228.54,152.98,6.38,4.22,18.04,22.7
2026-08-26T08:00:00Z,hornsea-wind,1386.0,1331.01,0.0,1331.01,344.11,247.08,20.25,13.38,16.23,41.8
2026-08-26T09:00:00Z,hornsea-wind,1386.0,450.76,0.0,450.76,565.66,453.44,9.26,6.12,22.4,25.8
2026-08-26T10:00:00Z,hornsea-wind,1386.0,0.23,0.0,0.23,496.54,375.92,3.49,2.3,21.73,54.9
2026-08-26T11:00:00Z,hornsea-wind,1386.0,6.19,0.0,6.19,714.84,598.35,4.47,2.95,24.24,33.2
2026-08-26T12:00:00Z,hornsea-wind,1386.0,1386.0,0.0,1386.0,777.92,663.8,12.97,8.57,28.08,28.8
2026-08-26T13:00:00Z,hornsea-wind,1386.0,1375.09,0.0,1375.09,976.37,874.54,20.55,13.58,29.44,0.0
2026-08-26T14:00:00Z,hornsea-wind,1386.0,119.55,0.0,119.55,698.47,583.47,7.0,4.63,29.03,28.2
2026-08-26T15:00:00Z,hornsea-wind,1386.0,564.02,0.0,564.02,643.58,530.38,9.6,6.34,32.73,18.7
2026-08-26T16:00:00Z,hornsea-wind,1386.0,1370.68,0.0,1370.68,365.37,264.27,12.28,8.11,30.41,45.8
2026-08-26T17:00:00Z,hornsea-wind,1386.0,32.21,0.0,32.21,264.74,182.09,5.58,3.69,29.72,29.0
2026-08-26T18:00:00Z,hornsea-wind,1386.0,64.25,0.0,64.25,75.72,40.57,6.22,4.11,26.82,27.7
2026-08-26T19:00:00Z,hornsea-wind,1386.0,713.5,0.0,713.5,0.0,0.0,10.11,6.68,23.87,44.7
2026-08-26T20:00:00Z,hornsea-wind,1386.0,1386.0,0.0,1386.0,0.0,0.0,18.67,12.33,18.96,48.1
2026-08-26T21:00:00Z,hornsea-wind,1386.0,1354.52,0.0,1354.52,0.0,0.0,12.48,8.24,21.66,38.3
2026-08-26T22:00:00Z,hornsea-wind,1386.0,258.98,0.0,258.98,0.0,0.0,8.19,5.41,17.02,22.4
2026-08-26T23:00:00Z,hornsea-wind,1386.0,4.96,0.0,4.96,0.0,0.0,4.37,2.89,15.26,35.4
2026-08-27T00:00:00Z,hornsea-wind,1386.0,0.0,0.0,0.0,0.0,0.0,28.3,18.7,10.18,20.4
2026-08-27T01:00:00Z,hornsea-wind,1386.0,1.39,0.0,1.39,0.0,0.0,3.91,2.58,10.33,30.6
2026-08-27T02:00:00Z,hornsea-wind,1386.0,812.16,0.0,812.16,0.0,0.0,10.48,6.92,11.6,56.3
2026-08-27T03:00:00Z,hornsea-wind,1386.0,2.27,0.0,2.27,0.0,0.0,4.07,2.69,9.62,28.5
2026-08-27T04:00:00Z,hornsea-wind,1386.0,0.87,0.0,0.87,0.0,0.0,3.78,2.5,8.28,21.4
2026-08-27T05:00:00Z,hornsea-wind,1386.0,991.21,0.0,991.21,0.0,0.0,11.09,7.33,10.88,48.1
2026-08-27T06:00:00Z,hornsea-wind,1386.0,1386.0,0.0,1386.0,28.8,12.75,16.21,10.71,12.04,2.3
2026-08-27T07:00:00Z,hornsea-wind,1386.0,0.0,0.0,0.0,162.25,98.43,3.08,2.04,14.32,53.8
2026-08-27T08:00:00Z,hornsea-wind,1386.0,0.0,0.0,0.0,349.1,251.71,1.8,1.19,15.54,40.5
2026-08-27T09:00:00Z,hornsea-wind,1386.0,296.81,0.0,296.81,640.16,527.34,8.39,5.54,20.41,12.1
2026-08-27T10:00:00Z,hornsea-wind,1386.0,52.92,0.0,52.92,692.08,577.71,6.03,3.98,24.06,25.3
2026-08-27T11:00:00Z,hornsea-wind,1386.0,1386.0,0.0,1386.0,861.81,753.39,17.94,11.85,25.97,13.3
2026-08-27T12:00:00Z,hornsea-wind,1386.0,753.37,0.0,753.37,724.92,607.44,10.16,6.71,23.63,35.7
2026-08-27T13:00:00Z,hornsea-wind,1386.0,1351.69,0.0,1351.69,582.51,457.61,14.71,9.72,27.53,52.4
2026-08-27T14:00:00Z,hornsea-wind,1386.0,899.09,0.0,899.09,649.91,532.98,10.81,7.14,29.83,35.3
2026-08-27T15:00:00Z,hornsea-wind,1386.0,2.01,0.0,2.01,751.49,638.78,4.0,2.64,29.36,0.0
2026-08-27T16:00:00Z,hornsea-wind,1386.0,1386.0,0.0,1386.0,452.49,346.9,15.02,9.92,29.87,25.7
2026-08-27T17:00:00Z,hornsea-wind,1386.0,1330.24,0.0,1330.24,340.71,247.23,12.87,8.5,27.27,0.0
2026-08-27T18:00:00Z,hornsea-wind,1386.0,1386.0,0.0,1386.0,94.36,52.98,15.42,10.19,26.53,2.5
2026-08-27T19:00:00Z,hornsea-wind,1386.0,1295.81,0.0,1295.81,0.0,0.0,11.89,7.86,25.99,43.8
2026-08-27T20:00:00Z,hornsea-wind,1386.0,68.78,0.0,68.78,0.0,0.0,6.3,4.16,24.09,36.7
2026-08-27T21:00:00Z,hornsea-wind,1386.0,549.89,0.0,549.89,0.0,0.0,9.64,6.37,19.37,24.0
2026-08-27T22:00:00Z,hornsea-wind,1386.0,136.87,0.0,136.87,0.0,0.0,7.16,4.73,17.12,37.9
2026-08-27T23:00:00Z,hornsea-wind,1386.0,688.01,0.0,688.01,0.0,0.0,10.22,6.75,15.8,28.9
2026-08-28T00:00:00Z,hornsea-wind,1386.0,1386.0,0.0,1386.0,0.0,0.0,13.98,9.24,12.72,59.6
2026-08-28T01:00:00Z,hornsea-wind,1386.0,1286.65,0.0,1286.65,0.0,0.0,19.61,12.95,7.23,19.5
2026-08-28T02:00:00Z,hornsea-wind,1386.0,0.0,0.0,0.0,0.0,0.0,2.8,1.85,12.31,25.5
2026-08-28T03:00:00Z,hornsea-wind,1386.0,60.28,0.0,60.28,0.0,0.0,6.17,4.07,11.2,55.1
2026-08-28T04:00:00Z,hornsea-wind,1386.0,0.0,0.0,0.0,0.0,0.0,2.64,1.74,10.66,12.5
2026-08-28T05:00:00Z,hornsea-wind,1386.0,0.0,0.0,0.0,0.0,0.0,2.31,1.53,11.16,42.8
2026-08-28T06:00:00Z,hornsea-wind,1386.0,6.72,0.0,6.72,26.62,11.61,4.53,2.99,14.63,11.9
2026-08-28T07:00:00Z,hornsea-wind,1386.0,0.0,0.0,0.0,276.98,192.83,2.97,1.96,16.79,0.0
2026-08-28T08:00:00Z,hornsea-wind,1386.0,593.79,0.0,593.79,424.1,321.36,9.91,6.55,19.52,21.3
2026-08-28T09:00:00Z,hornsea-wind,1386.0,166.06,0.0,166.06,446.42,335.16,7.42,4.9,18.69,47.8
2026-08-28T10:00:00Z,hornsea-wind,1386.0,990.78,0.0,990.78,632.6,516.33,11.13,7.36,21.54,34.3
2026-08-28T11:00:00Z,hornsea-wind,1386.0,710.55,0.0,710.55,743.97,629.07,10.16,6.72,27.74,29.2
2026-08-28T12:00:00Z,hornsea-wind,1386.0,0.0,0.0,0.0,818.03,706.47,2.83,1.87,26.93,23.6
2026-08-28T13:00:00Z,hornsea-wind,1386.0,1343.53,0.0,1343.53,689.65,571.03,22.43,14.82,28.24,38.2
2026-08-28T14:00:00Z,hornsea-wind,1386.0,1305.99,0.0,1305.99,594.22,475.09,12.12,8.01,30.59,43.4
2026-08-28T15:00:00Z,hornsea-wind,1386.0,1386.0,0.0,1386.0,448.99,334.9,14.4,9.51,29.75,52.3
2026-08-28T16:00:00Z,hornsea-wind,1386.0,1355.44,0.0,1355.44,430.32,325.87,13.41,8.86,29.6,30.8
2026-08-28T17:00:00Z,hornsea-wind,1386.0,211.39,0.0,211.39,311.21,221.94,7.71,5.09,30.41,11.3
2026-08-28T18:00:00Z,hornsea-wind,1386.0,281.07,0.0,281.07,58.03,28.79,8.35,5.52,28.33,51.6
2026-08-28T19:00:00Z,hornsea-wind,1386.0,1386.0,0.0,1386.0,0.0,0.0,21.47,14.18,24.74,16.1
2026-08-28T20:00:00Z,hornsea-wind,1386.0,12.67,0.0,12.67,0.0,0.0,4.88,3.23,23.5,16.4
2026-08-28T21:00:00Z,hornsea-wind,1386.0,571.99,0.0,571.99,0.0,0.0,9.59,6.33,18.86,36.6
2026-08-28T22:00:00Z,hornsea-wind,1386.0,1383.71,0.0,1383.71,0.0,0.0,18.49,12.21,16.5,0.0
2026-08-28T23:00:00Z,hornsea-wind,1386.0,349.88,0.0,349.88,0.0,0.0,8.7,5.75,14.3,40.8
2026-08-29T00:00:00Z,hornsea-wind,1386.0,307.25,0.0,307.25,0.0,0.0,8.43,5.57,14.2,22.3
2026-08-29T01:00:00Z,hornsea-wind,1386.0,237.3,0.0,237.3,0.0,0.0,7.98,5.27,11.71,49.8
2026-08-29T02:00:00Z,hornsea-wind,1386.0,1386.0,0.0,1386.0,0.0,0.0,13.54,8.95,12.84,16.7
2026-08-29T03:00:00Z,hornsea-wind,1386.0,1206.61,0.0,1206.61,0.0,0.0,11.47,7.58,7.35,21.8
2026-08-29T04:00:00Z,hornsea-wind,1386.0,559.35,0.0,559.35,0.0,0.0,9.76,6.45,10.84,40.3
2026-08-29T05:00:00Z,hornsea-wind,1386.0,951.05,0.0,951.05,0.0,0.0,10.89,7.19,10.33,14.3
2026-08-29T06:00:00Z,hornsea-wind,1386.0,1386.0,0.0,1386.0,28.59,12.64,17.23,11.38,11.97,3.2
2026-08-29T07:00:00Z,hornsea-wind,1386.0,123.09,0.0,123.09,245.46,166.9,6.99,4.62,15.19,14.8
2026-08-29T08:00:00Z,hornsea-wind,1386.0,1321.82,0.0,1321.82,500.15,391.98,11.98,7.91,16.92,1.8
2026-08-29T09:00:00Z,hornsea-wind,1386.0,1149.02,0.0,1149.02,558.24,446.08,11.5,7.6,20.26,27.2
2026-08-29T10:00:00Z,hornsea-wind,1386.0,358.21,0.0,358.21,859.67,750.66,8.8,5.81,25.18,0.0
2026-08-29T11:00:00Z,hornsea-wind,1386.0,71.97,0.0,71.97,818.55,707.76,6.34,4.19,24.56,19.1
2026-08-29T12:00:00Z,hornsea-wind,1386.0,1369.58,0.0,1369.58,671.05,550.15,13.84,9.15,27.74,42.7
2026-08-29T13:00:00Z,hornsea-wind,1386.0,0.0,0.0,0.0,681.31,562.2,1.82,1.2,28.26,39.3
2026-08-29T14:00:00Z,hornsea-wind,1386.0,1330.52,0.0,1330.52,583.52,463.96,14.56,9.62,29.68,45.0
2026-08-29T15:00:00Z,hornsea-wind,1386.0,1359.33,0.0,1359.33,616.04,502.71,19.19,12.68,31.48,23.4
2026-08-29T16:00:00Z,hornsea-wind,1386.0,1386.0,0.0,1386.0,444.34,339.17,15.0,9.91,28.85,27.5
2026-08-29T17:00:00Z,hornsea-wind,1386.0,224.32,0.0,224.32,253.52,172.46,7.9,5.22,29.58,33.3
2026-08-29T18:00:00Z,hornsea-wind,1386.0,1357.38,0.0,1357.38,66.49,34.42,16.14,10.66,28.17,40.1
2026-08-29T19:00:00Z,hornsea-wind,1386.0,1386.0,0.0,1386.0,0.0,0.0,12.89,8.52,26.36,8.8
2026-08-29T20:00:00Z,hornsea-wind,1386.0,1386.0,0.0,1386.0,0.0,0.0,12.24,8.09,19.35,49.2
2026-08-29T21:00:00Z,hornsea-wind,1386.0,1351.46,0.0,1351.46,0.0,0.0,14.43,9.53,18.17,53.8
2026-08-29T22:00:00Z,hornsea-wind,1386.0,1345.63,0.0,1345.63,0.0,0.0,12.54,8.29,16.49,25.3
2026-08-29T23:00:00Z,hornsea-wind,1386.0,57.7,0.0,57.7,0.0,0.0,6.13,4.05,14.24,59.2
2026-08-30T00:00:00Z,hornsea-wind,1386.0,7.98,0.0,7.98,0.0,0.0,4.61,3.04,10.5,20.0
2026-08-30T01:00:00Z,hornsea-wind,1386.0,1337.26,0.0,1337.26,0.0,0.0,18.08,11.95,8.46,52.4
2026-08-30T02:00:00Z,hornsea-wind,1386.0,0.0,0.0,0.0,0.0,0.0,2.96,1.95,7.99,30.9
2026-08-30T03:00:00Z,hornsea-wind,1386.0,647.1,0.0,647.1,0.0,0.0,9.97,6.59,8.41,14.2
2026-08-30T04:00:00Z,hornsea-wind,1386.0,25.65,0.0,25.65,0.0,0.0,5.35,3.54,10.01,28.9
2026-08-30T05:00:00Z,hornsea-wind,1386.0,1343.5,0.0,1343.5,0.0,0.0,17.65,11.66,10.11,25.2
2026-08-30T06:00:00Z,hornsea-wind,1386.0,206.85,0.0,206.85,20.14,8.21,7.81,5.16,12.06,40.7
2026-08-30T07:00:00Z,hornsea-wind,1386.0,1321.51,0.0,1321.51,219.65,145.66,16.88,11.15,16.76,26.9
2026-08-30T08:00:00Z,hornsea-wind,1386.0,162.88,0.0,162.88,427.46,324.48,7.49,4.95,19.58,20.4
2026-08-30T09:00:00Z,hornsea-wind,1386.0,68.76,0.0,68.76,389.49,278.69,6.33,4.18,19.68,58.2
2026-08-30T10:00:00Z,hornsea-wind,1386.0,759.13,0.0,759.13,692.38,578.02,10.45,6.91,22.85,25.3
2026-08-30T11:00:00Z,hornsea-wind,1386.0,473.73,0.0,473.73,649.67,529.6,9.42,6.23,24.51,42.0
2026-08-30T12:00:00Z,hornsea-wind,1386.0,74.29,0.0,74.29,999.44,899.39,6.44,4.25,26.21,0.0
2026-08-30T13:00:00Z,hornsea-wind,1386.0,0.0,0.0,0.0,721.91,605.18,0.76,0.5,28.35,33.9
2026-08-30T14:00:00Z,hornsea-wind,1386.0,436.55,0.0,436.55,748.07,635.03,9.09,6.01,27.59,21.0
2026-08-30T15:00:00Z,hornsea-wind,1386.0,874.6,0.0,874.6,519.44,405.67,10.69,7.06,31.38,40.1
2026-08-30T16:00:00Z,hornsea-wind,1386.0,168.13,0.0,168.13,358.17,257.44,7.48,4.94,28.7,47.4
2026-08-30T17:00:00Z,hornsea-wind,1386.0,0.67,0.0,0.67,340.71,247.23,3.71,2.45,29.33,0.0
2026-08-30T18:00:00Z,hornsea-wind,1386.0,304.25,0.0,304.25,89.56,49.79,8.4,5.55,24.13,9.0
2026-08-30T19:00:00Z,hornsea-wind,1386.0,0.0,0.0,0.0,0.0,0.0,2.6,1.72,24.14,28.6
2026-08-30T20:00:00Z,hornsea-wind,1386.0,1366.46,0.0,1366.46,0.0,0.0,13.62,9.0,20.3,30.6
2026-08-30T21:00:00Z,hornsea-wind,1386.0,500.15,0.0,500.15,0.0,0.0,9.46,6.25,17.29,20.0
2026-08-30T22:00:00Z,hornsea-wind,1386.0,248.79,0.0,248.79,0.0,0.0,8.01,5.29,18.15,30.5
2026-08-30T23:00:00Z,hornsea-wind,1386.0,1386.0,0.0,1386.0,0.0,0.0,13.23,8.74,12.95,24.9
2026-08-31T00:00:00Z,hornsea-wind,1386.0,36.47,0.0,36.47,0.0,0.0,5.64,3.73,10.91,32.9
2026-08-31T01:00:00Z,hornsea-wind,1386.0,1374.54,0.0,1374.54,0.0,0.0,17.56,11.6,8.89,45.6
2026-08-31T02:00:00Z,hornsea-wind,1386.0,87.44,0.0,87.44,0.0,0.0,6.55,4.33,8.84,31.2
2026-08-31T03:00:00Z,hornsea-wind,1386.0,1349.25,0.0,1349.25,0.0,0.0,12.55,8.29,10.53,23.6
2026-08-31T04:00:00Z,hornsea-wind,1386.0,55.32,0.0,55.32,0.0,0.0,6.1,4.03,11.19,43.2
2026-08-31T05:00:00Z,hornsea-wind,1386.0,627.5,0.0,627.5,0.0,0.0,9.91,6.54,12.64,30.7
2026-08-31T06:00:00Z,hornsea-wind,1386.0,274.98,0.0,274.98,21.58,8.96,8.27,5.46,13.13,34.3
2026-08-31T07:00:00Z,hornsea-wind,1386.0,21.69,0.0,21.69,213.98,141.0,5.26,3.48,16.43,29.6
2026-08-31T08:00:00Z,hornsea-wind,1386.0,2.1,0.0,2.1,483.3,376.34,4.01,2.65,15.04,6.1
2026-08-31T09:00:00Z,hornsea-wind,1386.0,462.33,0.0,462.33,536.68,424.69,9.16,6.05,21.32,31.1
2026-08-31T10:00:00Z,hornsea-wind,1386.0,337.81,0.0,337.81,535.57,416.2,8.69,5.74,22.13,49.0
2026-08-31T11:00:00Z,hornsea-wind,1386.0,493.93,0.0,493.93,680.78,562.42,9.3,6.14,24.16,37.8
2026-08-31T12:00:00Z,hornsea-wind,1386.0,93.1,0.0,93.1,797.05,684.15,6.69,4.42,27.93,26.3
2026-08-31T13:00:00Z,hornsea-wind,1386.0,1291.38,0.0,1291.38,976.37,874.54,11.65,7.7,25.69,0.0
2026-08-31T14:00:00Z,hornsea-wind,1386.0,0.0,0.0,0.0,640.15,522.83,2.92,1.93,30.51,36.7
2026-08-31T15:00:00Z,hornsea-wind,1386.0,390.39,0.0,390.39,485.89,371.97,8.9,5.88,28.78,45.9
2026-08-31T16:00:00Z,hornsea-wind,1386.0,1369.2,0.0,1369.2,532.47,422.76,12.4,8.19,30.94,7.2
2026-08-31T17:00:00Z,hornsea-wind,1386.0,859.9,0.0,859.9,290.05,203.78,10.71,7.07,25.13,19.3
2026-08-31T18:00:00Z,hornsea-wind,1386.0,27.17,0.0,27.17,55.26,26.94,5.41,3.58,26.54,55.3
2026-08-31T19:00:00Z,hornsea-wind,1386.0,0.0,0.0,0.0,0.0,0.0,0.76,0.5,25.59,11.9
2026-08-31T20:00:00Z,hornsea-wind,1386.0,0.0,0.0,0.0,0.0,0.0,1.47,0.97,23.25,36.0
2026-08-31T21:00:00Z,hornsea-wind,1386.0,41.59,0.0,41.59,0.0,0.0,5.81,3.84,20.22,9.8
2026-08-31T22:00:00Z,hornsea-wind,1386.0,609.56,0.0,609.56,0.0,0.0,9.79,6.47,16.69,15.3
2026-08-31T23:00:00Z,hornsea-wind,1386.0,1364.87,0.0,1364.87,0.0,0.0,16.18,10.69,16.46,40.9
2026-09-01T00:00:00Z,hornsea-wind,1386.0,987.77,0.0,987.77,0.0,0.0,11.06,7.31,13.5,12.9
2026-09-01T01:00:00Z,hornsea-wind,1386.0,1379.56,0.0,1379.56,0.0,0.0,11.98,7.92,12.79,42.9
2026-09-01T02:00:00Z,hornsea-wind,1386.0,1386.0,0.0,1386.0,0.0,0.0,12.67,8.37,13.27,6.2
2026-09-01T03:00:00Z,hornsea-wind,1386.0,14.67,0.0,14.67,0.0,0.0,5.0,3.3,9.99,49.5
2026-09-01T04:00:00Z,hornsea-wind,1386.0,585.16,0.0,585.16,0.0,0.0,9.76,6.45,13.09,31.0
2026-09-01T05:00:00Z,hornsea-wind,1386.0,892.25,0.0,892.25,0.0,0.0,10.81,7.14,10.89,23.9
2026-09-01T06:00:00Z,hornsea-wind,1386.0,12.41,0.0,12.41,14.75,5.37,4.86,3.21,10.78,64.6
2026-09-01T07:00:00Z,hornsea-wind,1386.0,796.47,0.0,796.47,223.93,149.18,10.57,6.98,13.82,24.9
2026-09-01T08:00:00Z,hornsea-wind,1386.0,3.6,0.0,3.6,482.5,375.59,4.23,2.8,15.56,6.3
2026-09-01T09:00:00Z,hornsea-wind,1386.0,232.99,0.0,232.99,652.95,540.03,7.95,5.26,20.2,9.7
2026-09-01T10:00:00Z,hornsea-wind,1386.0,465.0,0.0,465.0,619.17,502.48,9.26,6.12,24.24,36.4
2026-09-01T11:00:00Z,hornsea-wind,1386.0,1293.07,0.0,1293.07,836.43,726.61,11.73,7.75,27.92,16.7
2026-09-01T12:00:00Z,hornsea-wind,1386.0,0.47,0.0,0.47,668.97,547.93,3.63,2.4,28.05,43.0
2026-09-01T13:00:00Z,hornsea-wind,1386.0,28.78,0.0,28.78,540.12,412.74,5.47,3.61,28.39,58.1
2026-09-01T14:00:00Z,hornsea-wind,1386.0,237.6,0.0,237.6,854.17,745.33,8.11,5.36,29.34,5.5
2026-09-01T15:00:00Z,hornsea-wind,1386.0,811.34,0.0,811.34,512.77,398.97,10.47,6.91,31.11,41.3
2026-09-01T16:00:00Z,hornsea-wind,1386.0,1302.16,0.0,1302.16,472.76,366.12,14.63,9.67,29.54,21.0
2026-09-01T17:00:00Z,hornsea-wind,1386.0,16.14,0.0,16.14,340.71,247.23,5.02,3.31,28.2,0.0
2026-09-01T18:00:00Z,hornsea-wind,1386.0,9.92,0.0,9.92,96.19,54.2,4.72,3.12,28.43,0.0
2026-09-01T19:00:00Z,hornsea-wind,1386.0,1386.0,0.0,1386.0,0.0,0.0,13.38,8.84,22.95,25.8
2026-09-01T20:00:00Z,hornsea-wind,1386.0,516.17,0.0,516.17,0.0,0.0,9.44,6.24,22.58,60.8
2026-09-01T21:00:00Z,hornsea-wind,1386.0,18.85,0.0,18.85,0.0,0.0,5.14,3.4,19.35,42.6
2026-09-01T22:00:00Z,hornsea-wind,1386.0,1314.05,0.0,1314.05,0.0,0.0,17.68,11.68,16.12,5.2
2026-09-01T23:00:00Z,hornsea-wind,1386.0,763.25,0.0,763.25,0.0,0.0,10.37,6.85,14.47,5.4
2026-09-02T00:00:00Z,hornsea-wind,1386.0,22.12,0.0,22.12,0.0,0.0,5.27,3.48,16.09,37.2
2026-09-02T01:00:00Z,hornsea-wind,1386.0,147.42,0.0,147.42,0.0,0.0,7.3,4.82,10.49,15.2
2026-09-02T02:00:00Z,hornsea-wind,1386.0,231.94,0.0,231.94,0.0,0.0,7.93,5.24,8.43,22.0
2026-09-02T03:00:00Z,hornsea-wind,1386.0,537.04,0.0,537.04,0.0,0.0,9.63,6.36,10.65,10.9
2026-09-02T04:00:00Z,hornsea-wind,1386.0,0.0,0.0,0.0,0.0,0.0,2.87,1.89,10.95,9.5
2026-09-02T05:00:00Z,hornsea-wind,1386.0,0.09,0.0,0.09,0.0,0.0,3.35,2.21,6.7,54.5
2026-09-02T06:00:00Z,hornsea-wind,1386.0,1386.0,0.0,1386.0,29.32,13.03,13.38,8.84,13.52,0.0
2026-09-02T07:00:00Z,hornsea-wind,1386.0,55.6,0.0,55.6,216.71,143.25,6.09,4.02,15.37,28.3
2026-09-02T08:00:00Z,hornsea-wind,1386.0,244.23,0.0,244.23,417.52,315.25,7.98,5.27,15.36,23.0
2026-09-02T09:00:00Z,hornsea-wind,1386.0,324.09,0.0,324.09,641.68,528.86,8.58,5.67,19.06,11.8
2026-09-02T10:00:00Z,hornsea-wind,1386.0,2.18,0.0,2.18,641.06,525.07,4.04,2.67,23.15,33.1
2026-09-02T11:00:00Z,hornsea-wind,1386.0,50.51,0.0,50.51,907.9,802.01,5.93,3.92,27.54,7.0
2026-09-02T12:00:00Z,hornsea-wind,1386.0,225.18,0.0,225.18,856.54,747.41,7.91,5.22,27.79,18.6
2026-09-02T13:00:00Z,hornsea-wind,1386.0,1386.0,0.0,1386.0,648.24,527.19,12.89,8.52,27.94,43.7
2026-09-02T14:00:00Z,hornsea-wind,1386.0,0.6,0.0,0.6,891.96,784.61,3.69,2.43,29.44,0.0
2026-09-02T15:00:00Z,hornsea-wind,1386.0,0.0,0.0,0.0,374.97,260.54,2.15,1.42,28.25,65.1
2026-09-02T16:00:00Z,hornsea-wind,1386.0,14.33,0.0,14.33,384.74,282.64,4.98,3.29,28.32,41.3
2026-09-02T17:00:00Z,hornsea-wind,1386.0,0.0,0.0,0.0,273.54,189.63,1.74,1.15,28.34,25.6
2026-09-02T18:00:00Z,hornsea-wind,1386.0,150.45,0.0,150.45,58.42,29.05,7.33,4.84,26.68,51.0
2026-09-02T19:00:00Z,hornsea-wind,1386.0,130.21,0.0,130.21,0.0,0.0,7.0,4.62,25.81,24.5
2026-09-02T20:00:00Z,hornsea-wind,1386.0,517.49,0.0,517.49,0.0,0.0,9.48,6.26,21.12,8.5
2026-09-02T21:00:00Z,hornsea-wind,1386.0,1386.0,0.0,1386.0,0.0,0.0,15.04,9.94,19.21,0.0
2026-09-02T22:00:00Z,hornsea-wind,1386.0,5.64,0.0,5.64,0.0,0.0,4.46,2.94,18.13,30.1
2026-09-02T23:00:00Z,hornsea-wind,1386.0,248.74,0.0,248.74,0.0,0.0,8.07,5.33,16.23,30.2
2026-09-03T00:00:00Z,hornsea-wind,1386.0,1281.22,0.0,1281.22,0.0,0.0,11.84,7.82,14.25,30.4
2026-09-03T01:00:00Z,hornsea-wind,1386.0,4.94,0.0,4.94,0.0,0.0,4.38,2.89,10.31,27.1
2026-09-03T02:00:00Z,hornsea-wind,1386.0,649.5,0.0,649.5,0.0,0.0,9.96,6.58,10.85,30.2
2026-09-03T03:00:00Z,hornsea-wind,1386.0,1312.0,0.0,1312.0,0.0,0.0,12.18,8.04,9.97,29.7
2026-09-03T04:00:00Z,hornsea-wind,1386.0,4.51,0.0,4.51,0.0,0.0,4.34,2.87,10.63,43.5
2026-09-03T05:00:00Z,hornsea-wind,1386.0,655.72,0.0,655.72,0.0,0.0,10.07,6.65,11.89,10.9
2026-09-03T06:00:00Z,hornsea-wind,1386.0,1386.0,0.0,1386.0,26.32,11.45,18.38,12.15,15.23,13.3
2026-09-03T07:00:00Z,hornsea-wind,1386.0,209.68,0.0,209.68,213.94,140.97,7.8,5.16,16.52,29.6
2026-09-03T08:00:00Z,hornsea-wind,1386.0,0.0,0.0,0.0,452.25,347.5,2.7,1.79,16.99,14.1
2026-09-03T09:00:00Z,hornsea-wind,1386.0,111.4,0.0,111.4,655.7,542.76,6.86,4.53,20.54,9.2
2026-09-03T10:00:00Z,hornsea-wind,1386.0,1015.73,0.0,1015.73,683.01,568.35,11.12,7.35,20.91,26.7
2026-09-03T11:00:00Z,hornsea-wind,1386.0,0.0,0.0,0.0,893.88,787.22,2.82,1.86,27.43,8.9
2026-09-03T12:00:00Z,hornsea-wind,1386.0,81.93,0.0,81.93,867.96,759.57,6.49,4.29,28.64,17.1
2026-09-03T13:00:00Z,hornsea-wind,1386.0,3.5,0.0,3.5,770.95,657.1,4.22,2.79,30.82,27.4
2026-09-03T14:00:00Z,hornsea-wind,1386.0,215.72,0.0,215.72,720.58,606.45,7.88,5.21,28.45,25.0
2026-09-03T15:00:00Z,hornsea-wind,1386.0,1336.31,0.0,1336.31,460.96,346.93,18.97,12.53,29.15,50.3
2026-09-03T16:00:00Z,hornsea-wind,1386.0,0.0,0.0,0.0,434.85,330.17,1.37,0.91,28.11,29.7
2026-09-03T17:00:00Z,hornsea-wind,1386.0,1386.0,0.0,1386.0,274.01,190.03,15.58,10.29,30.36,25.5
2026-09-03T18:00:00Z,hornsea-wind,1386.0,1355.66,0.0,1355.66,75.36,40.33,15.18,10.03,28.41,28.2
2026-09-03T19:00:00Z,hornsea-wind,1386.0,46.24,0.0,46.24,0.0,0.0,5.87,3.88,26.51,48.6
2026-09-03T20:00:00Z,hornsea-wind,1386.0,912.34,0.0,912.34,0.0,0.0,10.72,7.09,21.14,37.0
2026-09-03T21:00:00Z,hornsea-wind,1386.0,1386.0,0.0,1386.0,0.0,0.0,12.58,8.31,18.71,33.1
2026-09-03T22:00:00Z,hornsea-wind,1386.0,917.37,0.0,917.37,0.0,0.0,10.98,7.25,19.3,36.5
2026-09-03T23:00:00Z,hornsea-wind,1386.0,1386.0,0.0,1386.0,0.0,0.0,15.98,10.56,13.58,31.8
2026-09-04T00:00:00Z,hornsea-wind,1386.0,0.72,0.0,0.72,0.0,0.0,3.72,2.46,15.82,25.2
2026-09-04T01:00:00Z,hornsea-wind,1386.0,484.02,0.0,484.02,0.0,0.0,9.28,6.13,11.53,8.9
2026-09-04T02:00:00Z,hornsea-wind,1386.0,1288.94,0.0,1288.94,0.0,0.0,15.91,10.51,9.74,35.2
2026-09-04T03:00:00Z,hornsea-wind,1386.0,17.95,0.0,17.95,0.0,0.0,5.14,3.39,8.1,7.2
2026-09-04T04:00:00Z,hornsea-wind,1386.0,209.03,0.0,209.03,0.0,0.0,7.81,5.16,9.14,15.4
2026-09-04T05:00:00Z,hornsea-wind,1386.0,0.0,0.0,0.0,0.0,0.0,0.76,0.5,12.17,23.5
2026-09-04T06:00:00Z,hornsea-wind,1386.0,127.08,0.0,127.08,23.51,9.98,7.05,4.66,12.3,25.8
2026-09-04T07:00:00Z,hornsea-wind,1386.0,895.47,0.0,895.47,206.81,135.1,10.91,7.21,16.6,32.9
2026-09-04T08:00:00Z,hornsea-wind,1386.0,1386.0,0.0,1386.0,383.96,284.08,14.98,9.9,15.56,31.6
2026-09-04T09:00:00Z,hornsea-wind,1386.0,328.41,0.0,328.41,705.62,592.28,8.55,5.65,19.49,0.0
2026-09-04T10:00:00Z,hornsea-wind,1386.0,1386.0,0.0,1386.0,608.8,491.77,14.74,9.74,22.1,37.9
2026-09-04T11:00:00Z,hornsea-wind,1386.0,144.74,0.0,144.74,717.34,600.98,7.22,4.77,25.41,32.8
2026-09-04T12:00:00Z,hornsea-wind,1386.0,1327.15,0.0,1327.15,733.99,617.09,13.92,9.2,25.2,34.5
2026-09-04T13:00:00Z,hornsea-wind,1386.0,515.57,0.0,515.57,703.02,585.18,9.46,6.25,30.96,36.4
2026-09-04T14:00:00Z,hornsea-wind,1386.0,1000.76,0.0,1000.76,502.43,379.67,11.09,7.33,30.38,56.8
2026-09-04T15:00:00Z,hornsea-wind,1386.0,0.0,0.0,0.0,412.44,298.18,2.36,1.56,31.36,58.7
2026-09-04T16:00:00Z,hornsea-wind,1386.0,125.0,0.0,125.0,392.68,290.17,7.04,4.65,28.88,39.5
2026-09-04T17:00:00Z,hornsea-wind,1386.0,53.16,0.0,53.16,221.82,145.27,6.01,3.97,26.68,45.4
2026-09-04T18:00:00Z,hornsea-wind,1386.0,1375.02,0.0,1375.02,79.97,43.4,13.41,8.86,24.21,21.9
2026-09-04T19:00:00Z,hornsea-wind,1386.0,1386.0,0.0,1386.0,0.0,0.0,12.4,8.19,24.2,24.2
2026-09-04T20:00:00Z,hornsea-wind,1386.0,634.34,0.0,634.34,0.0,0.0,10.06,6.64,21.85,15.5
2026-09-04T21:00:00Z,hornsea-wind,1386.0,469.3,0.0,469.3,0.0,0.0,9.26,6.12,17.64,18.1
2026-09-04T22:00:00Z,hornsea-wind,1386.0,0.0,0.0,0.0,0.0,0.0,2.85,1.88,16.33,33.8
2026-09-04T23:00:00Z,hornsea-wind,1386.0,0.13,0.0,0.13,0.0,0.0,3.41,2.25,17.05,33.0
2026-09-05T00:00:00Z,hornsea-wind,1386.0,590.04,0.0,590.04,0.0,0.0,9.78,6.46,11.9,10.0
2026-09-05T01:00:00Z,hornsea-wind,1386.0,0.01,0.0,0.01,0.0,0.0,3.16,2.08,10.31,63.4
2026-09-05T02:00:00Z,hornsea-wind,1386.0,73.35,0.0,73.35,0.0,0.0,6.38,4.22,13.24,36.1
2026-09-05T03:00:00Z,hornsea-wind,1386.0,0.64,0.0,0.64,0.0,0.0,3.7,2.44,11.74,33.9
2026-09-05T04:00:00Z,hornsea-wind,1386.0,0.0,0.0,0.0,0.0,0.0,1.88,1.24,9.28,59.4
2026-09-05T05:00:00Z,hornsea-wind,1386.0,64.48,0.0,64.48,0.0,0.0,6.23,4.11,13.08,37.7
2026-09-05T06:00:00Z,hornsea-wind,1386.0,255.12,0.0,255.12,29.32,13.03,8.23,5.44,12.19,0.0
2026-09-05T07:00:00Z,hornsea-wind,1386.0,1386.0,0.0,1386.0,190.64,121.8,15.96,10.54,16.31,40.5
2026-09-05T08:00:00Z,hornsea-wind,1386.0,1366.28,0.0,1366.28,507.24,398.56,15.51,10.25,20.14,0.0
2026-09-05T09:00:00Z,hornsea-wind,1386.0,429.35,0.0,429.35,644.37,531.52,9.06,5.99,19.54,11.3
2026-09-05T10:00:00Z,hornsea-wind,1386.0,1378.59,0.0,1378.59,736.25,623.29,13.66,9.02,24.91,18.7
2026-09-05T11:00:00Z,hornsea-wind,1386.0,1386.0,0.0,1386.0,911.46,805.77,13.92,9.2,24.37,6.5
2026-09-05T12:00:00Z,hornsea-wind,1386.0,465.77,0.0,465.77,818.6,707.07,9.22,6.09,25.61,23.5
2026-09-05T13:00:00Z,hornsea-wind,1386.0,71.36,0.0,71.36,808.92,697.28,6.41,4.24,28.66,22.3
2026-09-05T14:00:00Z,hornsea-wind,1386.0,488.06,0.0,488.06,746.05,632.93,9.33,6.16,28.86,21.3
2026-09-05T15:00:00Z,hornsea-wind,1386.0,1345.79,0.0,1345.79,661.1,547.98,11.89,7.86,29.0,15.6
2026-09-05T16:00:00Z,hornsea-wind,1386.0,1030.76,0.0,1030.76,441.53,336.51,11.15,7.36,30.37,28.2
2026-09-05T17:00:00Z,hornsea-wind,1386.0,1386.0,0.0,1386.0,233.04,154.9,13.61,8.99,28.37,41.1
2026-09-05T18:00:00Z,hornsea-wind,1386.0,1386.0,0.0,1386.0,84.42,46.36,12.34,8.16,26.43,15.9
2026-09-05T19:00:00Z,hornsea-wind,1386.0,34.82,0.0,34.82,0.0,0.0,5.65,3.74,23.68,20.3
2026-09-05T20:00:00Z,hornsea-wind,1386.0,0.0,0.0,0.0,0.0,0.0,2.9,1.92,21.85,20.1
2026-09-05T21:00:00Z,hornsea-wind,1386.0,904.83,0.0,904.83,0.0,0.0,10.9,7.2,19.59,46.5
2026-09-05T22:00:00Z,hornsea-wind,1386.0,1369.92,0.0,1369.92,0.0,0.0,12.46,8.23,17.32,27.7
2026-09-05T23:00:00Z,hornsea-wind,1386.0,1230.72,0.0,1230.72,0.0,0.0,11.69,7.72,15.91,20.0
2026-09-06T00:00:00Z,hornsea-wind,1386.0,336.04,0.0,336.04,0.0,0.0,8.64,5.71,14.01,34.7
2026-09-06T01:00:00Z,hornsea-wind,1386.0,1379.42,0.0,1379.42,0.0,0.0,14.22,9.39,13.15,31.3
2026-09-06T02:00:00Z,hornsea-wind,1386.0,41.61,0.0,41.61,0.0,0.0,5.8,3.83,7.88,12.4
2026-09-06T03:00:00Z,hornsea-wind,1386.0,152.08,0.0,152.08,0.0,0.0,7.27,4.8,9.94,28.8
2026-09-06T04:00:00Z,hornsea-wind,1386.0,1386.0,0.0,1386.0,0.0,0.0,14.06,9.29,9.25,13.8
2026-09-06T05:00:00Z,hornsea-wind,1386.0,529.35,0.0,529.35,0.0,0.0,9.5,6.27,12.35,19.8
2026-09-06T06:00:00Z,hornsea-wind,1386.0,609.18,0.0,609.18,16.07,6.07,9.78,6.46,14.78,58.7
2026-09-06T07:00:00Z,hornsea-wind,1386.0,1.65,0.0,1.65,276.98,192.83,3.95,2.61,16.48,0.0
2026-09-06T08:00:00Z,hornsea-wind,1386.0,0.0,0.0,0.0,409.7,307.99,2.88,1.9,17.04,25.0
2026-09-06T09:00:00Z,hornsea-wind,1386.0,0.0,0.0,0.0,652.42,539.51,2.15,1.42,22.08,9.8
2026-09-06T10:00:00Z,hornsea-wind,1386.0,202.02,0.0,202.02,859.67,750.66,7.75,5.12,19.47,0.0
2026-09-06T11:00:00Z,hornsea-wind,1386.0,873.64,0.0,873.64,955.36,852.07,10.7,7.07,23.78,0.6
2026-09-06T12:00:00Z,hornsea-wind,1386.0,32.29,0.0,32.29,408.03,270.42,5.58,3.69,26.1,76.9
2026-09-06T13:00:00Z,hornsea-wind,1386.0,145.42,0.0,145.42,765.4,651.21,7.26,4.8,28.4,28.1
2026-09-06T14:00:00Z,hornsea-wind,1386.0,1331.25,0.0,1331.25,891.96,784.61,24.34,16.08,27.75,0.0
2026-09-06T15:00:00Z,hornsea-wind,1386.0,42.46,0.0,42.46,682.0,568.97,5.82,3.85,29.58,12.0
2026-09-06T16:00:00Z,hornsea-wind,1386.0,1386.0,0.0,1386.0,514.02,405.26,12.61,8.33,31.96,11.5
2026-09-06T17:00:00Z,hornsea-wind,1386.0,1364.38,0.0,1364.38,340.71,247.23,13.27,8.77,27.89,0.0
2026-09-06T18:00:00Z,hornsea-wind,1386.0,21.56,0.0,21.56,81.17,44.2,5.24,3.46,28.19,20.3
2026-09-06T19:00:00Z,hornsea-wind,1386.0,1386.0,0.0,1386.0,0.0,0.0,16.04,10.6,25.12,18.1
2026-09-06T20:00:00Z,hornsea-wind,1386.0,103.93,0.0,103.93,0.0,0.0,6.88,4.54,21.55,17.5
2026-09-06T21:00:00Z,hornsea-wind,1386.0,766.69,0.0,766.69,0.0,0.0,10.48,6.92,18.81,34.1
2026-09-06T22:00:00Z,hornsea-wind,1386.0,22.65,0.0,22.65,0.0,0.0,5.31,3.51,18.7,9.1
2026-09-06T23:00:00Z,hornsea-wind,1386.0,88.21,0.0,88.21,0.0,0.0,6.61,4.37,16.6,19.4
2026-09-07T00:00:00Z,hornsea-wind,1386.0,458.38,0.0,458.38,0.0,0.0,9.17,6.06,11.11,34.2
2026-09-07T01:00:00Z,hornsea-wind,1386.0,26.6,0.0,26.6,0.0,0.0,5.45,3.6,9.92,23.7
2026-09-07T02:00:00Z,hornsea-wind,1386.0,1386.0,0.0,1386.0,0.0,0.0,15.86,10.48,9.56,41.7
2026-09-07T03:00:00Z,hornsea-wind,1386.0,733.14,0.0,733.14,0.0,0.0,10.32,6.82,9.14,29.3
2026-09-07T04:00:00Z,hornsea-wind,1386.0,1386.0,0.0,1386.0,0.0,0.0,15.43,10.2,11.59,23.1
2026-09-07T05:00:00Z,hornsea-wind,1386.0,1379.67,0.0,1379.67,0.0,0.0,14.71,9.72,11.36,30.6
2026-09-07T06:00:00Z,hornsea-wind,1386.0,1386.0,0.0,1386.0,20.02,8.15,14.4,9.51,11.13,41.2
2026-09-07T07:00:00Z,hornsea-wind,1386.0,26.19,0.0,26.19,187.87,119.51,5.39,3.56,16.07,41.8
2026-09-07T08:00:00Z,hornsea-wind,1386.0,190.95,0.0,190.95,388.45,288.25,7.61,5.03,18.02,30.4
2026-09-07T09:00:00Z,hornsea-wind,1386.0,2.0,0.0,2.0,649.41,536.52,4.01,2.65,21.25,10.4
2026-09-07T10:00:00Z,hornsea-wind,1386.0,1357.47,0.0,1357.47,583.26,465.41,17.89,11.82,21.98,41.8
2026-09-07T11:00:00Z,hornsea-wind,1386.0,4.48,0.0,4.48,777.1,664.03,4.33,2.86,27.68,24.7
2026-09-07T12:00:00Z,hornsea-wind,1386.0,1386.0,0.0,1386.0,728.14,610.86,12.55,8.29,28.87,35.3
2026-09-07T13:00:00Z,hornsea-wind,1386.0,1386.0,0.0,1386.0,563.18,437.16,19.35,12.79,28.94,55.0
2026-09-07T14:00:00Z,hornsea-wind,1386.0,1386.0,0.0,1386.0,601.03,482.17,21.21,14.02,29.51,42.4
2026-09-07T15:00:00Z,hornsea-wind,1386.0,1064.27,0.0,1064.27,595.18,481.75,11.18,7.38,29.12,27.0
2026-09-07T16:00:00Z,hornsea-wind,1386.0,30.26,0.0,30.26,482.6,375.46,5.54,3.66,28.29,18.7
2026-09-07T17:00:00Z,hornsea-wind,1386.0,17.18,0.0,17.18,303.3,215.15,5.08,3.36,26.73,14.3
2026-09-07T18:00:00Z,hornsea-wind,1386.0,17.15,0.0,17.15,73.04,38.78,5.08,3.35,29.53,31.3
2026-09-07T19:00:00Z,hornsea-wind,1386.0,1368.38,0.0,1368.38,0.0,0.0,14.9,9.84,24.13,22.1
2026-09-07T20:00:00Z,hornsea-wind,1386.0,1386.0,0.0,1386.0,0.0,0.0,16.51,10.91,23.73,32.6
2026-09-07T21:00:00Z,hornsea-wind,1386.0,43.72,0.0,43.72,0.0,0.0,5.83,3.85,17.59,49.3
2026-09-07T22:00:00Z,hornsea-wind,1386.0,0.0,0.0,0.0,0.0,0.0,2.26,1.49,18.43,9.2
2026-09-07T23:00:00Z,hornsea-wind,1386.0,218.6,0.0,218.6,0.0,0.0,7.84,5.18,13.6,16.5
2026-09-08T00:00:00Z,hornsea-wind,1386.0,1386.0,0.0,1386.0,0.0,0.0,14.14,9.34,13.07,20.7
2026-09-08T01:00:00Z,hornsea-wind,1386.0,0.0,0.0,0.0,0.0,0.0,2.45,1.62,10.15,57.3
2026-09-08T02:00:00Z,hornsea-wind,1386.0,1386.0,0.0,1386.0,0.0,0.0,12.03,7.95,10.98,34.7
2026-09-08T03:00:00Z,hornsea-wind,1386.0,240.77,0.0,240.77,0.0,0.0,7.97,5.26,10.94,14.6
2026-09-08T04:00:00Z,hornsea-wind,1386.0,110.39,0.0,110.39,0.0,0.0,6.93,4.58,9.18,20.8
2026-09-08T05:00:00Z,hornsea-wind,1386.0,1386.0,0.0,1386.0,0.0,0.0,12.0,7.93,10.02,42.5
2026-09-08T06:00:00Z,hornsea-wind,1386.0,7.86,0.0,7.86,19.03,7.62,4.6,3.04,12.53,45.6
2026-09-08T07:00:00Z,hornsea-wind,1386.0,555.66,0.0,555.66,209.72,137.5,9.71,6.42,14.92,31.6
2026-09-08T08:00:00Z,hornsea-wind,1386.0,1386.0,0.0,1386.0,484.88,377.8,12.06,7.97,20.89,5.7
2026-09-08T09:00:00Z,hornsea-wind,1386.0,1386.0,0.0,1386.0,593.89,481.45,12.28,8.12,18.64,20.6
2026-09-08T10:00:00Z,hornsea-wind,1386.0,195.17,0.0,195.17,650.39,534.68,7.71,5.09,25.33,31.6
2026-09-08T11:00:00Z,hornsea-wind,1386.0,306.51,0.0,306.51,556.0,430.78,8.43,5.57,25.13,54.7
2026-09-08T12:00:00Z,hornsea-wind,1386.0,778.16,0.0,778.16,840.29,730.13,10.33,6.83,28.55,20.7
2026-09-08T13:00:00Z,hornsea-wind,1386.0,132.5,0.0,132.5,976.37,874.54,7.1,4.69,27.96,0.0
2026-09-08T14:00:00Z,hornsea-wind,1386.0,944.93,0.0,944.93,786.7,675.19,10.88,7.19,29.34,15.3
2026-09-08T15:00:00Z,hornsea-wind,1386.0,1082.55,0.0,1082.55,552.72,439.1,11.18,7.39,30.74,34.4
2026-09-08T16:00:00Z,hornsea-wind,1386.0,179.23,0.0,179.23,464.84,358.62,7.51,4.96,26.69,22.8
2026-09-08T17:00:00Z,hornsea-wind,1386.0,0.0,0.0,0.0,340.71,247.23,1.0,0.66,29.76,0.0
2026-09-08T18:00:00Z,hornsea-wind,1386.0,1386.0,0.0,1386.0,67.1,34.83,13.82,9.13,28.07,39.3
2026-09-08T19:00:00Z,hornsea-wind,1386.0,20.11,0.0,20.11,0.0,0.0,5.15,3.41,23.57,20.0
2026-09-08T20:00:00Z,hornsea-wind,1386.0,37.69,0.0,37.69,0.0,0.0,5.71,3.77,19.52,55.9
2026-09-08T21:00:00Z,hornsea-wind,1386.0,4.21,0.0,4.21,0.0,0.0,4.31,2.85,21.49,46.9
2026-09-08T22:00:00Z,hornsea-wind,1386.0,96.49,0.0,96.49,0.0,0.0,6.76,4.47,13.36,30.1
2026-09-08T23:00:00Z,hornsea-wind,1386.0,2.55,0.0,2.55,0.0,0.0,4.11,2.72,16.44,44.8
2026-09-09T00:00:00Z,hornsea-wind,1386.0,1386.0,0.0,1386.0,0.0,0.0,18.05,11.93,11.81,47.3
2026-09-09T01:00:00Z,hornsea-wind,1386.0,1386.0,0.0,1386.0,0.0,0.0,18.79,12.41,9.54,0.0
2026-09-09T02:00:00Z,hornsea-wind,1386.0,56.89,0.0,56.89,0.0,0.0,6.14,4.06,10.33,20.1
2026-09-09T03:00:00Z,hornsea-wind,1386.0,412.99,0.0,412.99,0.0,0.0,9.04,5.97,10.38,12.7
2026-09-09T04:00:00Z,hornsea-wind,1386.0,519.57,0.0,519.57,0.0,0.0,9.51,6.28,10.93,40.9
2026-09-09T05:00:00Z,hornsea-wind,1386.0,1323.08,0.0,1323.08,0.0,0.0,11.98,7.92,10.81,54.2
2026-09-09T06:00:00Z,hornsea-wind,1386.0,445.4,0.0,445.4,27.04,11.83,9.27,6.12,14.6,10.1
2026-09-09T07:00:00Z,hornsea-wind,1386.0,687.25,0.0,687.25,213.78,140.84,10.14,6.7,15.33,29.7
2026-09-09T08:00:00Z,hornsea-wind,1386.0,26.86,0.0,26.86,287.38,194.39,5.4,3.57,19.35,56.3
2026-09-09T09:00:00Z,hornsea-wind,1386.0,820.73,0.0,820.73,629.89,517.16,10.64,7.03,21.65,14.0
2026-09-09T10:00:00Z,hornsea-wind,1386.0,334.58,0.0,334.58,502.65,382.23,8.62,5.7,24.48,54.0
2026-09-09T11:00:00Z,hornsea-wind,1386.0,1386.0,0.0,1386.0,916.19,810.76,12.94,8.55,24.69,5.9
2026-09-09T12:00:00Z,hornsea-wind,1386.0,64.74,0.0,64.74,729.38,612.18,6.24,4.12,27.47,35.1
2026-09-09T13:00:00Z,hornsea-wind,1386.0,979.35,0.0,979.35,801.93,689.88,11.12,7.35,30.54,23.2
2026-09-09T14:00:00Z,hornsea-wind,1386.0,909.74,0.0,909.74,633.54,515.96,10.79,7.13,29.25,37.7
2026-09-09T15:00:00Z,hornsea-wind,1386.0,1369.92,0.0,1369.92,751.49,638.78,13.62,9.0,28.13,0.0
2026-09-09T16:00:00Z,hornsea-wind,1386.0,1372.85,0.0,1372.85,449.31,343.88,13.86,9.16,28.83,26.4
2026-09-09T17:00:00Z,hornsea-wind,1386.0,675.04,0.0,675.04,199.46,126.1,10.16,6.71,29.61,53.9
2026-09-09T18:00:00Z,hornsea-wind,1386.0,1370.45,0.0,1370.45,59.77,29.95,13.08,8.64,27.77,49.2
2026-09-09T19:00:00Z,hornsea-wind,1386.0,114.21,0.0,114.21,0.0,0.0,6.87,4.54,25.14,20.6
2026-09-09T20:00:00Z,hornsea-wind,1386.0,138.87,0.0,138.87,0.0,0.0,7.23,4.78,18.71,40.0
2026-09-09T21:00:00Z,hornsea-wind,1386.0,858.48,0.0,858.48,0.0,0.0,10.7,7.07,15.81,47.0
2026-09-09T22:00:00Z,hornsea-wind,1386.0,660.09,0.0,660.09,0.0,0.0,10.06,6.65,14.56,27.5
2026-09-09T23:00:00Z,hornsea-wind,1386.0,26.92,0.0,26.92,0.0,0.0,5.4,3.57,13.07,22.6
2026-09-10T00:00:00Z,hornsea-wind,1386.0,16.8,0.0,16.8,0.0,0.0,5.06,3.34,14.48,55.6
2026-09-10T01:00:00Z,hornsea-wind,1386.0,834.5,0.0,834.5,0.0,0.0,10.55,6.97,10.73,27.9
2026-09-10T02:00:00Z,hornsea-wind,1386.0,0.0,0.0,0.0,0.0,0.0,1.8,1.19,11.44,44.4
2026-09-10T03:00:00Z,hornsea-wind,1386.0,346.9,0.0,346.9,0.0,0.0,8.62,5.7,9.56,31.6
2026-09-10T04:00:00Z,hornsea-wind,1386.0,0.5,0.0,0.5,0.0,0.0,3.65,2.41,11.92,32.8
2026-09-10T05:00:00Z,hornsea-wind,1386.0,1264.14,0.0,1264.14,0.0,0.0,25.8,17.05,8.52,1.4
2026-09-10T06:00:00Z,hornsea-wind,1386.0,43.55,0.0,43.55,13.52,4.73,5.87,3.88,13.08,70.0
2026-09-10T07:00:00Z,hornsea-wind,1386.0,46.32,0.0,46.32,205.44,133.97,5.89,3.89,15.96,33.6
2026-09-10T08:00:00Z,hornsea-wind,1386.0,0.0,0.0,0.0,258.79,167.85,2.18,1.44,19.4,63.7
2026-09-10T09:00:00Z,hornsea-wind,1386.0,488.65,0.0,488.65,705.62,592.28,9.37,6.19,17.6,0.0
2026-09-10T10:00:00Z,hornsea-wind,1386.0,0.0,0.0,0.0,652.41,536.77,2.66,1.76,24.43,31.3
2026-09-10T11:00:00Z,hornsea-wind,1386.0,41.36,0.0,41.36,520.34,393.17,5.82,3.85,26.13,59.5
2026-09-10T12:00:00Z,hornsea-wind,1386.0,19.53,0.0,19.53,651.35,529.2,5.15,3.4,25.91,45.3
2026-09-10T13:00:00Z,hornsea-wind,1386.0,0.15,0.0,0.15,704.79,587.05,3.43,2.27,30.97,36.2
2026-09-10T14:00:00Z,hornsea-wind,1386.0,120.89,0.0,120.89,666.68,550.42,7.0,4.62,32.89,32.8
2026-09-10T15:00:00Z,hornsea-wind,1386.0,29.81,0.0,29.81,568.12,454.57,5.46,3.61,28.87,31.7
2026-09-10T16:00:00Z,hornsea-wind,1386.0,1385.58,0.0,1385.58,443.86,338.71,13.9,9.18,30.47,27.7
2026-09-10T17:00:00Z,hornsea-wind,1386.0,1386.0,0.0,1386.0,219.78,143.52,18.67,12.33,28.81,46.1
2026-09-10T18:00:00Z,hornsea-wind,1386.0,0.0,0.0,0.0,80.32,43.63,2.65,1.75,28.1,21.5
2026-09-10T19:00:00Z,hornsea-wind,1386.0,112.36,0.0,112.36,0.0,0.0,6.84,4.52,25.7,58.8
2026-09-10T20:00:00Z,hornsea-wind,1386.0,1386.0,0.0,1386.0,0.0,0.0,13.93,9.2,22.55,0.0
2026-09-10T21:00:00Z,hornsea-wind,1386.0,1242.39,0.0,1242.39,0.0,0.0,11.57,7.64,20.99,17.7
2026-09-10T22:00:00Z,hornsea-wind,1386.0,228.06,0.0,228.06,0.0,0.0,7.96,5.26,18.94,22.3
2026-09-10T23:00:00Z,hornsea-wind,1386.0,1289.93,0.0,1289.93,0.0,0.0,19.41,12.82,14.51,0.0
2026-09-11T00:00:00Z,hornsea-wind,1386.0,80.14,0.0,80.14,0.0,0.0,6.5,4.29,11.96,47.0
2026-09-11T01:00:00Z,hornsea-wind,1386.0,89.05,0.0,89.05,0.0,0.0,6.62,4.38,7.27,26.7
2026-09-11T02:00:00Z,hornsea-wind,1386.0,653.03,0.0,653.03,0.0,0.0,9.93,6.56,11.05,31.4
2026-09-11T03:00:00Z,hornsea-wind,1386.0,1323.9,0.0,1323.9,0.0,0.0,12.4,8.19,8.99,23.0
2026-09-11T04:00:00Z,hornsea-wind,1386.0,1324.63,0.0,1324.63,0.0,0.0,12.6,8.33,9.82,14.0
2026-09-11T05:00:00Z,hornsea-wind,1386.0,101.0,0.0,101.0,0.0,0.0,6.74,4.45,12.77,28.7
2026-09-11T06:00:00Z,hornsea-wind,1386.0,1145.72,0.0,1145.72,24.67,10.58,11.47,7.58,11.02,20.6
2026-09-11T07:00:00Z,hornsea-wind,1386.0,1012.41,0.0,1012.41,265.19,183.14,11.06,7.31,13.5,5.5
2026-09-11T08:00:00Z,hornsea-wind,1386.0,171.01,0.0,171.01,470.65,364.59,7.49,4.95,20.64,9.4
2026-09-11T09:00:00Z,hornsea-wind,1386.0,0.01,0.0,0.01,434.26,323.09,3.18,2.1,20.65,50.0
2026-09-11T10:00:00Z,hornsea-wind,1386.0,1364.72,0.0,1364.72,528.65,409.05,17.03,11.25,19.74,50.1
2026-09-11T11:00:00Z,hornsea-wind,1386.0,42.11,0.0,42.11,848.94,739.81,5.77,3.81,24.07,15.0
2026-09-11T12:00:00Z,hornsea-wind,1386.0,1386.0,0.0,1386.0,703.28,584.42,22.69,14.99,28.06,38.5
2026-09-11T13:00:00Z,hornsea-wind,1386.0,1370.65,0.0,1370.65,861.35,752.79,16.71,11.04,30.35,15.3
2026-09-11T14:00:00Z,hornsea-wind,1386.0,213.69,0.0,213.69,883.61,775.94,7.84,5.18,30.09,1.2
2026-09-11T15:00:00Z,hornsea-wind,1386.0,516.96,0.0,516.96,604.23,490.84,9.53,6.3,31.73,25.5
2026-09-11T16:00:00Z,hornsea-wind,1386.0,1386.0,0.0,1386.0,415.67,311.98,15.09,9.97,31.49,34.2
2026-09-11T17:00:00Z,hornsea-wind,1386.0,433.7,0.0,433.7,242.39,162.92,9.09,6.01,29.59,37.5
2026-09-11T18:00:00Z,hornsea-wind,1386.0,1338.48,0.0,1338.48,53.43,25.73,12.38,8.18,26.98,57.8
2026-09-11T19:00:00Z,hornsea-wind,1386.0,154.69,0.0,154.69,0.0,0.0,7.33,4.84,24.32,21.5
2026-09-11T20:00:00Z,hornsea-wind,1386.0,6.25,0.0,6.25,0.0,0.0,4.5,2.97,23.1,39.6
2026-09-11T21:00:00Z,hornsea-wind,1386.0,149.28,0.0,149.28,0.0,0.0,7.3,4.82,20.79,11.8
2026-09-11T22:00:00Z,hornsea-wind,1386.0,14.57,0.0,14.57,0.0,0.0,4.95,3.27,17.2,62.2
2026-09-11T23:00:00Z,hornsea-wind,1386.0,56.64,0.0,56.64,0.0,0.0,6.07,4.01,11.69,36.7
2026-09-12T00:00:00Z,hornsea-wind,1386.0,1360.18,0.0,1360.18,0.0,0.0,12.59,8.32,9.62,16.2
2026-09-12T01:00:00Z,hornsea-wind,1386.0,4.75,0.0,4.75,0.0,0.0,4.35,2.88,11.93,38.8
2026-09-12T02:00:00Z,hornsea-wind,1386.0,1386.0,0.0,1386.0,0.0,0.0,17.76,11.73,10.92,46.3
2026-09-12T03:00:00Z,hornsea-wind,1386.0,1328.93,0.0,1328.93,0.0,0.0,14.58,9.63,5.95,22.2
2026-09-12T04:00:00Z,hornsea-wind,1386.0,1.64,0.0,1.64,0.0,0.0,3.96,2.61,11.58,24.3
2026-08-13T05:00:00Z,hybrid-gansu,3200.0,2125.25,868.82,1256.43,813.06,701.65,10.71,7.08,24.55,21.8
2026-08-13T06:00:00Z,hybrid-gansu,3200.0,2688.26,1033.22,1655.05,999.29,899.23,11.35,7.5,28.23,0.0
2026-08-13T07:00:00Z,hybrid-gansu,3200.0,788.07,719.25,68.82,649.65,529.64,5.94,3.92,29.8,41.9
2026-08-13T08:00:00Z,hybrid-gansu,3200.0,558.23,462.73,95.5,412.3,289.18,6.2,4.1,30.35,67.5
2026-08-13T09:00:00Z,hybrid-gansu,3200.0,624.18,624.13,0.05,556.42,444.35,3.26,2.15,28.36,27.1
2026-08-13T10:00:00Z,hybrid-gansu,3200.0,2269.33,401.77,1867.56,356.42,258.66,11.8,7.8,29.36,38.0
2026-08-13T11:00:00Z,hybrid-gansu,3200.0,243.53,237.34,6.19,206.98,135.35,4.31,2.85,28.77,31.4
2026-08-13T12:00:00Z,hybrid-gansu,3200.0,1617.96,30.12,1587.84,25.13,10.83,11.45,7.56,26.88,0.0
2026-08-13T13:00:00Z,hybrid-gansu,3200.0,101.59,0.0,101.59,0.0,0.0,6.34,4.19,24.95,27.4
2026-08-13T14:00:00Z,hybrid-gansu,3200.0,0.0,0.0,0.0,0.0,0.0,0.91,0.6,22.21,16.0
2026-08-13T15:00:00Z,hybrid-gansu,3200.0,57.72,0.0,57.72,0.0,0.0,5.82,3.85,20.11,39.8
2026-08-13T16:00:00Z,hybrid-gansu,3200.0,54.11,0.0,54.11,0.0,0.0,5.72,3.78,16.95,30.3
2026-08-13T17:00:00Z,hybrid-gansu,3200.0,956.96,0.0,956.96,0.0,0.0,10.08,6.66,16.93,24.1
2026-08-13T18:00:00Z,hybrid-gansu,3200.0,35.66,0.0,35.66,0.0,0.0,5.36,3.54,11.29,22.1
2026-08-13T19:00:00Z,hybrid-gansu,3200.0,788.32,0.0,788.32,0.0,0.0,9.55,6.31,8.56,46.2
2026-08-13T20:00:00Z,hybrid-gansu,3200.0,33.34,0.0,33.34,0.0,0.0,5.3,3.5,10.82,24.2
2026-08-13T21:00:00Z,hybrid-gansu,3200.0,1350.75,0.0,1350.75,0.0,0.0,11.04,7.29,8.59,9.9
2026-08-13T22:00:00Z,hybrid-gansu,3200.0,2000.0,0.0,2000.0,0.0,0.0,12.82,8.47,10.87,49.7
2026-08-13T23:00:00Z,hybrid-gansu,3200.0,25.23,0.0,25.23,0.0,0.0,5.09,3.36,11.79,37.1
2026-08-14T00:00:00Z,hybrid-gansu,3200.0,60.83,60.83,0.0,51.95,24.52,2.23,1.47,13.15,62.7
2026-08-14T01:00:00Z,hybrid-gansu,3200.0,371.4,371.4,0.0,308.21,219.34,1.67,1.1,17.38,13.7
2026-08-14T02:00:00Z,hybrid-gansu,3200.0,529.91,474.44,55.47,418.35,314.4,5.71,3.77,18.71,34.1
2026-08-14T03:00:00Z,hybrid-gansu,3200.0,1030.43,852.69,177.74,746.77,634.08,6.97,4.6,18.51,1.3
2026-08-14T04:00:00Z,hybrid-gansu,3200.0,743.08,740.66,2.42,677.63,561.74,3.95,2.61,24.41,31.4
2026-08-14T05:00:00Z,hybrid-gansu,3200.0,666.01,666.01,0.0,598.93,474.94,2.16,1.43,25.34,50.3
2026-08-14T06:00:00Z,hybrid-gansu,3200.0,962.73,962.31,0.42,910.45,804.75,3.53,2.34,27.32,11.6
2026-08-14T07:00:00Z,hybrid-gansu,3200.0,1077.67,894.29,183.37,826.83,716.5,7.07,4.67,29.18,17.9
2026-08-14T08:00:00Z,hybrid-gansu,3200.0,793.75,756.01,37.74,726.07,612.82,5.43,3.59,32.28,19.9
2026-08-14T09:00:00Z,hybrid-gansu,3200.0,562.61,562.55,0.06,505.57,393.95,3.27,2.16,30.83,36.5
2026-08-14T10:00:00Z,hybrid-gansu,3200.0,1431.13,314.15,1116.98,272.48,180.82,10.4,6.87,30.81,59.7
2026-08-14T11:00:00Z,hybrid-gansu,3200.0,330.9,230.76,100.13,198.3,128.23,6.28,4.15,25.34,35.6
2026-08-14T12:00:00Z,hybrid-gansu,3200.0,700.53,26.83,673.7,21.8,9.13,9.22,6.09,24.92,17.2
2026-08-14T13:00:00Z,hybrid-gansu,3200.0,5.55,0.0,5.55,0.0,0.0,4.26,2.82,21.13,53.4
2026-08-14T14:00:00Z,hybrid-gansu,3200.0,244.2,0.0,244.2,0.0,0.0,7.48,4.94,22.51,21.4
2026-08-14T15:00:00Z,hybrid-gansu,3200.0,14.73,0.0,14.73,0.0,0.0,4.77,3.15,18.72,29.5
2026-08-14T16:00:00Z,hybrid-gansu,3200.0,434.91,0.0,434.91,0.0,0.0,8.4,5.55,16.9,45.5
2026-08-14T17:00:00Z,hybrid-gansu,3200.0,1051.23,0.0,1051.23,0.0,0.0,10.21,6.75,15.8,55.9
2026-08-14T18:00:00Z,hybrid-gansu,3200.0,451.89,0.0,451.89,0.0,0.0,8.47,5.59,12.55,29.6
2026-08-14T19:00:00Z,hybrid-gansu,3200.0,0.78,0.0,0.78,0.0,0.0,3.66,2.42,9.56,16.1
2026-08-14T20:00:00Z,hybrid-gansu,3200.0,0.0,0.0,0.0,0.0,0.0,2.14,1.42,8.25,31.4
2026-08-14T21:00:00Z,hybrid-gansu,3200.0,124.84,0.0,124.84,0.0,0.0,6.53,4.31,12.18,38.4
2026-08-14T22:00:00Z,hybrid-gansu,3200.0,0.0,0.0,0.0,0.0,0.0,2.75,1.82,8.67,41.4
2026-08-14T23:00:00Z,hybrid-gansu,3200.0,122.49,0.0,122.49,0.0,0.0,6.58,4.34,13.09,2.5
2026-08-15T00:00:00Z,hybrid-gansu,3200.0,151.69,84.0,67.7,71.07,37.36,5.91,3.9,9.66,37.9
2026-08-15T01:00:00Z,hybrid-gansu,3200.0,2161.53,370.65,1790.89,309.5,220.45,11.51,7.6,17.64,13.3
2026-08-15T02:00:00Z,hybrid-gansu,3200.0,1144.93,582.06,562.87,512.98,404.26,8.86,5.85,20.18,12.4
2026-08-15T03:00:00Z,hybrid-gansu,3200.0,773.23,738.92,34.31,644.38,531.15,5.29,3.49,20.47,18.9
2026-08-15T04:00:00Z,hybrid-gansu,3200.0,979.83,955.58,24.25,893.84,786.6,5.05,3.34,23.22,0.0
2026-08-15T05:00:00Z,hybrid-gansu,3200.0,2193.78,691.61,1502.18,651.15,530.22,11.21,7.4,25.37,43.4
2026-08-15T06:00:00Z,hybrid-gansu,3200.0,2394.16,960.88,1433.27,899.62,793.23,11.11,7.34,27.91,13.0
2026-08-15T07:00:00Z,hybrid-gansu,3200.0,1072.57,784.19,288.39,711.32,594.67,7.7,5.09,30.45,33.5
2026-08-15T08:00:00Z,hybrid-gansu,3200.0,737.14,724.6,12.54,646.21,530.45,4.65,3.08,29.09,32.0
2026-08-15T09:00:00Z,hybrid-gansu,3200.0,695.48,653.34,42.14,613.17,500.6,5.46,3.61,29.44,16.6
2026-08-15T10:00:00Z,hybrid-gansu,3200.0,399.19,399.19,0.0,359.72,261.71,1.65,1.09,26.6,37.1
2026-08-15T11:00:00Z,hybrid-gansu,3200.0,1399.3,273.19,1126.11,236.21,159.33,10.26,6.78,28.2,17.5
2026-08-15T12:00:00Z,hybrid-gansu,3200.0,496.74,22.46,474.27,18.94,7.68,8.59,5.68,26.7,32.0
2026-08-15T13:00:00Z,hybrid-gansu,3200.0,0.0,0.0,0.0,0.0,0.0,3.1,2.05,25.96,34.8
2026-08-15T14:00:00Z,hybrid-gansu,3200.0,28.87,0.0,28.87,0.0,0.0,5.19,3.43,23.43,40.1
2026-08-15T15:00:00Z,hybrid-gansu,3200.0,804.57,0.0,804.57,0.0,0.0,9.74,6.43,20.73,22.4
2026-08-15T16:00:00Z,hybrid-gansu,3200.0,247.59,0.0,247.59,0.0,0.0,7.53,4.97,17.23,44.9
2026-08-15T17:00:00Z,hybrid-gansu,3200.0,1976.41,0.0,1976.41,0.0,0.0,14.41,9.52,14.89,31.9
2026-08-15T18:00:00Z,hybrid-gansu,3200.0,0.0,0.0,0.0,0.0,0.0,1.74,1.15,11.32,33.0
2026-08-15T19:00:00Z,hybrid-gansu,3200.0,470.37,0.0,470.37,0.0,0.0,8.58,5.67,9.28,27.3
2026-08-15T20:00:00Z,hybrid-gansu,3200.0,204.3,0.0,204.3,0.0,0.0,7.21,4.77,11.28,28.5
2026-08-15T21:00:00Z,hybrid-gansu,3200.0,4.1,0.0,4.1,0.0,0.0,4.15,2.74,11.24,31.2
2026-08-15T22:00:00Z,hybrid-gansu,3200.0,1995.02,0.0,1995.02,0.0,0.0,12.15,8.03,8.45,10.7
2026-08-15T23:00:00Z,hybrid-gansu,3200.0,0.0,0.0,0.0,0.0,0.0,0.94,0.62,10.64,56.5
2026-08-16T00:00:00Z,hybrid-gansu,3200.0,262.69,67.74,194.95,54.52,26.25,7.24,4.78,13.09,59.4
2026-08-16T01:00:00Z,hybrid-gansu,3200.0,2235.97,235.97,2000.0,196.8,123.59,15.74,10.4,16.03,55.8
2026-08-16T02:00:00Z,hybrid-gansu,3200.0,445.31,440.92,4.39,379.76,277.75,4.18,2.76,19.48,43.0
2026-08-16T03:00:00Z,hybrid-gansu,3200.0,1279.54,641.37,638.17,597.72,484.23,9.09,6.0,21.97,27.0
2026-08-16T04:00:00Z,hybrid-gansu,3200.0,1123.17,951.57,171.61,893.84,786.6,6.99,4.62,26.15,0.0
2026-08-16T05:00:00Z,hybrid-gansu,3200.0,899.94,852.52,47.42,771.5,657.65,5.6,3.7,28.88,27.4
2026-08-16T06:00:00Z,hybrid-gansu,3200.0,1232.25,669.16,563.09,614.33,489.83,8.88,5.87,25.19,50.1
2026-08-16T07:00:00Z,hybrid-gansu,3200.0,995.14,984.93,10.21,942.01,837.98,4.53,2.99,28.27,2.2
2026-08-16T08:00:00Z,hybrid-gansu,3200.0,646.58,635.58,11.0,566.93,448.68,4.61,3.04,31.48,44.1
2026-08-16T09:00:00Z,hybrid-gansu,3200.0,572.61,569.49,3.12,526.55,414.74,4.06,2.68,30.36,32.6
2026-08-16T10:00:00Z,hybrid-gansu,3200.0,422.42,422.42,0.0,381.01,281.46,1.24,0.82,30.54,31.6
2026-08-16T11:00:00Z,hybrid-gansu,3200.0,302.87,263.33,39.54,227.5,152.18,5.41,3.58,29.21,21.6
2026-08-16T12:00:00Z,hybrid-gansu,3200.0,26.11,26.11,0.0,21.6,9.03,2.54,1.68,25.48,18.3
2026-08-16T13:00:00Z,hybrid-gansu,3200.0,183.87,0.0,183.87,0.0,0.0,7.03,4.64,23.96,30.2
2026-08-16T14:00:00Z,hybrid-gansu,3200.0,1893.47,0.0,1893.47,0.0,0.0,14.32,9.46,21.81,37.9
2026-08-16T15:00:00Z,hybrid-gansu,3200.0,138.42,0.0,138.42,0.0,0.0,6.67,4.4,18.57,13.0
2026-08-16T16:00:00Z,hybrid-gansu,3200.0,1925.59,0.0,1925.59,0.0,0.0,14.13,9.34,13.94,7.5
2026-08-16T17:00:00Z,hybrid-gansu,3200.0,26.5,0.0,26.5,0.0,0.0,5.12,3.38,15.47,42.5
2026-08-16T18:00:00Z,hybrid-gansu,3200.0,624.91,0.0,624.91,0.0,0.0,9.14,6.04,15.29,1.9
2026-08-16T19:00:00Z,hybrid-gansu,3200.0,3.36,0.0,3.36,0.0,0.0,4.06,2.68,11.95,30.5
2026-08-16T20:00:00Z,hybrid-gansu,3200.0,716.39,0.0,716.39,0.0,0.0,9.39,6.2,9.2,40.7
2026-08-16T21:00:00Z,hybrid-gansu,3200.0,178.57,0.0,178.57,0.0,0.0,7.04,4.65,8.65,42.3
2026-08-16T22:00:00Z,hybrid-gansu,3200.0,14.53,0.0,14.53,0.0,0.0,4.74,3.13,12.18,25.0
2026-08-16T23:00:00Z,hybrid-gansu,3200.0,170.35,0.0,170.35,0.0,0.0,6.97,4.61,9.97,38.9
2026-08-17T00:00:00Z,hybrid-gansu,3200.0,2026.36,62.91,1963.45,53.14,25.32,16.15,10.67,11.93,61.2
2026-08-17T01:00:00Z,hybrid-gansu,3200.0,410.37,410.37,0.0,339.71,246.42,1.55,1.02,14.35,1.9
2026-08-17T02:00:00Z,hybrid-gansu,3200.0,563.31,422.92,140.39,363.9,262.69,6.78,4.48,16.35,46.6
2026-08-17T03:00:00Z,hybrid-gansu,3200.0,581.32,581.32,0.0,509.41,395.46,1.47,0.97,21.43,42.2
2026-08-17T04:00:00Z,hybrid-gansu,3200.0,845.01,845.0,0.0,783.6,671.95,3.1,2.05,24.28,16.0
2026-08-17T05:00:00Z,hybrid-gansu,3200.0,1728.49,644.46,1084.03,603.39,479.66,10.26,6.78,25.38,49.7
2026-08-17T06:00:00Z,hybrid-gansu,3200.0,1440.49,652.95,787.54,573.99,446.93,9.61,6.35,28.81,55.3
2026-08-17T07:00:00Z,hybrid-gansu,3200.0,792.82,688.78,104.04,633.15,512.24,6.32,4.18,29.81,44.1
2026-08-17T08:00:00Z,hybrid-gansu,3200.0,1267.43,848.21,419.22,779.52,667.95,8.33,5.5,26.81,11.8
2026-08-17T09:00:00Z,hybrid-gansu,3200.0,1181.96,659.17,522.79,609.76,497.23,8.65,5.72,29.58,17.2
2026-08-17T10:00:00Z,hybrid-gansu,3200.0,520.35,326.09,194.27,295.89,202.52,7.13,4.71,30.99,53.6
2026-08-17T11:00:00Z,hybrid-gansu,3200.0,361.23,210.07,151.17,191.22,122.42,6.84,4.52,28.79,38.9
2026-08-17T12:00:00Z,hybrid-gansu,3200.0,31.43,29.95,1.47,25.13,10.83,3.82,2.53,25.97,0.0
2026-08-17T13:00:00Z,hybrid-gansu,3200.0,201.82,0.0,201.82,0.0,0.0,7.18,4.75,25.07,33.2
2026-08-17T14:00:00Z,hybrid-gansu,3200.0,7.99,0.0,7.99,0.0,0.0,4.43,2.93,23.86,11.3
2026-08-17T15:00:00Z,hybrid-gansu,3200.0,1806.66,0.0,1806.66,0.0,0.0,11.68,7.72,20.01,47.7
2026-08-17T16:00:00Z,hybrid-gansu,3200.0,131.44,0.0,131.44,0.0,0.0,6.67,4.4,16.15,14.2
2026-08-17T17:00:00Z,hybrid-gansu,3200.0,56.68,0.0,56.68,0.0,0.0,5.71,3.77,11.11,28.9
2026-08-17T18:00:00Z,hybrid-gansu,3200.0,14.69,0.0,14.69,0.0,0.0,4.77,3.15,11.53,24.9
2026-08-17T19:00:00Z,hybrid-gansu,3200.0,0.0,0.0,0.0,0.0,0.0,1.92,1.27,10.74,27.8
2026-08-17T20:00:00Z,hybrid-gansu,3200.0,284.46,0.0,284.46,0.0,0.0,7.65,5.05,10.38,54.7
2026-08-17T21:00:00Z,hybrid-gansu,3200.0,92.49,0.0,92.49,0.0,0.0,6.22,4.11,9.66,8.3
2026-08-17T22:00:00Z,hybrid-gansu,3200.0,831.09,0.0,831.09,0.0,0.0,9.73,6.43,13.14,10.0
2026-08-17T23:00:00Z,hybrid-gansu,3200.0,6.51,0.0,6.51,0.0,0.0,4.34,2.87,12.95,43.5
2026-08-18T00:00:00Z,hybrid-gansu,3200.0,470.58,113.63,356.95,92.41,51.69,8.08,5.34,14.19,10.3
2026-08-18T01:00:00Z,hybrid-gansu,3200.0,404.25,401.8,2.45,344.64,250.66,3.96,2.62,16.89,0.0
2026-08-18T02:00:00Z,hybrid-gansu,3200.0,634.64,634.49,0.15,567.27,455.82,3.38,2.23,19.31,0.0
2026-08-18T03:00:00Z,hybrid-gansu,3200.0,631.67,631.67,0.0,564.22,450.55,2.4,1.58,20.4,32.8
2026-08-18T04:00:00Z,hybrid-gansu,3200.0,1011.63,778.34,233.28,717.85,603.56,7.43,4.91,22.93,25.6
2026-08-18T05:00:00Z,hybrid-gansu,3200.0,731.41,730.12,1.28,666.07,546.02,3.77,2.49,22.15,41.4
2026-08-18T06:00:00Z,hybrid-gansu,3200.0,1668.6,899.35,769.25,837.37,727.04,9.5,6.28,26.86,21.1
2026-08-18T07:00:00Z,hybrid-gansu,3200.0,847.7,821.19,26.52,751.34,636.89,5.14,3.39,29.38,28.1
2026-08-18T08:00:00Z,hybrid-gansu,3200.0,1419.97,866.6,553.37,857.53,748.41,8.93,5.9,33.48,0.0
2026-08-18T09:00:00Z,hybrid-gansu,3200.0,925.81,574.61,351.2,554.53,442.48,8.09,5.34,31.78,27.4
2026-08-18T10:00:00Z,hybrid-gansu,3200.0,416.02,415.89,0.13,360.72,262.65,3.36,2.22,30.23,36.9
2026-08-18T11:00:00Z,hybrid-gansu,3200.0,2177.4,215.76,1961.64,182.53,115.3,15.16,10.02,28.63,43.1
2026-08-18T12:00:00Z,hybrid-gansu,3200.0,1578.49,23.31,1555.18,19.83,8.13,11.23,7.42,28.92,27.4
2026-08-18T13:00:00Z,hybrid-gansu,3200.0,128.25,0.0,128.25,0.0,0.0,6.59,4.35,23.21,15.2
2026-08-18T14:00:00Z,hybrid-gansu,3200.0,96.22,0.0,96.22,0.0,0.0,6.29,4.15,23.0,29.7
2026-08-18T15:00:00Z,hybrid-gansu,3200.0,0.0,0.0,0.0,0.0,0.0,2.96,1.95,17.69,43.4
2026-08-18T16:00:00Z,hybrid-gansu,3200.0,0.0,0.0,0.0,0.0,0.0,2.24,1.48,17.42,16.5
2026-08-18T17:00:00Z,hybrid-gansu,3200.0,0.0,0.0,0.0,0.0,0.0,1.64,1.08,15.39,30.7
2026-08-18T18:00:00Z,hybrid-gansu,3200.0,666.06,0.0,666.06,0.0,0.0,9.15,6.05,14.02,15.8
2026-08-18T19:00:00Z,hybrid-gansu,3200.0,688.65,0.0,688.65,0.0,0.0,9.28,6.13,11.2,35.3
2026-08-18T20:00:00Z,hybrid-gansu,3200.0,1930.78,0.0,1930.78,0.0,0.0,14.43,9.53,7.64,28.4
2026-08-18T21:00:00Z,hybrid-gansu,3200.0,19.99,0.0,19.99,0.0,0.0,4.91,3.24,13.61,19.2
2026-08-18T22:00:00Z,hybrid-gansu,3200.0,347.17,0.0,347.17,0.0,0.0,8.06,5.32,9.42,35.5
2026-08-18T23:00:00Z,hybrid-gansu,3200.0,59.72,0.0,59.72,0.0,0.0,5.77,3.81,14.06,33.0
2026-08-19T00:00:00Z,hybrid-gansu,3200.0,258.65,93.66,164.99,82.44,45.0,6.84,4.52,13.57,23.2
2026-08-19T01:00:00Z,hybrid-gansu,3200.0,389.41,389.41,0.0,329.37,237.54,1.93,1.28,16.42,5.8
2026-08-19T02:00:00Z,hybrid-gansu,3200.0,594.73,594.47,0.26,513.49,404.74,3.45,2.28,18.21,12.3
2026-08-19T03:00:00Z,hybrid-gansu,3200.0,689.06,671.93,17.12,607.52,494.09,4.86,3.21,22.17,25.3
2026-08-19T04:00:00Z,hybrid-gansu,3200.0,612.04,610.42,1.61,539.23,417.8,3.83,2.53,23.28,51.6
2026-08-19T05:00:00Z,hybrid-gansu,3200.0,1062.66,1062.66,0.0,977.27,875.51,0.81,0.54,24.29,0.0
2026-08-19T06:00:00Z,hybrid-gansu,3200.0,878.24,646.28,231.95,593.89,468.09,7.37,4.87,28.88,52.7
2026-08-19T07:00:00Z,hybrid-gansu,3200.0,2583.03,583.03,2000.0,524.37,397.51,15.01,9.91,28.05,58.9
2026-08-19T08:00:00Z,hybrid-gansu,3200.0,1218.52,778.17,440.35,744.23,631.55,8.4,5.55,30.94,17.2
2026-08-19T09:00:00Z,hybrid-gansu,3200.0,622.03,621.99,0.04,567.2,455.04,3.25,2.14,26.14,25.1
2026-08-19T10:00:00Z,hybrid-gansu,3200.0,246.36,246.36,0.0,208.13,121.15,1.93,1.28,29.72,76.3
2026-08-19T11:00:00Z,hybrid-gansu,3200.0,472.68,230.92,241.76,202.58,131.74,7.42,4.9,25.83,33.5
2026-08-19T12:00:00Z,hybrid-gansu,3200.0,28.02,28.02,0.0,23.84,10.17,2.23,1.47,27.19,6.7
2026-08-19T13:00:00Z,hybrid-gansu,3200.0,1976.54,0.0,1976.54,0.0,0.0,15.19,10.04,22.64,50.5
2026-08-19T14:00:00Z,hybrid-gansu,3200.0,2000.0,0.0,2000.0,0.0,0.0,13.56,8.96,21.79,29.2
2026-08-19T15:00:00Z,hybrid-gansu,3200.0,279.15,0.0,279.15,0.0,0.0,7.76,5.13,19.61,29.0
2026-08-19T16:00:00Z,hybrid-gansu,3200.0,3.96,0.0,3.96,0.0,0.0,4.13,2.73,16.22,21.3
2026-08-19T17:00:00Z,hybrid-gansu,3200.0,2000.0,0.0,2000.0,0.0,0.0,13.73,9.07,14.12,34.8
2026-08-19T18:00:00Z,hybrid-gansu,3200.0,944.71,0.0,944.71,0.0,0.0,9.92,6.56,13.75,22.0
2026-08-19T19:00:00Z,hybrid-gansu,3200.0,658.81,0.0,658.81,0.0,0.0,9.33,6.16,9.29,20.4
2026-08-19T20:00:00Z,hybrid-gansu,3200.0,0.0,0.0,0.0,0.0,0.0,1.02,0.67,9.33,26.2
2026-08-19T21:00:00Z,hybrid-gansu,3200.0,0.94,0.0,0.94,0.0,0.0,3.7,2.45,9.92,42.2
2026-08-19T22:00:00Z,hybrid-gansu,3200.0,0.0,0.0,0.0,0.0,0.0,2.16,1.43,12.8,43.4
2026-08-19T23:00:00Z,hybrid-gansu,3200.0,99.7,0.0,99.7,0.0,0.0,6.37,4.21,14.15,20.1
2026-08-20T00:00:00Z,hybrid-gansu,3200.0,91.62,91.62,0.0,75.16,40.11,2.24,1.48,12.56,32.6
2026-08-20T01:00:00Z,hybrid-gansu,3200.0,449.06,368.22,80.84,308.13,219.27,6.05,4.0,15.6,13.8
2026-08-20T02:00:00Z,hybrid-gansu,3200.0,1337.16,465.78,871.38,401.75,298.64,9.83,6.5,18.85,37.9
2026-08-20T03:00:00Z,hybrid-gansu,3200.0,881.94,596.98,284.96,518.12,404.21,7.65,5.05,21.51,40.7
2026-08-20T04:00:00Z,hybrid-gansu,3200.0,896.89,851.69,45.2,792.99,681.71,5.57,3.68,23.12,14.7
2026-08-20T05:00:00Z,hybrid-gansu,3200.0,1326.61,875.0,451.61,811.63,700.14,8.56,5.66,27.05,22.0
2026-08-20T06:00:00Z,hybrid-gansu,3200.0,710.78,710.78,0.0,628.78,505.2,2.87,1.9,27.91,48.2
2026-08-20T07:00:00Z,hybrid-gansu,3200.0,2779.22,841.55,1937.67,757.81,643.71,13.67,9.03,31.87,27.2
2026-08-20T08:00:00Z,hybrid-gansu,3200.0,713.96,713.96,0.0,674.01,559.12,2.47,1.63,31.91,27.8
2026-08-20T09:00:00Z,hybrid-gansu,3200.0,521.57,521.57,0.0,453.55,342.39,1.86,1.23,26.78,46.1
2026-08-20T10:00:00Z,hybrid-gansu,3200.0,1437.14,490.77,946.37,432.59,329.29,10.04,6.63,31.17,18.3
2026-08-20T11:00:00Z,hybrid-gansu,3200.0,2204.95,263.34,1941.61,228.68,153.15,14.81,9.79,27.8,21.1
2026-08-20T12:00:00Z,hybrid-gansu,3200.0,200.67,26.77,173.9,22.54,9.51,6.97,4.6,24.12,13.4
2026-08-20T13:00:00Z,hybrid-gansu,3200.0,1.47,0.0,1.47,0.0,0.0,3.83,2.53,24.5,53.9
2026-08-20T14:00:00Z,hybrid-gansu,3200.0,0.0,0.0,0.0,0.0,0.0,0.76,0.5,19.58,21.9
2026-08-20T15:00:00Z,hybrid-gansu,3200.0,10.78,0.0,10.78,0.0,0.0,4.58,3.03,18.24,21.7
2026-08-20T16:00:00Z,hybrid-gansu,3200.0,1633.53,0.0,1633.53,0.0,0.0,11.56,7.64,17.91,36.2
2026-08-20T17:00:00Z,hybrid-gansu,3200.0,232.03,0.0,232.03,0.0,0.0,7.47,4.93,15.79,19.6
2026-08-20T18:00:00Z,hybrid-gansu,3200.0,0.02,0.0,0.02,0.0,0.0,3.18,2.1,15.18,48.8
2026-08-20T19:00:00Z,hybrid-gansu,3200.0,2000.0,0.0,2000.0,0.0,0.0,12.95,8.55,12.51,13.6
2026-08-20T20:00:00Z,hybrid-gansu,3200.0,0.0,0.0,0.0,0.0,0.0,2.88,1.9,12.09,44.6
2026-08-20T21:00:00Z,hybrid-gansu,3200.0,1.26,0.0,1.26,0.0,0.0,3.78,2.5,7.93,32.3
2026-08-20T22:00:00Z,hybrid-gansu,3200.0,0.0,0.0,0.0,0.0,0.0,2.79,1.84,9.79,0.0
2026-08-20T23:00:00Z,hybrid-gansu,3200.0,4.84,0.0,4.84,0.0,0.0,4.21,2.78,11.41,18.5
2026-08-21T00:00:00Z,hybrid-gansu,3200.0,281.85,110.0,171.85,91.98,51.4,7.0,4.62,16.84,10.9
2026-08-21T01:00:00Z,hybrid-gansu,3200.0,377.28,296.54,80.73,246.21,166.05,6.1,4.03,12.99,37.1
2026-08-21T02:00:00Z,hybrid-gansu,3200.0,628.22,436.74,191.48,377.49,275.6,7.07,4.67,16.68,43.5
2026-08-21T03:00:00Z,hybrid-gansu,3200.0,649.59,550.73,98.86,497.45,383.43,6.27,4.14,23.14,44.3
2026-08-21T04:00:00Z,hybrid-gansu,3200.0,829.05,828.91,0.14,762.21,649.7,3.37,2.23,24.38,19.1
2026-08-21T05:00:00Z,hybrid-gansu,3200.0,794.78,663.55,131.23,606.02,482.44,6.65,4.39,23.66,49.4
2026-08-21T06:00:00Z,hybrid-gansu,3200.0,981.59,917.91,63.67,893.28,786.49,5.83,3.85,27.83,13.8
2026-08-21T07:00:00Z,hybrid-gansu,3200.0,973.41,735.52,237.89,685.22,567.15,7.36,4.86,29.07,37.1
2026-08-21T08:00:00Z,hybrid-gansu,3200.0,976.17,872.25,103.92,826.54,716.45,6.3,4.16,32.03,4.7
2026-08-21T09:00:00Z,hybrid-gansu,3200.0,2552.85,552.85,2000.0,522.9,411.13,12.24,8.08,32.53,33.3
2026-08-21T10:00:00Z,hybrid-gansu,3200.0,564.08,474.79,89.3,410.67,308.96,6.18,4.08,28.33,24.0
2026-08-21T11:00:00Z,hybrid-gansu,3200.0,308.54,284.41,24.13,256.54,176.01,5.05,3.33,27.51,7.8
2026-08-21T12:00:00Z,hybrid-gansu,3200.0,110.87,30.22,80.65,25.13,10.83,6.08,4.02,24.81,0.0
2026-08-21T13:00:00Z,hybrid-gansu,3200.0,1062.62,0.0,1062.62,0.0,0.0,10.27,6.79,26.07,69.2
2026-08-21T14:00:00Z,hybrid-gansu,3200.0,192.76,0.0,192.76,0.0,0.0,7.12,4.7,23.91,43.3
2026-08-21T15:00:00Z,hybrid-gansu,3200.0,2.81,0.0,2.81,0.0,0.0,4.01,2.65,20.17,5.6
2026-08-21T16:00:00Z,hybrid-gansu,3200.0,744.07,0.0,744.07,0.0,0.0,9.38,6.2,18.06,49.1
2026-08-21T17:00:00Z,hybrid-gansu,3200.0,2000.0,0.0,2000.0,0.0,0.0,13.59,8.98,15.21,17.5
2026-08-21T18:00:00Z,hybrid-gansu,3200.0,462.81,0.0,462.81,0.0,0.0,8.51,5.62,12.73,8.7
2026-08-21T19:00:00Z,hybrid-gansu,3200.0,5.67,0.0,5.67,0.0,0.0,4.28,2.83,12.66,24.8
2026-08-21T20:00:00Z,hybrid-gansu,3200.0,0.0,0.0,0.0,0.0,0.0,2.76,1.82,11.44,17.3
2026-08-21T21:00:00Z,hybrid-gansu,3200.0,320.02,0.0,320.02,0.0,0.0,7.8,5.15,8.24,20.9
2026-08-21T22:00:00Z,hybrid-gansu,3200.0,11.4,0.0,11.4,0.0,0.0,4.62,3.05,11.52,25.9
2026-08-21T23:00:00Z,hybrid-gansu,3200.0,1970.97,0.0,1970.97,0.0,0.0,13.19,8.72,10.37,33.7
2026-08-22T00:00:00Z,hybrid-gansu,3200.0,409.28,87.25,322.03,70.64,37.07,7.85,5.19,12.43,38.5
2026-08-22T01:00:00Z,hybrid-gansu,3200.0,722.72,417.24,305.48,344.64,250.66,7.84,5.18,13.47,0.0
2026-08-22T02:00:00Z,hybrid-gansu,3200.0,605.02,605.02,0.0,532.43,422.74,2.88,1.91,17.07,8.0
2026-08-22T03:00:00Z,hybrid-gansu,3200.0,559.11,559.11,0.0,491.13,377.08,3.1,2.05,20.42,45.3
2026-08-22T04:00:00Z,hybrid-gansu,3200.0,2786.1,786.1,2000.0,737.02,623.5,12.85,8.49,26.01,22.8
2026-08-22T05:00:00Z,hybrid-gansu,3200.0,1024.38,775.69,248.69,713.3,596.02,7.46,4.93,26.59,35.1
2026-08-22T06:00:00Z,hybrid-gansu,3200.0,1814.95,750.62,1064.32,721.83,604.16,10.28,6.79,27.75,36.1
2026-08-22T07:00:00Z,hybrid-gansu,3200.0,1124.84,626.66,498.18,567.29,442.78,8.61,5.69,27.33,53.1
2026-08-22T08:00:00Z,hybrid-gansu,3200.0,2637.37,637.37,2000.0,576.5,458.55,12.44,8.22,31.88,42.6
2026-08-22T09:00:00Z,hybrid-gansu,3200.0,744.23,744.23,0.0,702.65,589.29,1.67,1.1,27.73,0.0
2026-08-22T10:00:00Z,hybrid-gansu,3200.0,514.31,359.35,154.96,314.05,219.36,6.81,4.5,28.58,48.9
2026-08-22T11:00:00Z,hybrid-gansu,3200.0,308.48,306.75,1.73,272.95,189.47,3.85,2.54,28.9,0.0
2026-08-22T12:00:00Z,hybrid-gansu,3200.0,171.84,26.35,145.49,22.4,9.44,6.77,4.47,28.6,14.1
2026-08-22T13:00:00Z,hybrid-gansu,3200.0,12.52,0.0,12.52,0.0,0.0,4.66,3.08,21.8,31.2
2026-08-22T14:00:00Z,hybrid-gansu,3200.0,50.63,0.0,50.63,0.0,0.0,5.68,3.75,19.03,49.9
2026-08-22T15:00:00Z,hybrid-gansu,3200.0,54.35,0.0,54.35,0.0,0.0,5.72,3.78,18.03,36.4
2026-08-22T16:00:00Z,hybrid-gansu,3200.0,0.67,0.0,0.67,0.0,0.0,3.62,2.39,16.84,12.9
2026-08-22T17:00:00Z,hybrid-gansu,3200.0,1890.92,0.0,1890.92,0.0,0.0,14.72,9.73,15.16,29.9
2026-08-22T18:00:00Z,hybrid-gansu,3200.0,1236.45,0.0,1236.45,0.0,0.0,10.76,7.11,11.39,10.0
2026-08-22T19:00:00Z,hybrid-gansu,3200.0,149.49,0.0,149.49,0.0,0.0,6.88,4.55,8.05,4.3
2026-08-22T20:00:00Z,hybrid-gansu,3200.0,1249.79,0.0,1249.79,0.0,0.0,10.6,7.01,10.8,40.1
2026-08-22T21:00:00Z,hybrid-gansu,3200.0,299.08,0.0,299.08,0.0,0.0,7.76,5.13,9.77,16.8
2026-08-22T22:00:00Z,hybrid-gansu,3200.0,166.94,0.0,166.94,0.0,0.0,6.95,4.59,9.84,21.0
2026-08-22T23:00:00Z,hybrid-gansu,3200.0,384.22,0.0,384.22,0.0,0.0,8.16,5.39,12.13,20.2
2026-08-23T00:00:00Z,hybrid-gansu,3200.0,83.15,83.15,0.0,70.85,37.21,2.64,1.74,14.18,38.2
2026-08-23T01:00:00Z,hybrid-gansu,3200.0,2251.19,388.08,1863.1,320.22,229.67,15.11,9.98,14.59,9.2
2026-08-23T02:00:00Z,hybrid-gansu,3200.0,1428.07,506.08,921.99,418.51,314.55,9.86,6.51,17.99,34.1
2026-08-23T03:00:00Z,hybrid-gansu,3200.0,2357.07,627.64,1729.43,538.94,425.15,11.51,7.6,20.91,37.1
2026-08-23T04:00:00Z,hybrid-gansu,3200.0,831.21,796.77,34.44,731.32,617.58,5.32,3.51,23.54,23.6
2026-08-23T05:00:00Z,hybrid-gansu,3200.0,843.54,843.54,0.0,779.58,666.21,2.41,1.59,25.86,26.3
2026-08-23T06:00:00Z,hybrid-gansu,3200.0,1027.09,1027.09,0.0,999.29,899.23,1.32,0.88,27.38,0.0
2026-08-23T07:00:00Z,hybrid-gansu,3200.0,667.7,661.37,6.33,616.4,494.56,4.34,2.87,27.68,46.4
2026-08-23T08:00:00Z,hybrid-gansu,3200.0,674.66,628.51,46.15,548.95,430.13,5.57,3.68,28.36,46.8
2026-08-23T09:00:00Z,hybrid-gansu,3200.0,2621.59,621.59,2000.0,562.97,450.84,16.16,10.68,28.74,25.8
2026-08-23T10:00:00Z,hybrid-gansu,3200.0,623.69,465.46,158.23,411.17,309.43,6.82,4.51,29.79,23.9
2026-08-23T11:00:00Z,hybrid-gansu,3200.0,350.12,268.28,81.84,226.9,151.69,6.1,4.03,27.79,21.9
2026-08-23T12:00:00Z,hybrid-gansu,3200.0,75.14,21.44,53.7,17.73,7.06,5.68,3.75,25.7,38.3
2026-08-23T13:00:00Z,hybrid-gansu,3200.0,170.26,0.0,170.26,0.0,0.0,6.93,4.58,24.19,15.1
2026-08-23T14:00:00Z,hybrid-gansu,3200.0,131.46,0.0,131.46,0.0,0.0,6.65,4.39,22.13,47.2
2026-08-23T15:00:00Z,hybrid-gansu,3200.0,2000.0,0.0,2000.0,0.0,0.0,13.68,9.04,19.54,23.0
2026-08-23T16:00:00Z,hybrid-gansu,3200.0,302.6,0.0,302.6,0.0,0.0,7.83,5.18,15.79,25.0
2026-08-23T17:00:00Z,hybrid-gansu,3200.0,2000.0,0.0,2000.0,0.0,0.0,12.52,8.27,14.51,20.5
2026-08-23T18:00:00Z,hybrid-gansu,3200.0,723.13,0.0,723.13,0.0,0.0,9.44,6.24,11.24,38.6
2026-08-23T19:00:00Z,hybrid-gansu,3200.0,29.53,0.0,29.53,0.0,0.0,5.23,3.45,11.86,18.8
2026-08-23T20:00:00Z,hybrid-gansu,3200.0,29.27,0.0,29.27,0.0,0.0,5.21,3.44,9.18,10.5
2026-08-23T21:00:00Z,hybrid-gansu,3200.0,143.07,0.0,143.07,0.0,0.0,6.7,4.43,9.83,39.9
2026-08-23T22:00:00Z,hybrid-gansu,3200.0,101.8,0.0,101.8,0.0,0.0,6.36,4.2,9.52,26.8
2026-08-23T23:00:00Z,hybrid-gansu,3200.0,0.28,0.0,0.28,0.0,0.0,3.47,2.29,11.54,13.5
2026-08-24T00:00:00Z,hybrid-gansu,3200.0,129.2,124.57,4.63,100.36,57.03,4.19,2.77,15.25,0.0
2026-08-24T01:00:00Z,hybrid-gansu,3200.0,591.01,367.0,224.02,304.22,215.92,7.3,4.82,14.99,15.2
2026-08-24T02:00:00Z,hybrid-gansu,3200.0,1061.95,378.68,683.27,321.24,222.18,9.25,6.11,19.28,56.4
2026-08-24T03:00:00Z,hybrid-gansu,3200.0,840.58,835.47,5.11,752.13,639.46,4.25,2.81,21.22,0.4
2026-08-24T04:00:00Z,hybrid-gansu,3200.0,1562.61,762.83,799.78,725.56,611.58,9.69,6.4,24.33,24.5
2026-08-24T05:00:00Z,hybrid-gansu,3200.0,979.67,913.01,66.66,846.08,736.61,5.92,3.91,23.22,17.5
2026-08-24T06:00:00Z,hybrid-gansu,3200.0,1276.27,984.95,291.32,966.37,864.22,7.68,5.07,29.99,4.3
2026-08-24T07:00:00Z,hybrid-gansu,3200.0,881.5,839.53,41.97,823.28,712.76,5.5,3.63,29.5,18.3
2026-08-24T08:00:00Z,hybrid-gansu,3200.0,1023.55,750.42,273.13,695.64,581.43,7.62,5.04,27.32,24.5
2026-08-24T09:00:00Z,hybrid-gansu,3200.0,1543.93,753.93,790.0,702.65,589.29,9.56,6.32,29.87,0.0
2026-08-24T10:00:00Z,hybrid-gansu,3200.0,550.83,184.8,366.03,158.47,75.1,8.1,5.35,27.52,89.1
2026-08-24T11:00:00Z,hybrid-gansu,3200.0,414.93,222.64,192.3,194.59,125.19,7.11,4.7,30.43,37.3
2026-08-24T12:00:00Z,hybrid-gansu,3200.0,2020.28,20.28,2000.0,16.27,6.31,18.38,12.14,27.19,45.8
2026-08-24T13:00:00Z,hybrid-gansu,3200.0,139.31,0.0,139.31,0.0,0.0,6.73,4.45,26.08,40.9
2026-08-24T14:00:00Z,hybrid-gansu,3200.0,9.4,0.0,9.4,0.0,0.0,4.54,3.0,20.84,42.4
2026-08-24T15:00:00Z,hybrid-gansu,3200.0,20.52,0.0,20.52,0.0,0.0,4.98,3.29,17.1,31.8
2026-08-24T16:00:00Z,hybrid-gansu,3200.0,965.77,0.0,965.77,0.0,0.0,10.06,6.65,15.84,40.0
2026-08-24T17:00:00Z,hybrid-gansu,3200.0,274.1,0.0,274.1,0.0,0.0,7.63,5.04,15.24,37.5
2026-08-24T18:00:00Z,hybrid-gansu,3200.0,0.0,0.0,0.0,0.0,0.0,2.41,1.59,11.99,0.0
2026-08-24T19:00:00Z,hybrid-gansu,3200.0,249.78,0.0,249.78,0.0,0.0,7.46,4.93,11.89,31.2
2026-08-24T20:00:00Z,hybrid-gansu,3200.0,0.01,0.0,0.01,0.0,0.0,3.13,2.06,8.25,14.9
2026-08-24T21:00:00Z,hybrid-gansu,3200.0,3.38,0.0,3.38,0.0,0.0,4.08,2.69,8.16,14.4
2026-08-24T22:00:00Z,hybrid-gansu,3200.0,184.66,0.0,184.66,0.0,0.0,7.03,4.65,7.97,36.1
2026-08-24T23:00:00Z,hybrid-gansu,3200.0,2000.0,0.0,2000.0,0.0,0.0,13.04,8.61,12.6,43.4
2026-08-25T00:00:00Z,hybrid-gansu,3200.0,2118.59,118.59,2000.0,100.36,57.03,12.86,8.5,14.08,0.0
2026-08-25T01:00:00Z,hybrid-gansu,3200.0,2110.05,286.63,1823.41,249.6,168.96,12.41,8.2,16.21,35.9
2026-08-25T02:00:00Z,hybrid-gansu,3200.0,921.96,548.55,373.4,468.18,361.72,8.15,5.38,19.44,22.7
2026-08-25T03:00:00Z,hybrid-gansu,3200.0,2684.2,708.13,1976.07,623.46,510.12,20.35,13.44,21.71,22.5
2026-08-25T04:00:00Z,hybrid-gansu,3200.0,1406.66,606.11,800.55,543.28,422.01,9.67,6.39,21.62,51.0
2026-08-25T05:00:00Z,hybrid-gansu,3200.0,846.45,787.22,59.24,740.66,625.0,5.74,3.79,24.97,31.5
2026-08-25T06:00:00Z,hybrid-gansu,3200.0,1454.22,883.83,570.39,837.98,727.68,8.85,5.85,25.92,21.0
2026-08-25T07:00:00Z,hybrid-gansu,3200.0,744.21,734.2,10.01,680.18,561.84,4.54,3.0,28.85,37.8
2026-08-25T08:00:00Z,hybrid-gansu,3200.0,1018.18,769.38,248.81,717.57,604.06,7.56,4.99,30.71,21.2
2026-08-25T09:00:00Z,hybrid-gansu,3200.0,709.09,701.76,7.33,634.1,521.35,4.37,2.89,28.47,12.7
2026-08-25T10:00:00Z,hybrid-gansu,3200.0,967.73,498.46,469.28,436.73,333.12,8.53,5.63,28.02,17.3
2026-08-25T11:00:00Z,hybrid-gansu,3200.0,263.45,221.11,42.34,195.6,126.02,5.51,3.64,28.52,36.8
2026-08-25T12:00:00Z,hybrid-gansu,3200.0,374.89,29.57,345.32,25.13,10.83,8.04,5.31,24.97,0.0
2026-08-25T13:00:00Z,hybrid-gansu,3200.0,601.65,0.0,601.65,0.0,0.0,9.05,5.98,21.9,19.7
2026-08-25T14:00:00Z,hybrid-gansu,3200.0,0.0,0.0,0.0,0.0,0.0,1.3,0.86,21.66,16.4
2026-08-25T15:00:00Z,hybrid-gansu,3200.0,1987.35,0.0,1987.35,0.0,0.0,14.95,9.88,17.91,33.4
2026-08-25T16:00:00Z,hybrid-gansu,3200.0,507.89,0.0,507.89,0.0,0.0,8.66,5.72,16.31,25.5
2026-08-25T17:00:00Z,hybrid-gansu,3200.0,206.08,0.0,206.08,0.0,0.0,7.25,4.79,14.23,25.3
2026-08-25T18:00:00Z,hybrid-gansu,3200.0,459.87,0.0,459.87,0.0,0.0,8.56,5.66,11.78,27.9
2026-08-25T19:00:00Z,hybrid-gansu,3200.0,0.0,0.0,0.0,0.0,0.0,1.22,0.81,7.4,26.2
2026-08-25T20:00:00Z,hybrid-gansu,3200.0,86.47,0.0,86.47,0.0,0.0,6.16,4.07,10.42,5.3
2026-08-25T21:00:00Z,hybrid-gansu,3200.0,0.0,0.0,0.0,0.0,0.0,2.73,1.8,9.4,34.7
2026-08-25T22:00:00Z,hybrid-gansu,3200.0,0.0,0.0,0.0,0.0,0.0,1.49,0.98,9.43,35.8
2026-08-25T23:00:00Z,hybrid-gansu,3200.0,1467.25,0.0,1467.25,0.0,0.0,11.04,7.29,13.13,34.5
2026-08-26T00:00:00Z,hybrid-gansu,3200.0,116.12,108.64,7.48,91.53,51.1,4.41,2.91,13.27,11.4
2026-08-26T01:00:00Z,hybrid-gansu,3200.0,295.56,295.56,0.0,237.13,158.25,1.45,0.96,17.04,40.6
2026-08-26T02:00:00Z,hybrid-gansu,3200.0,518.97,509.63,9.34,414.39,310.64,4.53,2.99,16.63,35.0
2026-08-26T03:00:00Z,hybrid-gansu,3200.0,607.29,590.09,17.2,527.26,413.4,4.84,3.19,22.85,39.1
2026-08-26T04:00:00Z,hybrid-gansu,3200.0,1997.88,965.12,1032.76,893.84,786.6,10.2,6.74,21.48,0.0
2026-08-26T05:00:00Z,hybrid-gansu,3200.0,1124.79,892.78,232.01,801.19,689.08,7.4,4.89,25.39,23.4
2026-08-26T06:00:00Z,hybrid-gansu,3200.0,1735.24,859.89,875.35,797.82,684.98,9.88,6.53,26.67,26.2
2026-08-26T07:00:00Z,hybrid-gansu,3200.0,1195.6,881.04,314.57,831.38,721.3,7.82,5.17,30.13,17.2
2026-08-26T08:00:00Z,hybrid-gansu,3200.0,698.33,698.33,0.0,641.67,525.76,1.66,1.1,29.06,32.7
2026-08-26T09:00:00Z,hybrid-gansu,3200.0,2352.98,604.78,1748.2,543.39,431.44,11.65,7.7,30.25,29.5
2026-08-26T10:00:00Z,hybrid-gansu,3200.0,362.78,358.29,4.49,322.23,226.96,4.17,2.75,30.49,46.8
2026-08-26T11:00:00Z,hybrid-gansu,3200.0,278.12,271.91,6.21,233.16,156.83,4.31,2.85,24.16,19.0
2026-08-26T12:00:00Z,hybrid-gansu,3200.0,404.7,23.42,381.28,20.03,8.23,8.16,5.39,29.43,26.4
2026-08-26T13:00:00Z,hybrid-gansu,3200.0,42.29,0.0,42.29,0.0,0.0,5.49,3.62,23.62,35.5
2026-08-26T14:00:00Z,hybrid-gansu,3200.0,492.72,0.0,492.72,0.0,0.0,8.58,5.67,19.72,34.1
2026-08-26T15:00:00Z,hybrid-gansu,3200.0,109.95,0.0,109.95,0.0,0.0,6.39,4.22,20.17,14.5
2026-08-26T16:00:00Z,hybrid-gansu,3200.0,123.29,0.0,123.29,0.0,0.0,6.5,4.29,16.56,13.2
2026-08-26T17:00:00Z,hybrid-gansu,3200.0,76.36,0.0,76.36,0.0,0.0,6.0,3.96,13.38,13.1
2026-08-26T18:00:00Z,hybrid-gansu,3200.0,8.34,0.0,8.34,0.0,0.0,4.46,2.94,12.5,9.3
2026-08-26T19:00:00Z,hybrid-gansu,3200.0,755.71,0.0,755.71,0.0,0.0,9.53,6.3,12.2,38.5
2026-08-26T20:00:00Z,hybrid-gansu,3200.0,94.97,0.0,94.97,0.0,0.0,6.28,4.15,10.1,38.4
2026-08-26T21:00:00Z,hybrid-gansu,3200.0,1952.12,0.0,1952.12,0.0,0.0,12.87,8.51,11.57,31.6
2026-08-26T22:00:00Z,hybrid-gansu,3200.0,192.11,0.0,192.11,0.0,0.0,7.11,4.7,11.19,0.0
2026-08-26T23:00:00Z,hybrid-gansu,3200.0,312.02,0.0,312.02,0.0,0.0,7.81,5.16,12.68,16.4
2026-08-27T00:00:00Z,hybrid-gansu,3200.0,176.1,119.22,56.88,100.36,57.03,5.72,3.78,14.67,0.0
2026-08-27T01:00:00Z,hybrid-gansu,3200.0,502.6,256.22,246.38,215.71,139.83,7.43,4.91,16.73,48.6
2026-08-27T02:00:00Z,hybrid-gansu,3200.0,2261.85,639.66,1622.19,555.98,445.1,11.22,7.41,16.97,2.6
2026-08-27T03:00:00Z,hybrid-gansu,3200.0,840.31,837.48,2.84,754.25,641.6,4.01,2.65,20.27,0.0
2026-08-27T04:00:00Z,hybrid-gansu,3200.0,1088.37,885.98,202.39,815.41,705.03,7.17,4.74,25.4,11.4
2026-08-27T05:00:00Z,hybrid-gansu,3200.0,941.35,941.33,0.03,877.61,769.99,3.21,2.12,26.36,13.3
2026-08-27T06:00:00Z,hybrid-gansu,3200.0,2282.84,815.44,1467.4,745.34,629.16,11.15,7.37,28.68,33.0
2026-08-27T07:00:00Z,hybrid-gansu,3200.0,2800.68,961.82,1838.87,958.52,855.39,11.75,7.76,29.47,0.0
2026-08-27T08:00:00Z,hybrid-gansu,3200.0,1028.71,703.15,325.57,640.6,524.67,7.91,5.22,29.07,32.9
2026-08-27T09:00:00Z,hybrid-gansu,3200.0,801.38,734.64,66.74,683.56,570.37,5.83,3.85,30.54,3.5
2026-08-27T10:00:00Z,hybrid-gansu,3200.0,407.84,407.84,0.0,372.73,273.78,2.57,1.7,29.11,33.8
2026-08-27T11:00:00Z,hybrid-gansu,3200.0,221.43,221.27,0.16,192.68,123.62,3.39,2.24,27.96,38.2
2026-08-27T12:00:00Z,hybrid-gansu,3200.0,33.65,19.8,13.85,16.59,6.48,4.71,3.11,25.13,44.2
2026-08-27T13:00:00Z,hybrid-gansu,3200.0,0.0,0.0,0.0,0.0,0.0,1.67,1.11,23.8,23.3
2026-08-27T14:00:00Z,hybrid-gansu,3200.0,0.0,0.0,0.0,0.0,0.0,2.15,1.42,19.78,0.0
2026-08-27T15:00:00Z,hybrid-gansu,3200.0,389.89,0.0,389.89,0.0,0.0,8.26,5.46,20.47,25.2
2026-08-27T16:00:00Z,hybrid-gansu,3200.0,902.48,0.0,902.48,0.0,0.0,9.95,6.57,16.16,44.4
2026-08-27T17:00:00Z,hybrid-gansu,3200.0,72.63,0.0,72.63,0.0,0.0,6.0,3.96,16.34,34.6
2026-08-27T18:00:00Z,hybrid-gansu,3200.0,158.37,0.0,158.37,0.0,0.0,6.9,4.56,11.66,47.2
2026-08-27T19:00:00Z,hybrid-gansu,3200.0,144.82,0.0,144.82,0.0,0.0,6.73,4.44,11.86,54.8
2026-08-27T20:00:00Z,hybrid-gansu,3200.0,51.02,0.0,51.02,0.0,0.0,5.66,3.74,12.57,29.4
2026-08-27T21:00:00Z,hybrid-gansu,3200.0,249.11,0.0,249.11,0.0,0.0,7.52,4.97,9.86,22.9
2026-08-27T22:00:00Z,hybrid-gansu,3200.0,5.01,0.0,5.01,0.0,0.0,4.24,2.8,9.62,21.4
2026-08-27T23:00:00Z,hybrid-gansu,3200.0,770.5,0.0,770.5,0.0,0.0,9.58,6.33,11.0,21.4
2026-08-28T00:00:00Z,hybrid-gansu,3200.0,207.28,106.04,101.24,90.17,50.19,6.29,4.15,13.44,13.2
2026-08-28T01:00:00Z,hybrid-gansu,3200.0,569.1,395.68,173.43,336.73,243.86,6.97,4.6,17.31,3.0
2026-08-28T02:00:00Z,hybrid-gansu,3200.0,537.83,537.83,0.0,449.49,343.97,1.87,1.24,17.87,27.0
2026-08-28T03:00:00Z,hybrid-gansu,3200.0,603.03,602.77,0.26,543.5,429.73,3.45,2.28,20.72,36.3
2026-08-28T04:00:00Z,hybrid-gansu,3200.0,714.41,714.41,0.0,648.67,531.62,2.36,1.56,22.54,35.7
2026-08-28T05:00:00Z,hybrid-gansu,3200.0,715.49,703.96,11.52,645.77,524.53,4.61,3.05,26.98,44.1
2026-08-28T06:00:00Z,hybrid-gansu,3200.0,1680.96,1020.77,660.19,999.29,899.23,9.34,6.17,28.11,0.0
2026-08-28T07:00:00Z,hybrid-gansu,3200.0,1250.64,733.83,516.81,688.81,570.94,8.79,5.81,30.58,36.6
2026-08-28T08:00:00Z,hybrid-gansu,3200.0,1319.88,492.98,826.9,452.48,330.63,9.67,6.39,29.22,61.4
2026-08-28T09:00:00Z,hybrid-gansu,3200.0,1482.17,534.97,947.2,479.71,368.32,9.96,6.58,28.28,41.2
2026-08-28T10:00:00Z,hybrid-gansu,3200.0,619.57,492.26,127.31,442.2,338.2,6.61,4.36,30.13,15.9
2026-08-28T11:00:00Z,hybrid-gansu,3200.0,323.04,230.88,92.16,201.8,131.1,6.2,4.1,28.74,33.9
2026-08-28T12:00:00Z,hybrid-gansu,3200.0,108.94,21.87,87.06,18.66,7.53,6.12,4.05,26.07,33.5
2026-08-28T13:00:00Z,hybrid-gansu,3200.0,1431.35,0.0,1431.35,0.0,0.0,10.96,7.24,23.97,17.6
2026-08-28T14:00:00Z,hybrid-gansu,3200.0,0.0,0.0,0.0,0.0,0.0,0.76,0.5,22.18,70.6
2026-08-28T15:00:00Z,hybrid-gansu,3200.0,1915.95,0.0,1915.95,0.0,0.0,12.11,8.0,18.36,28.6
2026-08-28T16:00:00Z,hybrid-gansu,3200.0,8.13,0.0,8.13,0.0,0.0,4.41,2.91,15.49,30.5
2026-08-28T17:00:00Z,hybrid-gansu,3200.0,181.07,0.0,181.07,0.0,0.0,7.04,4.65,12.11,23.1
2026-08-28T18:00:00Z,hybrid-gansu,3200.0,0.0,0.0,0.0,0.0,0.0,2.14,1.42,10.88,26.5
2026-08-28T19:00:00Z,hybrid-gansu,3200.0,617.35,0.0,617.35,0.0,0.0,9.09,6.01,14.37,56.8
2026-08-28T20:00:00Z,hybrid-gansu,3200.0,886.0,0.0,886.0,0.0,0.0,9.79,6.47,9.71,7.5
2026-08-28T21:00:00Z,hybrid-gansu,3200.0,64.32,0.0,64.32,0.0,0.0,5.86,3.87,11.4,23.2
2026-08-28T22:00:00Z,hybrid-gansu,3200.0,91.12,0.0,91.12,0.0,0.0,6.24,4.13,9.0,51.5
2026-08-28T23:00:00Z,hybrid-gansu,3200.0,33.25,0.0,33.25,0.0,0.0,5.32,3.51,13.35,0.8
2026-08-29T00:00:00Z,hybrid-gansu,3200.0,674.3,118.14,556.16,95.99,54.1,8.79,5.81,15.44,5.7
2026-08-29T01:00:00Z,hybrid-gansu,3200.0,1245.44,248.92,996.52,215.65,139.79,10.1,6.67,16.2,48.7
2026-08-29T02:00:00Z,hybrid-gansu,3200.0,473.9,450.33,23.57,394.85,292.08,5.03,3.33,19.47,39.5
2026-08-29T03:00:00Z,hybrid-gansu,3200.0,1840.41,545.11,1295.29,475.34,361.2,10.83,7.16,21.33,48.1
2026-08-29T04:00:00Z,hybrid-gansu,3200.0,822.67,822.67,0.0,765.28,652.89,0.76,0.5,23.86,18.7
2026-08-29T05:00:00Z,hybrid-gansu,3200.0,2883.63,906.03,1977.6,835.0,724.88,17.07,11.28,25.19,18.9
2026-08-29T06:00:00Z,hybrid-gansu,3200.0,1656.77,997.35,659.41,931.19,826.81,9.21,6.09,29.27,8.9
2026-08-29T07:00:00Z,hybrid-gansu,3200.0,668.55,575.44,93.1,514.46,387.06,6.27,4.14,28.73,60.2
2026-08-29T08:00:00Z,hybrid-gansu,3200.0,747.57,494.44,253.13,446.6,324.57,7.49,4.95,32.3,62.3
2026-08-29T09:00:00Z,hybrid-gansu,3200.0,693.46,693.46,0.0,638.44,525.65,1.89,1.25,28.69,11.9
2026-08-29T10:00:00Z,hybrid-gansu,3200.0,1426.76,371.77,1055.0,327.22,231.58,10.27,6.78,28.65,45.5
2026-08-29T11:00:00Z,hybrid-gansu,3200.0,170.16,167.42,2.74,146.75,85.94,3.98,2.63,28.09,60.1
2026-08-29T12:00:00Z,hybrid-gansu,3200.0,110.76,26.45,84.31,22.52,9.5,6.16,4.07,28.72,13.5
2026-08-29T13:00:00Z,hybrid-gansu,3200.0,0.0,0.0,0.0,0.0,0.0,2.39,1.58,23.41,34.5
2026-08-29T14:00:00Z,hybrid-gansu,3200.0,0.32,0.0,0.32,0.0,0.0,3.48,2.3,22.21,23.0
2026-08-29T15:00:00Z,hybrid-gansu,3200.0,202.14,0.0,202.14,0.0,0.0,7.16,4.73,18.85,7.6
2026-08-29T16:00:00Z,hybrid-gansu,3200.0,10.06,0.0,10.06,0.0,0.0,4.55,3.01,16.44,34.9
2026-08-29T17:00:00Z,hybrid-gansu,3200.0,333.87,0.0,333.87,0.0,0.0,7.97,5.27,12.42,38.2
2026-08-29T18:00:00Z,hybrid-gansu,3200.0,447.62,0.0,447.62,0.0,0.0,8.46,5.59,11.71,51.5
2026-08-29T19:00:00Z,hybrid-gansu,3200.0,0.0,0.0,0.0,0.0,0.0,2.23,1.47,11.55,25.1
2026-08-29T20:00:00Z,hybrid-gansu,3200.0,178.89,0.0,178.89,0.0,0.0,7.01,4.63,8.62,39.3
2026-08-29T21:00:00Z,hybrid-gansu,3200.0,1948.39,0.0,1948.39,0.0,0.0,15.1,9.98,8.75,7.5
2026-08-29T22:00:00Z,hybrid-gansu,3200.0,5.06,0.0,5.06,0.0,0.0,4.21,2.78,9.62,7.9
2026-08-29T23:00:00Z,hybrid-gansu,3200.0,57.34,0.0,57.34,0.0,0.0,5.75,3.8,12.41,22.5
2026-08-30T00:00:00Z,hybrid-gansu,3200.0,118.14,118.14,0.0,100.36,57.03,2.66,1.76,11.6,0.0
2026-08-30T01:00:00Z,hybrid-gansu,3200.0,338.38,338.05,0.32,284.36,198.84,3.49,2.31,15.25,22.7
2026-08-30T02:00:00Z,hybrid-gansu,3200.0,531.56,531.45,0.11,441.85,336.71,3.33,2.2,18.06,28.7
2026-08-30T03:00:00Z,hybrid-gansu,3200.0,624.92,622.68,2.23,571.14,457.51,3.94,2.6,17.51,31.6
2026-08-30T04:00:00Z,hybrid-gansu,3200.0,2615.29,875.7,1739.59,769.9,657.7,11.54,7.63,23.33,18.0
2026-08-30T05:00:00Z,hybrid-gansu,3200.0,1262.14,954.26,307.88,924.49,819.63,7.85,5.19,24.41,7.0
2026-08-30T06:00:00Z,hybrid-gansu,3200.0,2786.22,845.76,1940.46,783.3,669.53,16.86,11.14,28.16,28.1
2026-08-30T07:00:00Z,hybrid-gansu,3200.0,624.27,624.27,0.0,552.91,427.61,1.81,1.2,26.54,55.0
2026-08-30T08:00:00Z,hybrid-gansu,3200.0,1278.76,900.0,378.76,857.53,748.41,8.21,5.42,28.99,0.0
2026-08-30T09:00:00Z,hybrid-gansu,3200.0,897.79,631.85,265.93,580.1,467.82,7.54,4.98,28.23,22.7
2026-08-30T10:00:00Z,hybrid-gansu,3200.0,2419.05,419.05,2000.0,369.35,270.64,12.33,8.15,30.27,34.7
2026-08-30T11:00:00Z,hybrid-gansu,3200.0,632.34,182.01,450.33,154.03,91.91,8.4,5.55,27.11,56.6
2026-08-30T12:00:00Z,hybrid-gansu,3200.0,23.97,23.97,0.0,20.47,8.45,2.06,1.36,25.66,24.1
2026-08-30T13:00:00Z,hybrid-gansu,3200.0,2000.0,0.0,2000.0,0.0,0.0,12.59,8.32,23.77,43.4
2026-08-30T14:00:00Z,hybrid-gansu,3200.0,409.39,0.0,409.39,0.0,0.0,8.31,5.49,21.11,24.3
2026-08-30T15:00:00Z,hybrid-gansu,3200.0,2000.0,0.0,2000.0,0.0,0.0,12.14,8.02,17.1,68.5
2026-08-30T16:00:00Z,hybrid-gansu,3200.0,0.0,0.0,0.0,0.0,0.0,1.81,1.2,17.28,49.7
2026-08-30T17:00:00Z,hybrid-gansu,3200.0,276.24,0.0,276.24,0.0,0.0,7.71,5.09,14.5,30.2
2026-08-30T18:00:00Z,hybrid-gansu,3200.0,0.0,0.0,0.0,0.0,0.0,0.76,0.5,11.24,25.7
2026-08-30T19:00:00Z,hybrid-gansu,3200.0,404.03,0.0,404.03,0.0,0.0,8.29,5.48,11.0,24.7
2026-08-30T20:00:00Z,hybrid-gansu,3200.0,109.86,0.0,109.86,0.0,0.0,6.39,4.22,8.47,30.0
2026-08-30T21:00:00Z,hybrid-gansu,3200.0,0.0,0.0,0.0,0.0,0.0,2.56,1.69,10.2,0.0
2026-08-30T22:00:00Z,hybrid-gansu,3200.0,0.0,0.0,0.0,0.0,0.0,0.91,0.6,8.66,1.7
2026-08-30T23:00:00Z,hybrid-gansu,3200.0,6.8,0.0,6.8,0.0,0.0,4.35,2.87,12.01,40.2
2026-08-31T00:00:00Z,hybrid-gansu,3200.0,1117.84,87.37,1030.47,72.32,38.2,10.31,6.81,14.24,36.3
2026-08-31T01:00:00Z,hybrid-gansu,3200.0,398.72,316.39,82.32,266.57,183.55,6.06,4.0,16.18,29.5
2026-08-31T02:00:00Z,hybrid-gansu,3200.0,664.58,651.51,13.07,559.47,448.41,4.69,3.1,15.96,1.8
2026-08-31T03:00:00Z,hybrid-gansu,3200.0,1149.99,742.61,407.37,671.47,558.37,8.41,5.55,19.48,14.3
2026-08-31T04:00:00Z,hybrid-gansu,3200.0,751.56,751.56,0.0,702.75,587.86,1.2,0.79,24.88,27.8
2026-08-31T05:00:00Z,hybrid-gansu,3200.0,862.37,503.67,358.7,451.89,319.25,8.16,5.39,23.64,69.9
2026-08-31T06:00:00Z,hybrid-gansu,3200.0,2266.21,1041.98,1224.23,939.55,835.7,10.64,7.03,25.25,7.8
2026-08-31T07:00:00Z,hybrid-gansu,3200.0,762.54,762.54,0.0,690.46,572.67,0.76,0.5,28.27,36.4
2026-08-31T08:00:00Z,hybrid-gansu,3200.0,714.69,714.69,0.0,658.74,543.38,3.04,2.01,30.24,30.1
2026-08-31T09:00:00Z,hybrid-gansu,3200.0,690.21,651.86,38.36,602.01,489.54,5.4,3.57,31.87,18.6
2026-08-31T10:00:00Z,hybrid-gansu,3200.0,2374.49,374.49,2000.0,329.58,233.77,14.81,9.79,29.21,44.9
2026-08-31T11:00:00Z,hybrid-gansu,3200.0,1478.13,272.07,1206.06,244.93,166.49,10.63,7.02,25.7,13.3
2026-08-31T12:00:00Z,hybrid-gansu,3200.0,24.74,24.74,0.0,20.87,8.66,1.27,0.84,24.68,22.0
2026-08-31T13:00:00Z,hybrid-gansu,3200.0,0.0,0.0,0.0,0.0,0.0,1.67,1.11,23.5,36.7
2026-08-31T14:00:00Z,hybrid-gansu,3200.0,14.62,0.0,14.62,0.0,0.0,4.73,3.13,23.53,32.0
2026-08-31T15:00:00Z,hybrid-gansu,3200.0,549.1,0.0,549.1,0.0,0.0,8.82,5.83,17.55,19.7
2026-08-31T16:00:00Z,hybrid-gansu,3200.0,0.0,0.0,0.0,0.0,0.0,2.28,1.51,14.94,19.5
2026-08-31T17:00:00Z,hybrid-gansu,3200.0,60.49,0.0,60.49,0.0,0.0,5.81,3.84,15.72,15.2
2026-08-31T18:00:00Z,hybrid-gansu,3200.0,59.18,0.0,59.18,0.0,0.0,5.82,3.84,12.3,47.1
2026-08-31T19:00:00Z,hybrid-gansu,3200.0,194.88,0.0,194.88,0.0,0.0,7.17,4.73,12.41,14.3
2026-08-31T20:00:00Z,hybrid-gansu,3200.0,0.84,0.0,0.84,0.0,0.0,3.68,2.43,8.44,34.8
2026-08-31T21:00:00Z,hybrid-gansu,3200.0,1250.01,0.0,1250.01,0.0,0.0,10.75,7.1,8.14,27.6
2026-08-31T22:00:00Z,hybrid-gansu,3200.0,0.0,0.0,0.0,0.0,0.0,2.35,1.55,11.92,37.5
2026-08-31T23:00:00Z,hybrid-gansu,3200.0,485.95,0.0,485.95,0.0,0.0,8.6,5.68,12.03,18.9
2026-09-01T00:00:00Z,hybrid-gansu,3200.0,79.13,78.76,0.37,65.12,33.37,3.51,2.32,16.39,45.6
2026-09-01T01:00:00Z,hybrid-gansu,3200.0,2376.31,376.31,2000.0,316.92,226.83,16.73,11.05,15.16,10.5
2026-09-01T02:00:00Z,hybrid-gansu,3200.0,541.34,541.1,0.24,475.11,368.29,3.45,2.28,17.74,21.1
2026-09-01T03:00:00Z,hybrid-gansu,3200.0,855.06,854.11,0.94,754.25,641.6,3.7,2.45,19.78,0.0
2026-09-01T04:00:00Z,hybrid-gansu,3200.0,2601.03,671.28,1929.75,604.49,485.67,14.39,9.51,23.13,42.1
2026-09-01T05:00:00Z,hybrid-gansu,3200.0,832.21,829.5,2.7,751.38,636.35,4.02,2.66,25.13,30.0
2026-09-01T06:00:00Z,hybrid-gansu,3200.0,775.07,592.03,183.03,532.7,403.02,7.03,4.64,30.96,60.7
2026-09-01T07:00:00Z,hybrid-gansu,3200.0,975.73,845.8,129.92,798.54,686.67,6.59,4.35,30.61,21.7
2026-09-01T08:00:00Z,hybrid-gansu,3200.0,937.94,906.0,31.94,857.53,748.41,5.26,3.47,29.94,0.0
2026-09-01T09:00:00Z,hybrid-gansu,3200.0,712.78,704.96,7.82,642.42,529.59,4.44,2.93,28.63,11.1
2026-09-01T10:00:00Z,hybrid-gansu,3200.0,1241.8,471.95,769.85,433.48,330.11,9.52,6.29,32.64,18.1
2026-09-01T11:00:00Z,hybrid-gansu,3200.0,222.29,219.41,2.88,191.65,122.78,4.02,2.66,26.64,38.7
2026-09-01T12:00:00Z,hybrid-gansu,3200.0,1185.02,29.17,1155.84,24.38,10.45,10.51,6.94,28.88,3.9
2026-09-01T13:00:00Z,hybrid-gansu,3200.0,14.32,0.0,14.32,0.0,0.0,4.72,3.12,21.83,31.6
2026-09-01T14:00:00Z,hybrid-gansu,3200.0,237.06,0.0,237.06,0.0,0.0,7.36,4.86,22.71,47.6
2026-09-01T15:00:00Z,hybrid-gansu,3200.0,405.51,0.0,405.51,0.0,0.0,8.25,5.45,20.72,24.5
2026-09-01T16:00:00Z,hybrid-gansu,3200.0,0.0,0.0,0.0,0.0,0.0,1.28,0.84,16.26,42.3
2026-09-01T17:00:00Z,hybrid-gansu,3200.0,9.64,0.0,9.64,0.0,0.0,4.51,2.98,13.78,15.3
2026-09-01T18:00:00Z,hybrid-gansu,3200.0,391.57,0.0,391.57,0.0,0.0,8.17,5.4,9.81,24.3
2026-09-01T19:00:00Z,hybrid-gansu,3200.0,0.0,0.0,0.0,0.0,0.0,2.54,1.68,13.14,30.0
2026-09-01T20:00:00Z,hybrid-gansu,3200.0,0.0,0.0,0.0,0.0,0.0,2.21,1.46,10.38,29.8
2026-09-01T21:00:00Z,hybrid-gansu,3200.0,0.0,0.0,0.0,0.0,0.0,0.79,0.52,11.24,15.3
2026-09-01T22:00:00Z,hybrid-gansu,3200.0,619.32,0.0,619.32,0.0,0.0,9.02,5.96,10.84,25.8
2026-09-01T23:00:00Z,hybrid-gansu,3200.0,749.46,0.0,749.46,0.0,0.0,9.53,6.3,12.08,37.4
2026-09-02T00:00:00Z,hybrid-gansu,3200.0,201.29,111.94,89.35,94.45,53.06,6.2,4.09,15.36,7.7
2026-09-02T01:00:00Z,hybrid-gansu,3200.0,1459.61,311.3,1148.31,252.68,171.61,10.52,6.95,15.7,34.7
2026-09-02T02:00:00Z,hybrid-gansu,3200.0,2277.37,509.05,1768.33,429.41,324.9,11.64,7.69,17.23,31.6
2026-09-02T03:00:00Z,hybrid-gansu,3200.0,616.97,521.88,95.09,461.63,347.42,6.31,4.17,19.79,50.4
2026-09-02T04:00:00Z,hybrid-gansu,3200.0,2610.21,610.21,2000.0,547.94,426.86,14.89,9.84,22.78,50.3
2026-09-02T05:00:00Z,hybrid-gansu,3200.0,708.33,708.33,0.0,655.16,534.47,1.5,0.99,24.81,42.8
2026-09-02T06:00:00Z,hybrid-gansu,3200.0,2979.08,979.08,2000.0,887.28,780.12,16.76,11.07,25.25,14.6
2026-09-02T07:00:00Z,hybrid-gansu,3200.0,1016.61,846.88,169.72,797.15,685.2,6.95,4.59,28.39,21.9
2026-09-02T08:00:00Z,hybrid-gansu,3200.0,1352.42,726.06,626.36,689.49,575.09,9.09,6.01,31.82,25.5
2026-09-02T09:00:00Z,hybrid-gansu,3200.0,1034.09,662.47,371.62,605.53,493.03,8.17,5.4,29.21,18.0
2026-09-02T10:00:00Z,hybrid-gansu,3200.0,356.2,351.94,4.26,306.26,212.14,4.15,2.74,28.94,50.9
2026-09-02T11:00:00Z,hybrid-gansu,3200.0,1000.63,294.86,705.78,247.77,168.82,9.41,6.22,25.12,12.0
2026-09-02T12:00:00Z,hybrid-gansu,3200.0,233.81,28.49,205.32,25.13,10.83,7.24,4.78,28.87,0.0
2026-09-02T13:00:00Z,hybrid-gansu,3200.0,264.8,0.0,264.8,0.0,0.0,7.53,4.97,23.64,1.9
2026-09-02T14:00:00Z,hybrid-gansu,3200.0,17.01,0.0,17.01,0.0,0.0,4.84,3.2,20.44,9.9
2026-09-02T15:00:00Z,hybrid-gansu,3200.0,45.94,0.0,45.94,0.0,0.0,5.54,3.66,22.37,39.4
2026-09-02T16:00:00Z,hybrid-gansu,3200.0,515.1,0.0,515.1,0.0,0.0,8.73,5.77,17.76,0.0
2026-09-02T17:00:00Z,hybrid-gansu,3200.0,0.0,0.0,0.0,0.0,0.0,2.63,1.74,14.55,8.2
2026-09-02T18:00:00Z,hybrid-gansu,3200.0,53.68,0.0,53.68,0.0,0.0,5.66,3.74,11.17,15.8
2026-09-02T19:00:00Z,hybrid-gansu,3200.0,0.0,0.0,0.0,0.0,0.0,1.65,1.09,9.66,17.5
2026-09-02T20:00:00Z,hybrid-gansu,3200.0,1339.03,0.0,1339.03,0.0,0.0,10.83,7.16,9.32,64.2
2026-09-02T21:00:00Z,hybrid-gansu,3200.0,737.05,0.0,737.05,0.0,0.0,9.44,6.23,11.46,29.7
2026-09-02T22:00:00Z,hybrid-gansu,3200.0,0.0,0.0,0.0,0.0,0.0,2.84,1.87,10.87,41.2
2026-09-02T23:00:00Z,hybrid-gansu,3200.0,25.51,0.0,25.51,0.0,0.0,5.13,3.39,11.2,45.0
2026-09-03T00:00:00Z,hybrid-gansu,3200.0,107.32,107.32,0.0,89.99,50.07,2.41,1.59,12.29,13.4
2026-09-03T01:00:00Z,hybrid-gansu,3200.0,314.73,246.0,68.73,203.09,128.99,5.92,3.91,14.62,53.4
2026-09-03T02:00:00Z,hybrid-gansu,3200.0,1234.19,421.59,812.6,366.43,265.09,9.59,6.34,19.09,46.0
2026-09-03T03:00:00Z,hybrid-gansu,3200.0,503.17,493.39,9.78,441.87,327.55,4.54,3.0,24.58,53.8
2026-09-03T04:00:00Z,hybrid-gansu,3200.0,865.03,865.03,0.0,777.36,665.46,1.69,1.12,22.9,16.9
2026-09-03T05:00:00Z,hybrid-gansu,3200.0,1176.6,777.64,398.96,741.09,625.45,8.26,5.46,25.06,31.4
2026-09-03T06:00:00Z,hybrid-gansu,3200.0,782.97,742.25,40.72,692.2,572.65,5.47,3.62,24.95,40.0
2026-09-03T07:00:00Z,hybrid-gansu,3200.0,710.81,710.81,0.0,692.14,574.45,1.43,0.95,31.02,36.1
2026-09-03T08:00:00Z,hybrid-gansu,3200.0,784.81,784.81,0.0,721.18,607.78,2.37,1.56,29.9,20.7
2026-09-03T09:00:00Z,hybrid-gansu,3200.0,1725.29,643.88,1081.41,608.39,495.86,10.36,6.84,30.0,17.4
2026-09-03T10:00:00Z,hybrid-gansu,3200.0,479.17,479.17,0.0,447.42,343.04,2.18,1.44,30.57,14.5
2026-09-03T11:00:00Z,hybrid-gansu,3200.0,2135.61,226.7,1908.92,202.15,131.39,12.52,8.27,30.0,33.7
2026-09-03T12:00:00Z,hybrid-gansu,3200.0,278.11,20.17,257.94,17.7,7.04,7.51,4.96,26.72,38.4
2026-09-03T13:00:00Z,hybrid-gansu,3200.0,155.47,0.0,155.47,0.0,0.0,6.87,4.54,27.16,33.9
2026-09-03T14:00:00Z,hybrid-gansu,3200.0,166.04,0.0,166.04,0.0,0.0,6.95,4.59,22.74,30.7
2026-09-03T15:00:00Z,hybrid-gansu,3200.0,3.81,0.0,3.81,0.0,0.0,4.11,2.71,18.87,28.9
2026-09-03T16:00:00Z,hybrid-gansu,3200.0,302.89,0.0,302.89,0.0,0.0,7.82,5.17,12.84,36.9
2026-09-03T17:00:00Z,hybrid-gansu,3200.0,360.7,0.0,360.7,0.0,0.0,8.14,5.38,13.34,45.5
2026-09-03T18:00:00Z,hybrid-gansu,3200.0,2000.0,0.0,2000.0,0.0,0.0,11.98,7.91,12.18,27.4
2026-09-03T19:00:00Z,hybrid-gansu,3200.0,0.0,0.0,0.0,0.0,0.0,1.93,1.28,8.29,14.6
2026-09-03T20:00:00Z,hybrid-gansu,3200.0,102.38,0.0,102.38,0.0,0.0,6.36,4.2,10.52,17.4
2026-09-03T21:00:00Z,hybrid-gansu,3200.0,185.78,0.0,185.78,0.0,0.0,7.12,4.7,10.19,46.0
2026-09-03T22:00:00Z,hybrid-gansu,3200.0,36.74,0.0,36.74,0.0,0.0,5.38,3.55,11.17,26.0
2026-09-03T23:00:00Z,hybrid-gansu,3200.0,0.0,0.0,0.0,0.0,0.0,1.45,0.96,12.12,24.7
2026-09-04T00:00:00Z,hybrid-gansu,3200.0,2076.61,95.55,1981.06,80.6,43.76,13.06,8.63,14.85,25.6
2026-09-04T01:00:00Z,hybrid-gansu,3200.0,345.82,345.6,0.21,299.0,211.43,3.42,2.26,17.27,17.2
2026-09-04T02:00:00Z,hybrid-gansu,3200.0,573.63,573.33,0.3,495.61,387.76,3.48,2.3,21.04,16.4
2026-09-04T03:00:00Z,hybrid-gansu,3200.0,2757.1,757.1,2000.0,687.04,574.02,11.96,7.91,20.88,11.6
2026-09-04T04:00:00Z,hybrid-gansu,3200.0,869.52,869.52,0.0,784.65,673.04,1.25,0.82,24.26,15.9
2026-09-04T05:00:00Z,hybrid-gansu,3200.0,841.17,841.17,0.0,776.48,662.92,2.43,1.61,25.28,26.7
2026-09-04T06:00:00Z,hybrid-gansu,3200.0,998.69,998.69,0.0,999.29,899.23,3.1,2.05,31.11,0.0
2026-09-04T07:00:00Z,hybrid-gansu,3200.0,802.29,802.29,0.0,771.35,657.99,3.11,2.05,26.77,25.4
2026-09-04T08:00:00Z,hybrid-gansu,3200.0,746.75,746.75,0.0,680.02,565.32,2.2,1.45,27.76,26.9
2026-09-04T09:00:00Z,hybrid-gansu,3200.0,784.48,639.69,144.8,591.79,479.41,6.7,4.42,28.05,20.5
2026-09-04T10:00:00Z,hybrid-gansu,3200.0,537.21,531.64,5.57,466.42,360.66,4.26,2.81,26.25,9.6
2026-09-04T11:00:00Z,hybrid-gansu,3200.0,247.78,235.23,12.55,203.97,132.88,4.66,3.08,29.18,32.9
2026-09-04T12:00:00Z,hybrid-gansu,3200.0,13.72,13.72,0.0,11.88,4.08,1.8,1.19,29.74,68.5
2026-09-04T13:00:00Z,hybrid-gansu,3200.0,996.73,0.0,996.73,0.0,0.0,10.05,6.64,21.81,14.8
2026-09-04T14:00:00Z,hybrid-gansu,3200.0,0.0,0.0,0.0,0.0,0.0,2.65,1.75,22.93,15.0
2026-09-04T15:00:00Z,hybrid-gansu,3200.0,1.18,0.0,1.18,0.0,0.0,3.76,2.48,18.34,30.6
2026-09-04T16:00:00Z,hybrid-gansu,3200.0,0.0,0.0,0.0,0.0,0.0,2.27,1.5,19.34,7.6
2026-09-04T17:00:00Z,hybrid-gansu,3200.0,66.17,0.0,66.17,0.0,0.0,5.87,3.88,13.88,11.5
2026-09-04T18:00:00Z,hybrid-gansu,3200.0,0.0,0.0,0.0,0.0,0.0,2.81,1.86,12.81,56.0
2026-09-04T19:00:00Z,hybrid-gansu,3200.0,363.62,0.0,363.62,0.0,0.0,8.09,5.34,7.16,37.8
2026-09-04T20:00:00Z,hybrid-gansu,3200.0,1896.38,0.0,1896.38,0.0,0.0,13.01,8.59,11.76,25.9
2026-09-04T21:00:00Z,hybrid-gansu,3200.0,5.06,0.0,5.06,0.0,0.0,4.23,2.79,9.18,25.5
2026-09-04T22:00:00Z,hybrid-gansu,3200.0,13.24,0.0,13.24,0.0,0.0,4.68,3.09,11.18,38.4
2026-09-04T23:00:00Z,hybrid-gansu,3200.0,843.83,0.0,843.83,0.0,0.0,9.82,6.49,11.24,25.1
2026-09-05T00:00:00Z,hybrid-gansu,3200.0,287.47,118.59,168.88,100.36,57.03,6.91,4.56,12.24,0.0
2026-09-05T01:00:00Z,hybrid-gansu,3200.0,401.51,401.51,0.0,344.64,250.66,2.86,1.89,17.79,0.0
2026-09-05T02:00:00Z,hybrid-gansu,3200.0,722.51,625.44,97.07,549.45,438.9,6.32,4.17,18.16,4.1
2026-09-05T03:00:00Z,hybrid-gansu,3200.0,977.89,842.0,135.89,754.25,641.6,6.62,4.38,18.58,0.0
2026-09-05T04:00:00Z,hybrid-gansu,3200.0,1378.54,881.13,497.41,808.44,697.78,8.65,5.72,24.17,12.4
2026-09-05T05:00:00Z,hybrid-gansu,3200.0,1262.15,689.98,572.17,616.7,493.76,9.0,5.94,24.44,48.0
2026-09-05T06:00:00Z,hybrid-gansu,3200.0,876.77,858.93,17.85,802.27,689.7,4.85,3.21,27.23,25.6
2026-09-05T07:00:00Z,hybrid-gansu,3200.0,2746.48,746.48,2000.0,706.75,589.86,13.42,8.87,29.84,34.1
2026-09-05T08:00:00Z,hybrid-gansu,3200.0,888.75,888.75,0.0,844.63,735.1,2.04,1.35,29.52,2.0
2026-09-05T09:00:00Z,hybrid-gansu,3200.0,547.71,547.66,0.05,489.06,377.59,3.27,2.16,29.52,39.5
2026-09-05T10:00:00Z,hybrid-gansu,3200.0,538.65,538.21,0.44,500.22,392.0,3.54,2.34,29.11,0.9
2026-09-05T11:00:00Z,hybrid-gansu,3200.0,2012.24,257.05,1755.19,227.25,151.98,11.79,7.79,27.9,21.8
2026-09-05T12:00:00Z,hybrid-gansu,3200.0,28.85,28.66,0.2,25.13,10.83,3.41,2.26,26.87,0.0
2026-09-05T13:00:00Z,hybrid-gansu,3200.0,0.0,0.0,0.0,0.0,0.0,2.63,1.74,24.84,19.8
2026-09-05T14:00:00Z,hybrid-gansu,3200.0,1918.43,0.0,1918.43,0.0,0.0,12.51,8.27,20.86,19.6
2026-09-05T15:00:00Z,hybrid-gansu,3200.0,220.43,0.0,220.43,0.0,0.0,7.31,4.83,17.43,32.7
2026-09-05T16:00:00Z,hybrid-gansu,3200.0,182.92,0.0,182.92,0.0,0.0,7.01,4.63,15.01,29.1
2026-09-05T17:00:00Z,hybrid-gansu,3200.0,251.33,0.0,251.33,0.0,0.0,7.54,4.98,13.95,46.0
2026-09-05T18:00:00Z,hybrid-gansu,3200.0,34.81,0.0,34.81,0.0,0.0,5.32,3.52,11.23,12.0
2026-09-05T19:00:00Z,hybrid-gansu,3200.0,1790.91,0.0,1790.91,0.0,0.0,11.72,7.74,11.04,31.9
2026-09-05T20:00:00Z,hybrid-gansu,3200.0,1.3,0.0,1.3,0.0,0.0,3.78,2.5,12.27,15.6
2026-09-05T21:00:00Z,hybrid-gansu,3200.0,2000.0,0.0,2000.0,0.0,0.0,12.03,7.95,11.43,30.3
2026-09-05T22:00:00Z,hybrid-gansu,3200.0,0.01,0.0,0.01,0.0,0.0,3.17,2.1,10.95,6.2
2026-09-05T23:00:00Z,hybrid-gansu,3200.0,161.17,0.0,161.17,0.0,0.0,6.89,4.55,11.27,24.3
2026-09-06T00:00:00Z,hybrid-gansu,3200.0,1363.6,91.59,1272.01,76.15,40.77,10.77,7.12,14.38,31.4
2026-09-06T01:00:00Z,hybrid-gansu,3200.0,397.96,303.0,94.95,247.43,167.1,6.3,4.16,13.66,36.7
2026-09-06T02:00:00Z,hybrid-gansu,3200.0,1736.71,478.79,1257.92,411.32,307.73,10.79,7.13,18.0,35.7
2026-09-06T03:00:00Z,hybrid-gansu,3200.0,841.79,841.79,0.0,754.25,641.6,2.45,1.62,20.7,0.0
2026-09-06T04:00:00Z,hybrid-gansu,3200.0,796.67,796.67,0.0,712.79,598.31,1.79,1.18,22.84,26.3
2026-09-06T05:00:00Z,hybrid-gansu,3200.0,859.9,847.62,12.27,784.11,671.0,4.65,3.07,24.65,25.7
2026-09-06T06:00:00Z,hybrid-gansu,3200.0,894.66,850.92,43.73,804.75,692.34,5.51,3.64,28.13,25.3
2026-09-06T07:00:00Z,hybrid-gansu,3200.0,925.46,924.61,0.85,904.37,798.28,3.68,2.43,31.52,7.3
2026-09-06T08:00:00Z,hybrid-gansu,3200.0,698.6,692.09,6.51,659.71,544.38,4.33,2.86,29.64,30.0
2026-09-06T09:00:00Z,hybrid-gansu,3200.0,588.74,511.52,77.23,460.29,349.07,6.07,4.01,28.54,44.8
2026-09-06T10:00:00Z,hybrid-gansu,3200.0,1254.28,491.73,762.54,441.82,337.84,9.53,6.3,30.43,16.0
2026-09-06T11:00:00Z,hybrid-gansu,3200.0,305.66,279.27,26.4,242.73,164.68,5.15,3.4,26.78,14.4
2026-09-06T12:00:00Z,hybrid-gansu,3200.0,1206.35,29.67,1176.67,25.13,10.83,10.6,7.0,26.76,0.0
2026-09-06T13:00:00Z,hybrid-gansu,3200.0,0.0,0.0,0.0,0.0,0.0,2.64,1.75,24.32,16.0
2026-09-06T14:00:00Z,hybrid-gansu,3200.0,29.99,0.0,29.99,0.0,0.0,5.22,3.45,22.71,27.3
2026-09-06T15:00:00Z,hybrid-gansu,3200.0,0.0,0.0,0.0,0.0,0.0,2.86,1.89,17.61,36.2
2026-09-06T16:00:00Z,hybrid-gansu,3200.0,0.0,0.0,0.0,0.0,0.0,2.76,1.82,16.33,21.4
2026-09-06T17:00:00Z,hybrid-gansu,3200.0,1062.46,0.0,1062.46,0.0,0.0,10.27,6.79,14.72,28.6
2026-09-06T18:00:00Z,hybrid-gansu,3200.0,547.23,0.0,547.23,0.0,0.0,8.92,5.89,13.04,45.0
2026-09-06T19:00:00Z,hybrid-gansu,3200.0,1270.79,0.0,1270.79,0.0,0.0,10.85,7.17,11.48,28.4
2026-09-06T20:00:00Z,hybrid-gansu,3200.0,864.92,0.0,864.92,0.0,0.0,9.87,6.52,12.06,13.0
2026-09-06T21:00:00Z,hybrid-gansu,3200.0,0.0,0.0,0.0,0.0,0.0,2.82,1.87,10.85,38.1
2026-09-06T22:00:00Z,hybrid-gansu,3200.0,9.91,0.0,9.91,0.0,0.0,4.53,2.99,11.39,27.9
2026-09-06T23:00:00Z,hybrid-gansu,3200.0,17.17,0.0,17.17,0.0,0.0,4.82,3.19,13.25,20.2
2026-09-07T00:00:00Z,hybrid-gansu,3200.0,93.44,90.98,2.45,77.02,41.35,3.95,2.61,13.16,30.2
2026-09-07T01:00:00Z,hybrid-gansu,3200.0,377.78,346.02,31.76,298.13,210.68,5.29,3.49,18.13,17.5
2026-09-07T02:00:00Z,hybrid-gansu,3200.0,655.91,655.87,0.03,567.27,455.82,3.23,2.13,20.78,0.0
2026-09-07T03:00:00Z,hybrid-gansu,3200.0,580.39,580.39,0.0,490.58,376.53,0.96,0.64,22.89,45.4
2026-09-07T04:00:00Z,hybrid-gansu,3200.0,585.89,583.07,2.81,511.18,388.63,4.03,2.66,25.77,55.7
2026-09-07T05:00:00Z,hybrid-gansu,3200.0,647.8,647.8,0.0,585.62,460.84,2.75,1.82,26.21,52.1
2026-09-07T06:00:00Z,hybrid-gansu,3200.0,1161.96,1023.94,138.01,999.29,899.23,6.63,4.38,25.05,0.0
2026-09-07T07:00:00Z,hybrid-gansu,3200.0,1821.08,894.37,926.72,876.53,768.92,10.01,6.61,30.01,11.1
2026-09-07T08:00:00Z,hybrid-gansu,3200.0,871.43,871.43,0.0,838.49,728.78,1.28,0.84,31.01,2.9
2026-09-07T09:00:00Z,hybrid-gansu,3200.0,803.9,537.56,266.35,477.65,366.28,7.59,5.01,28.83,41.6
2026-09-07T10:00:00Z,hybrid-gansu,3200.0,304.28,304.28,0.0,262.76,171.81,2.68,1.77,30.34,62.2
2026-09-07T11:00:00Z,hybrid-gansu,3200.0,274.42,260.64,13.78,221.11,146.95,4.73,3.13,25.92,24.7
2026-09-07T12:00:00Z,hybrid-gansu,3200.0,291.22,27.25,263.97,22.58,9.53,7.64,5.05,27.48,13.2
2026-09-07T13:00:00Z,hybrid-gansu,3200.0,0.0,0.0,0.0,0.0,0.0,1.15,0.76,21.06,31.2
2026-09-07T14:00:00Z,hybrid-gansu,3200.0,316.02,0.0,316.02,0.0,0.0,7.89,5.21,24.64,42.4
2026-09-07T15:00:00Z,hybrid-gansu,3200.0,1967.03,0.0,1967.03,0.0,0.0,12.96,8.56,21.58,35.6
2026-09-07T16:00:00Z,hybrid-gansu,3200.0,347.74,0.0,347.74,0.0,0.0,8.03,5.3,14.42,54.1
2026-09-07T17:00:00Z,hybrid-gansu,3200.0,12.1,0.0,12.1,0.0,0.0,4.61,3.05,14.67,13.3
2026-09-07T18:00:00Z,hybrid-gansu,3200.0,0.04,0.0,0.04,0.0,0.0,3.25,2.15,10.39,19.1
2026-09-07T19:00:00Z,hybrid-gansu,3200.0,549.13,0.0,549.13,0.0,0.0,8.81,5.82,12.47,54.1
2026-09-07T20:00:00Z,hybrid-gansu,3200.0,236.04,0.0,236.04,0.0,0.0,7.43,4.91,11.3,8.3
2026-09-07T21:00:00Z,hybrid-gansu,3200.0,1610.67,0.0,1610.67,0.0,0.0,11.34,7.49,9.16,19.1
2026-09-07T22:00:00Z,hybrid-gansu,3200.0,30.99,0.0,30.99,0.0,0.0,5.26,3.48,10.13,28.5
2026-09-07T23:00:00Z,hybrid-gansu,3200.0,287.49,0.0,287.49,0.0,0.0,7.72,5.1,14.06,47.6
2026-09-08T00:00:00Z,hybrid-gansu,3200.0,405.48,82.8,322.68,70.89,37.24,7.93,5.24,12.37,38.2
2026-09-08T01:00:00Z,hybrid-gansu,3200.0,402.32,402.32,0.0,330.44,238.45,1.52,1.01,13.73,5.4
2026-09-08T02:00:00Z,hybrid-gansu,3200.0,541.19,514.91,26.28,455.89,350.05,5.09,3.36,20.29,25.5
2026-09-08T03:00:00Z,hybrid-gansu,3200.0,2693.16,693.16,2000.0,604.95,491.5,14.5,9.58,20.77,25.7
2026-09-08T04:00:00Z,hybrid-gansu,3200.0,713.01,713.01,0.0,636.71,519.18,2.28,1.51,24.44,37.4
2026-09-08T05:00:00Z,hybrid-gansu,3200.0,845.46,845.46,0.0,751.67,636.66,0.76,0.5,24.27,30.0
2026-09-08T06:00:00Z,hybrid-gansu,3200.0,1414.16,809.25,604.91,773.81,659.43,9.09,6.01,27.28,29.3
2026-09-08T07:00:00Z,hybrid-gansu,3200.0,832.41,832.41,0.0,778.14,665.15,1.37,0.91,27.59,24.5
2026-09-08T08:00:00Z,hybrid-gansu,3200.0,638.18,638.18,0.0,568.21,450.0,2.37,1.56,29.05,43.9
2026-09-08T09:00:00Z,hybrid-gansu,3200.0,1344.24,694.44,649.8,654.31,541.38,9.18,6.06,32.93,8.9
2026-09-08T10:00:00Z,hybrid-gansu,3200.0,1114.1,542.22,571.88,503.62,395.16,9.0,5.95,27.77,0.0
2026-09-08T11:00:00Z,hybrid-gansu,3200.0,350.2,311.14,39.06,272.95,189.47,5.44,3.6,29.76,0.0
2026-09-08T12:00:00Z,hybrid-gansu,3200.0,2021.17,21.17,2000.0,17.53,6.96,12.41,8.2,25.07,39.3
2026-09-08T13:00:00Z,hybrid-gansu,3200.0,280.08,0.0,280.08,0.0,0.0,7.67,5.07,22.93,11.9
2026-09-08T14:00:00Z,hybrid-gansu,3200.0,1523.46,0.0,1523.46,0.0,0.0,11.5,7.6,20.22,14.1
2026-09-08T15:00:00Z,hybrid-gansu,3200.0,0.0,0.0,0.0,0.0,0.0,3.09,2.04,15.44,14.5
2026-09-08T16:00:00Z,hybrid-gansu,3200.0,364.57,0.0,364.57,0.0,0.0,8.03,5.3,15.55,18.0
2026-09-08T17:00:00Z,hybrid-gansu,3200.0,10.9,0.0,10.9,0.0,0.0,4.58,3.03,13.36,53.9
2026-09-08T18:00:00Z,hybrid-gansu,3200.0,2.74,0.0,2.74,0.0,0.0,4.0,2.64,11.11,24.1
2026-09-08T19:00:00Z,hybrid-gansu,3200.0,1972.98,0.0,1972.98,0.0,0.0,12.54,8.28,10.18,23.6
2026-09-08T20:00:00Z,hybrid-gansu,3200.0,6.39,0.0,6.39,0.0,0.0,4.33,2.86,10.07,39.4
2026-09-08T21:00:00Z,hybrid-gansu,3200.0,0.02,0.0,0.02,0.0,0.0,3.2,2.11,9.69,44.9
2026-09-08T22:00:00Z,hybrid-gansu,3200.0,45.52,0.0,45.52,0.0,0.0,5.55,3.66,14.99,3.6
2026-09-08T23:00:00Z,hybrid-gansu,3200.0,1825.28,0.0,1825.28,0.0,0.0,11.72,7.74,13.07,31.5
2026-09-09T00:00:00Z,hybrid-gansu,3200.0,1975.28,90.86,1884.41,74.86,39.91,11.85,7.83,14.17,33.0
2026-09-09T01:00:00Z,hybrid-gansu,3200.0,292.44,292.44,0.0,245.94,165.82,2.32,1.53,16.54,37.2
2026-09-09T02:00:00Z,hybrid-gansu,3200.0,658.03,623.78,34.26,535.2,425.36,5.32,3.51,16.07,7.3
2026-09-09T03:00:00Z,hybrid-gansu,3200.0,848.0,848.0,0.0,739.22,626.49,2.66,1.75,19.3,2.6
2026-09-09T04:00:00Z,hybrid-gansu,3200.0,1139.09,877.44,261.66,779.31,667.48,7.58,5.01,22.67,16.7
2026-09-09T05:00:00Z,hybrid-gansu,3200.0,939.9,879.68,60.22,813.23,701.82,5.8,3.83,26.39,21.8
2026-09-09T06:00:00Z,hybrid-gansu,3200.0,1020.18,1020.18,0.0,999.29,899.23,2.2,1.46,27.47,0.0
2026-09-09T07:00:00Z,hybrid-gansu,3200.0,1043.04,932.13,110.91,863.13,754.79,6.46,4.27,26.91,12.9
2026-09-09T08:00:00Z,hybrid-gansu,3200.0,1220.52,729.21,491.31,683.79,569.21,8.67,5.73,27.73,26.3
2026-09-09T09:00:00Z,hybrid-gansu,3200.0,624.03,622.25,1.78,563.82,451.69,3.87,2.56,30.94,25.7
2026-09-09T10:00:00Z,hybrid-gansu,3200.0,479.92,478.21,1.71,434.87,331.41,3.85,2.54,28.9,17.7
2026-09-09T11:00:00Z,hybrid-gansu,3200.0,2184.94,280.84,1904.11,246.1,167.44,13.51,8.93,28.55,12.8
2026-09-09T12:00:00Z,hybrid-gansu,3200.0,66.87,27.93,38.93,23.95,10.23,5.47,3.61,24.07,6.1
2026-09-09T13:00:00Z,hybrid-gansu,3200.0,16.02,0.0,16.02,0.0,0.0,4.81,3.18,27.04,51.5
2026-09-09T14:00:00Z,hybrid-gansu,3200.0,161.99,0.0,161.99,0.0,0.0,6.92,4.57,21.47,22.0
2026-09-09T15:00:00Z,hybrid-gansu,3200.0,173.23,0.0,173.23,0.0,0.0,7.0,4.63,19.39,30.5
2026-09-09T16:00:00Z,hybrid-gansu,3200.0,832.62,0.0,832.62,0.0,0.0,9.7,6.41,18.3,32.7
2026-09-09T17:00:00Z,hybrid-gansu,3200.0,181.14,0.0,181.14,0.0,0.0,7.08,4.67,17.24,13.2
2026-09-09T18:00:00Z,hybrid-gansu,3200.0,28.54,0.0,28.54,0.0,0.0,5.17,3.41,10.77,46.5
2026-09-09T19:00:00Z,hybrid-gansu,3200.0,0.0,0.0,0.0,0.0,0.0,3.05,2.02,11.54,35.7
2026-09-09T20:00:00Z,hybrid-gansu,3200.0,2000.0,0.0,2000.0,0.0,0.0,12.69,8.38,8.96,28.7
2026-09-09T21:00:00Z,hybrid-gansu,3200.0,833.84,0.0,833.84,0.0,0.0,9.7,6.41,10.26,3.4
2026-09-09T22:00:00Z,hybrid-gansu,3200.0,2.27,0.0,2.27,0.0,0.0,3.94,2.6,10.33,32.9
2026-09-09T23:00:00Z,hybrid-gansu,3200.0,642.05,0.0,642.05,0.0,0.0,9.15,6.05,12.54,19.8
2026-09-10T00:00:00Z,hybrid-gansu,3200.0,742.95,122.11,620.84,98.57,55.83,9.03,5.97,15.39,2.3
2026-09-10T01:00:00Z,hybrid-gansu,3200.0,344.57,344.57,0.0,280.05,195.14,1.58,1.04,16.28,24.4
2026-09-10T02:00:00Z,hybrid-gansu,3200.0,526.09,526.09,0.0,450.21,344.65,2.98,1.97,18.65,26.8
2026-09-10T03:00:00Z,hybrid-gansu,3200.0,808.03,781.06,26.97,700.41,587.47,5.12,3.39,19.12,9.3
2026-09-10T04:00:00Z,hybrid-gansu,3200.0,2253.67,761.01,1492.66,669.14,552.91,11.22,7.41,22.34,32.7
2026-09-10T05:00:00Z,hybrid-gansu,3200.0,1181.51,740.29,441.22,656.36,535.74,8.43,5.57,23.58,42.7
2026-09-10T06:00:00Z,hybrid-gansu,3200.0,980.89,980.86,0.03,917.97,812.75,3.22,2.13,27.43,10.6
2026-09-10T07:00:00Z,hybrid-gansu,3200.0,715.68,715.68,0.0,660.46,541.04,1.78,1.18,30.52,40.4
2026-09-10T08:00:00Z,hybrid-gansu,3200.0,826.06,768.11,57.94,708.2,594.39,5.74,3.79,29.44,22.6
2026-09-10T09:00:00Z,hybrid-gansu,3200.0,710.85,709.11,1.74,634.19,521.43,3.86,2.55,31.5,12.7
2026-09-10T10:00:00Z,hybrid-gansu,3200.0,472.8,472.8,0.0,425.89,323.07,2.51,1.66,29.68,20.1
2026-09-10T11:00:00Z,hybrid-gansu,3200.0,204.16,202.06,2.1,178.01,111.58,3.92,2.59,28.36,45.2
2026-09-10T12:00:00Z,hybrid-gansu,3200.0,42.09,21.06,21.02,17.13,6.75,5.0,3.3,25.88,41.4
2026-09-10T13:00:00Z,hybrid-gansu,3200.0,0.01,0.0,0.01,0.0,0.0,3.13,2.07,24.3,54.9
2026-09-10T14:00:00Z,hybrid-gansu,3200.0,0.0,0.0,0.0,0.0,0.0,3.02,2.0,21.78,26.7
2026-09-10T15:00:00Z,hybrid-gansu,3200.0,1915.54,0.0,1915.54,0.0,0.0,15.66,10.35,17.88,0.0
2026-09-10T16:00:00Z,hybrid-gansu,3200.0,0.23,0.0,0.23,0.0,0.0,3.44,2.28,14.54,21.8
2026-09-10T17:00:00Z,hybrid-gansu,3200.0,0.0,0.0,0.0,0.0,0.0,2.57,1.7,15.91,59.6
2026-09-10T18:00:00Z,hybrid-gansu,3200.0,50.93,0.0,50.93,0.0,0.0,5.64,3.73,11.78,28.2
2026-09-10T19:00:00Z,hybrid-gansu,3200.0,0.0,0.0,0.0,0.0,0.0,2.18,1.44,10.54,34.5
2026-09-10T20:00:00Z,hybrid-gansu,3200.0,0.49,0.0,0.49,0.0,0.0,3.57,2.36,9.94,19.5
2026-09-10T21:00:00Z,hybrid-gansu,3200.0,1272.63,0.0,1272.63,0.0,0.0,10.72,7.09,13.6,54.5
2026-09-10T22:00:00Z,hybrid-gansu,3200.0,759.42,0.0,759.42,0.0,0.0,9.57,6.32,15.05,25.2
2026-09-10T23:00:00Z,hybrid-gansu,3200.0,29.48,0.0,29.48,0.0,0.0,5.28,3.49,11.78,32.3
2026-09-11T00:00:00Z,hybrid-gansu,3200.0,88.09,88.09,0.0,73.65,39.1,2.33,1.54,14.51,34.6
2026-09-11T01:00:00Z,hybrid-gansu,3200.0,318.35,262.93,55.42,219.45,143.05,5.77,3.82,16.15,47.2
2026-09-11T02:00:00Z,hybrid-gansu,3200.0,907.43,643.15,264.28,549.38,438.82,7.57,5.0,16.01,4.1
2026-09-11T03:00:00Z,hybrid-gansu,3200.0,1110.54,785.54,325.0,705.75,592.84,7.86,5.19,19.32,8.4
2026-09-11T04:00:00Z,hybrid-gansu,3200.0,975.66,975.08,0.58,893.84,786.6,3.6,2.38,24.64,0.0
2026-09-11T05:00:00Z,hybrid-gansu,3200.0,613.26,589.56,23.71,534.38,406.59,5.08,3.35,24.64,58.9
2026-09-11T06:00:00Z,hybrid-gansu,3200.0,1377.65,887.45,490.2,825.28,714.17,8.68,5.73,25.35,22.6
2026-09-11T07:00:00Z,hybrid-gansu,3200.0,754.47,615.59,138.87,566.17,441.59,6.77,4.47,30.77,53.2
2026-09-11T08:00:00Z,hybrid-gansu,3200.0,1069.24,880.13,189.11,857.53,748.41,7.12,4.7,31.29,0.0
2026-09-11T09:00:00Z,hybrid-gansu,3200.0,758.67,743.04,15.63,693.51,580.24,4.79,3.17,28.97,1.7
2026-09-11T10:00:00Z,hybrid-gansu,3200.0,550.01,548.69,1.32,503.62,395.16,3.79,2.5,27.67,0.0
2026-09-11T11:00:00Z,hybrid-gansu,3200.0,208.23,197.66,10.58,166.19,101.89,4.6,3.04,27.96,50.8
2026-09-11T12:00:00Z,hybrid-gansu,3200.0,26.63,26.63,0.0,22.54,9.51,1.11,0.73,27.61,13.4
2026-09-11T13:00:00Z,hybrid-gansu,3200.0,12.55,0.0,12.55,0.0,0.0,4.66,3.08,24.39,11.8
2026-09-11T14:00:00Z,hybrid-gansu,3200.0,10.81,0.0,10.81,0.0,0.0,4.57,3.02,19.01,34.4
2026-09-11T15:00:00Z,hybrid-gansu,3200.0,0.0,0.0,0.0,0.0,0.0,2.33,1.54,20.19,23.6
2026-09-11T16:00:00Z,hybrid-gansu,3200.0,7.1,0.0,7.1,0.0,0.0,4.35,2.88,15.66,13.7
2026-09-11T17:00:00Z,hybrid-gansu,3200.0,130.82,0.0,130.82,0.0,0.0,6.67,4.4,14.56,26.4
2026-09-11T18:00:00Z,hybrid-gansu,3200.0,64.46,0.0,64.46,0.0,0.0,5.85,3.86,10.08,21.3
2026-09-11T19:00:00Z,hybrid-gansu,3200.0,577.67,0.0,577.67,0.0,0.0,8.94,5.91,10.87,55.9
2026-09-11T20:00:00Z,hybrid-gansu,3200.0,584.94,0.0,584.94,0.0,0.0,8.99,5.94,10.22,32.3
2026-09-11T21:00:00Z,hybrid-gansu,3200.0,39.02,0.0,39.02,0.0,0.0,5.42,3.58,9.55,25.6
2026-09-11T22:00:00Z,hybrid-gansu,3200.0,0.0,0.0,0.0,0.0,0.0,2.73,1.81,9.89,32.4
2026-09-11T23:00:00Z,hybrid-gansu,3200.0,29.04,0.0,29.04,0.0,0.0,5.21,3.44,11.6,46.2
2026-09-12T00:00:00Z,hybrid-gansu,3200.0,117.71,117.71,0.0,96.4,54.37,1.77,1.17,12.52,5.1
2026-09-12T01:00:00Z,hybrid-gansu,3200.0,725.15,410.09,315.06,344.64,250.66,7.83,5.17,14.44,0.0
2026-09-12T02:00:00Z,hybrid-gansu,3200.0,658.11,557.2,100.9,495.98,388.12,6.32,4.18,18.26,16.3
2026-09-12T03:00:00Z,hybrid-gansu,3200.0,902.25,567.33,334.92,507.09,393.12,7.94,5.25,21.69,42.6
2026-09-12T04:00:00Z,hybrid-gansu,3200.0,1862.94,845.97,1016.97,751.79,638.86,10.28,6.79,24.15,20.7
