timestamp,generation_mw,dc_power_mw,DAILY_YIELD,AMBIENT_TEMPERATURE,MODULE_TEMPERATURE,IRRADIATION,hour,hour_sin,hour_cos,doy,doy_sin,doy_cos,is_weekend,ghi_wm2,temperature_c,module_temp_c,cloud_cover_est_pct,temp_derate_factor,plant_capacity_mw,capacity_factor,gen_lag_1h,gen_lag_2h,gen_lag_3h,gen_lag_24h,gen_rolling_mean_3h,gen_rolling_std_3h,gen_rolling_mean_6h
2020-05-16 00:00:00,0.0,0.0,87463.0,22.23601830769231,21.241316538461536,0.0,0,0.0,1.0,137,0.7067265555776159,-0.7074868024503348,1,0.0,22.23601830769231,21.241316538461536,0.0,1.014282997153846,28.7,0.0,0.0,0.0,0.0,0.0,0.0,2.0985772868779903e-07,0.035022023809791664
2020-05-16 01:00:00,0.0,0.0,87463.0,22.23601830769231,21.241316538461536,0.0,1,0.25881904510252074,0.9659258262890683,137,0.7067265555776159,-0.7074868024503348,1,0.0,22.23601830769231,21.241316538461536,0.0,1.014282997153846,28.7,0.0,0.0,0.0,0.0,0.0,0.0,2.0985772868779903e-07,0.0
2020-05-16 02:00:00,0.0,0.0,0.0,21.594316733333333,19.80222738333333,0.0,2,0.49999999999999994,0.8660254037844387,137,0.7067265555776159,-0.7074868024503348,1,0.0,21.594316733333333,19.80222738333333,0.0,1.0197515359433333,28.7,0.0,0.0,0.0,0.0,0.0,0.0,2.0985772868779903e-07,0.0
2020-05-16 03:00:00,0.0,0.0,0.0,21.707953366666665,20.258786033333333,0.0,3,0.7071067811865475,0.7071067811865476,137,0.7067265555776159,-0.7074868024503348,1,0.0,21.707953366666665,20.258786033333333,0.0,1.0180166130733332,28.7,0.0,0.0,0.0,0.0,0.0,0.0,2.0985772868779903e-07,0.0
2020-05-16 04:00:00,0.0,0.0,0.0,21.928549755952382,20.762247840476192,0.0,4,0.8660254037844386,0.5000000000000001,137,0.7067265555776159,-0.7074868024503348,1,0.0,21.928549755952382,20.762247840476192,0.0,1.0161034582061905,28.7,0.0,0.0,0.0,0.0,0.0,0.0,2.0985772868779903e-07,0.0
2020-05-16 05:00:00,0.0,0.0,0.0,21.9089015,20.61456405,3.679236605e-05,5,0.9659258262890683,0.25881904510252074,137,0.7067265555776159,-0.7074868024503348,1,0.03679236605,21.9089015,20.61456405,0.0,1.01666465661,28.7,0.0,0.0,0.0,0.0,0.0,0.0,2.0985772868779903e-07,0.0
2020-05-16 06:00:00,1.18789999997275,12.2437946423825,844.14285715,21.977285575,21.018062401190473,0.039656076961309475,6,1.0,6.123233995736766e-17,137,0.7067265555776159,-0.7074868024503348,1,39.65607696130947,21.977285575,21.018062401190473,0.0,1.0151313628754761,28.7,0.04139024390148955,0.0,0.0,0.0,1.2387276785769998,0.0,2.0985772868779903e-07,0.0
2020-05-16 07:00:00,5.082671428549999,51.823142857,5239.1964287,22.867214584523808,25.239724867857145,0.16622843759523806,7,0.9659258262890683,-0.25881904510252063,137,0.7067265555776159,-0.7074868024503348,1,166.22843759523806,22.867214584523808,25.239724867857145,35.8,0.9990890455021428,28.7,0.1770965654547038,1.18789999997275,0.0,0.0,4.262353630925,0.39596666665758334,0.6858343847546549,0.19798333332879167
2020-05-16 08:00:00,11.53570089285,117.6551383935,15980.7857143,24.810612966666664,34.82467651666667,0.3835834596666667,8,0.8660254037844387,-0.49999999999999983,137,0.7067265555776159,-0.7074868024503348,1,383.58345966666667,24.810612966666664,34.82467651666667,23.3,0.9626662292366667,28.7,0.4019407976602788,5.082671428549999,1.18789999997275,0.0,9.11083610115,2.0901904761742496,2.6587559666567007,1.0450952380871248
2020-05-16 09:00:00,13.702236607175,139.872272321,29357.875001,26.480266933333333,39.938825566666665,0.4604658103333333,9,0.7071067811865476,-0.7071067811865475,137,0.7067265555776159,-0.7074868024503348,1,460.4658103333333,26.480266933333333,39.938825566666665,34.9,0.9432324628466666,28.7,0.47742984693989543,11.53570089285,5.082671428549999,1.18789999997275,12.30217366075,5.935424107124249,5.226340610577299,2.9677120535621246
2020-05-16 10:00:00,17.33501562495,177.144178573,46531.178572,28.15197038809524,47.41450148333333,0.552785017345238,10,0.49999999999999994,-0.8660254037844387,137,0.7067265555776159,-0.7074868024503348,1,552.785017345238,28.15197038809524,47.41450148333333,36.2,0.9148248943633334,28.7,0.6040075130644599,13.702236607175,11.53570089285,5.082671428549999,14.29224223215,10.106869642858333,4.483903993492248,5.251418154757958
2020-05-16 11:00:00,17.06149062495,174.32415625125,63265.732143,29.51412865,47.71051726666666,0.5584641586666665,11,0.258819045102521,-0.9659258262890682,137,0.7067265555776159,-0.7074868024503348,1,558.4641586666665,29.51412865,47.71051726666666,42.2,0.9137000343866667,28.7,0.5944770252595819,17.33501562495,13.702236607175,11.53570089285,16.5572865473,14.190984374991666,2.930387111952508,8.14058742558296
2020-05-16 12:00:00,20.465747767475,209.359486607,83231.750002,30.643568545238097,50.86235429761905,0.6954473704761904,12,1.2246467991473532e-16,-1.0,137,0.7067265555776159,-0.7074868024503348,1,695.4473704761905,30.643568545238097,50.86235429761905,30.5,0.9017230536690476,28.7,0.713092256706446,17.06149062495,17.33501562495,13.702236607175,18.885107737825,16.032914285691668,2.0230540804086616,10.98416919640796
2020-05-16 13:00:00,18.734008036,191.53134821575,103092.767857,31.490084383333333,50.48822185,0.6139163518333333,13,-0.2588190451025208,-0.9659258262890683,137,0.7067265555776159,-0.7074868024503348,1,613.9163518333332,31.490084383333333,50.48822185,36.4,0.90314475697,28.7,0.6527528932404181,20.465747767475,17.06149062495,17.33501562495,15.327566071500001,18.287418005791668,1.8914397675799197,14.197143824324998
2020-05-16 14:00:00,15.922526785675,162.63384375075,119100.142857,32.0017147202381,47.24071738690476,0.5202818691071428,14,-0.4999999999999998,-0.8660254037844388,137,0.7067265555776159,-0.7074868024503348,1,520.2818691071428,32.0017147202381,47.24071738690476,39.9,0.9154852739297619,28.7,0.554791874065331,18.734008036,20.465747767475,17.06149062495,19.20296598215,18.753748809475002,1.7022144244222481,16.472366592233335
2020-05-16 15:00:00,11.875821428624999,121.14690625025,131875.910714,32.34811151666666,43.64881953333333,0.3836832741666666,15,-0.7071067811865471,-0.7071067811865479,137,0.7067265555776159,-0.7074868024503348,1,383.6832741666666,32.34811151666666,43.64881953333333,45.7,0.9291344857733334,28.7,0.41379168740853656,15.922526785675,18.734008036,20.465747767475,13.3803696428,18.374094196383336,2.292895048040283,17.203504241037503
2020-05-16 16:00:00,5.959491071425,60.720352679,138270.839283,31.94585530952381,36.14177540119047,0.18631905705952378,16,-0.8660254037844384,-0.5000000000000004,137,0.7067265555776159,-0.7074868024503348,1,186.31905705952377,31.94585530952381,36.14177540119047,62.7,0.9576612534754763,28.7,0.20764777252351918,11.875821428624999,15.922526785675,18.734008036,9.5804733631,15.510785416766668,3.447583081166771,16.89910171127917
2020-05-16 17:00:00,2.9520566964275,30.23060714335,141650.196429,31.40916235,32.052246016666665,0.0932087213833333,17,-0.9659258262890683,-0.25881904510252063,137,0.7067265555776159,-0.7074868024503348,1,93.2087213833333,31.40916235,32.052246016666665,64.0,0.9732014651366667,28.7,0.1028591183424216,5.959491071425,11.875821428624999,15.922526785675,3.3575050595375,11.252613095241669,5.010669778677713,15.003180952358335
2020-05-16 18:00:00,0.2752883928625,2.8491517856249997,142114.0,29.37973935,26.67844488333333,0.008846148554976651,18,-1.0,-1.8369701987210297e-16,137,0.7067265555776159,-0.7074868024503348,1,8.84614855497665,29.37973935,26.67844488333333,0.0,0.9936219094433334,28.7,0.009591930064895471,2.9520566964275,5.959491071425,11.875821428624999,0.21013214285874998,6.929123065492501,4.540212979788789,12.651608630937915
2020-05-16 19:00:00,0.0,0.0,142114.0,27.773843579761905,25.173710835714285,0.0,19,-0.9659258262890684,0.2588190451025203,137,0.7067265555776159,-0.7074868024503348,1,0.0,27.773843579761905,25.173710835714285,0.0,0.9993398988242858,28.7,0.0,0.2752883928625,2.9520566964275,5.959491071425,0.0,3.0622787202383344,2.8437038688379936,9.2865320685025
2020-05-16 20:00:00,0.0,0.0,142114.0,26.60975254761905,24.006616385714285,0.0,20,-0.8660254037844386,0.5000000000000001,137,0.7067265555776159,-0.7074868024503348,1,0.0,26.60975254761905,24.006616385714285,0.0,1.0037748577342858,28.7,0.0,0.0,0.2752883928625,2.9520566964275,0.0,1.075781696430001,1.6307212611366557,6.164197395835834
2020-05-16 21:00:00,0.0,0.0,142114.0,25.508788466666665,22.83895318333333,0.0,21,-0.7071067811865477,0.7071067811865474,137,0.7067265555776159,-0.7074868024503348,1,0.0,25.508788466666665,22.83895318333333,0.0,1.0082119779033334,28.7,0.0,0.0,0.0,0.2752883928625,0.0,0.09176279762083452,0.15893782772463078,3.510442931556667
2020-05-16 22:00:00,0.0,0.0,142114.0,24.74963269761905,22.099702804761904,0.0,22,-0.5000000000000004,0.8660254037844384,137,0.7067265555776159,-0.7074868024503348,1,0.0,24.74963269761905,22.099702804761904,0.0,1.0110211293419047,28.7,0.0,0.0,0.0,0.0,0.0,0.0,4.684703959300398e-07,1.5311393601191672
2020-05-16 23:00:00,0.0,0.0,130779.0,24.370390283333332,22.0790273,0.0,23,-0.25881904510252157,0.9659258262890681,137,0.7067265555776159,-0.7074868024503348,1,0.0,24.370390283333332,22.0790273,0.0,1.01109969626,28.7,0.0,0.0,0.0,0.0,0.0,0.0,4.684703959300398e-07,0.5378908482150005
2020-05-17 00:00:00,0.0,0.0,0.0,24.0033637,21.570909944047617,0.0,0,0.0,1.0,138,0.6944521021088763,-0.719538934232584,1,0.0,24.0033637,21.570909944047617,0.0,1.0130305422126191,28.7,0.0,0.0,0.0,0.0,0.0,0.0,4.684703959300398e-07,0.04588139881041726
2020-05-17 01:00:00,0.0,0.0,0.0,23.773983484375,21.613145309375,0.0,1,0.25881904510252074,0.9659258262890683,138,0.6944521021088763,-0.719538934232584,1,0.0,23.773983484375,21.613145309375,0.0,1.012870047824375,28.7,0.0,0.0,0.0,0.0,0.0,0.0,4.684703959300398e-07,0.0
2020-05-17 02:00:00,0.0,0.0,0.0,23.40926451547619,21.333184027380955,0.0,2,0.49999999999999994,0.8660254037844387,138,0.6944521021088763,-0.719538934232584,1,0.0,23.40926451547619,21.333184027380955,0.0,1.0139339006959525,28.7,0.0,0.0,0.0,0.0,0.0,0.0,4.684703959300398e-07,0.0
2020-05-17 03:00:00,0.0,0.0,0.0,23.106247950000004,21.16272228333333,0.0,3,0.7071067811865475,0.7071067811865476,138,0.6944521021088763,-0.719538934232584,1,0.0,23.106247950000004,21.16272228333333,0.0,1.0145816553233333,28.7,0.0,0.0,0.0,0.0,0.0,0.0,4.684703959300398e-07,0.0
2020-05-17 04:00:00,0.0,0.0,0.0,22.825052916666667,20.967664583333335,0.0,4,0.8660254037844386,0.5000000000000001,138,0.6944521021088763,-0.719538934232584,1,0.0,22.825052916666667,20.967664583333335,0.0,1.0153228745833334,28.7,0.0,0.0,0.0,0.0,0.0,0.0,4.684703959300398e-07,0.0
2020-05-17 05:00:00,0.0,0.0,0.0,22.56940003452381,21.014346436904763,8.33637205e-05,5,0.9659258262890683,0.25881904510252074,138,0.6944521021088763,-0.719538934232584,1,0.0833637205,22.56940003452381,21.014346436904763,0.0,1.015145483539762,28.7,0.0,0.0,0.0,0.0,0.0,0.0,4.684703959300398e-07,0.0
2020-05-17 06:00:00,0.777219642865,8.02019196425,504.10714285,22.78054205,21.898464,0.029804955638333325,6,1.0,6.123233995736766e-17,138,0.6944521021088763,-0.719538934232584,1,29.804955638333325,22.78054205,21.898464,0.0,1.0117858368,28.7,0.027080823793205575,0.0,0.0,0.0,1.18789999997275,0.0,4.684703959300398e-07,0.0
2020-05-17 07:00:00,5.93774821435,60.543366071499996,5414.4821427,23.785956519047616,27.036007041666664,0.21195417485238088,7,0.9659258262890683,-0.25881904510252063,138,0.6944521021088763,-0.719538934232584,1,211.95417485238087,23.785956519047616,27.036007041666664,18.1,0.9922631732416667,28.7,0.206890181684669,0.777219642865,0.0,0.0,5.082671428549999,0.2590732142883345,0.4487279700278136,0.12953660714416726
2020-05-17 08:00:00,12.5644558036,128.21837499974998,17065.3035716,25.97143091666667,39.30826661666667,0.43525991499999994,8,0.8660254037844387,-0.49999999999999983,138,0.6944521021088763,-0.719538934232584,1,435.2599149999999,25.97143091666667,39.30826661666667,12.9,0.9456285868566666,28.7,0.43778591650174215,5.93774821435,0.777219642865,0.0,11.53570089285,2.238322619071668,3.2272790233514566,1.119161309535834
2020-05-17 09:00:00,17.692664732350003,180.81681696525,34038.017856,28.375963504761906,47.53485876190476,0.6042784054880952,9,0.7071067811865476,-0.7071067811865475,138,0.6944521021088763,-0.719538934232584,1,604.2784054880952,28.375963504761906,47.53485876190476,14.5,0.9143675367047619,28.7,0.6164691544372823,12.5644558036,5.93774821435,0.777219642865,13.702236607175,6.426474553605001,5.908796337093201,3.2132372768025004
2020-05-17 10:00:00,22.159221429125,226.83757142975,56142.678572,30.33595685,51.79666196666666,0.7530183226666667,10,0.49999999999999994,-0.8660254037844387,138,0.6944521021088763,-0.719538934232584,1,753.0183226666667,30.33595685,51.79666196666666,13.0,0.8981726845266667,28.7,0.7720983076350175,17.692664732350003,12.5644558036,5.93774821435,17.33501562495,12.064956250100002,5.89335561791815,6.1620147321941685
2020-05-17 11:00:00,25.013164582875,256.402053569,81300.02976,31.885415134523807,60.11137610952381,0.9144147961666667,11,0.258819045102521,-0.9659258262890682,138,0.6944521021088763,-0.719538934232584,1,914.4147961666666,31.885415134523807,60.11137610952381,5.3,0.8665767707838095,28.7,0.8715388356402439,22.159221429125,17.692664732350003,12.5644558036,17.06149062495,17.472113988358334,4.801183585866667,9.855218303715
2020-05-17 12:00:00,20.18187008905,206.56237946475,101040.589286,33.05976041666667,56.041961300000004,0.7314588040000001,12,1.2246467991473532e-16,-1.0,138,0.6944521021088763,-0.719538934232584,1,731.4588040000001,33.05976041666667,56.041961300000004,26.9,0.88204054706,28.7,0.7032010483989548,25.013164582875,22.159221429125,17.692664732350003,20.465747767475,21.621683581450004,3.6897343696594733,14.0240790675275
2020-05-17 13:00:00,16.702277678325,170.83745982125,118395.124999,33.680019560714285,50.87901851904762,0.5605612115714285,13,-0.2588190451025208,-0.9659258262890683,138,0.6944521021088763,-0.719538934232584,1,560.5612115714284,33.680019560714285,50.87901851904762,42.0,0.9016597296276191,28.7,0.5819608947151568,20.18187008905,25.013164582875,22.159221429125,18.734008036,22.45141870035,2.4288651785349047,17.258187475225
2020-05-17 14:00:00,15.158117857099999,154.940383927,133314.035715,34.24005043333334,48.93140163333334,0.5259670066666666,14,-0.4999999999999998,-0.8660254037844388,138,0.6944521021088763,-0.719538934232584,1,525.9670066666666,34.24005043333334,48.93140163333334,39.3,0.9090606737933333,28.7,0.5281574166236933,16.702277678325,20.18187008905,25.013164582875,15.922526785675,20.632437450083334,4.173723576756914,19.052275719220834
2020-05-17 15:00:00,15.370110267850002,157.003941963,150319.964283,34.98917440952381,49.21295312023809,0.5185228104285714,15,-0.7071067811865471,-0.7071067811865479,138,0.6944521021088763,-0.719538934232584,1,518.5228104285713,34.98917440952381,49.21295312023809,26.7,0.9079907781430953,28.7,0.5355439117717771,15.158117857099999,16.702277678325,20.18187008905,11.875821428624999,17.347421874825,2.573262500739835,19.4845527281375
2020-05-17 16:00:00,10.250188541699998,104.51554315525,160702.178571,31.174709830952377,38.86334765595238,0.3352452847619047,16,-0.8660254037844384,-0.5000000000000004,138,0.6944521021088763,-0.719538934232584,1,335.24528476190466,31.174709830952377,38.86334765595238,33.0,0.947319278907381,28.7,0.35714942654006965,15.370110267850002,15.158117857099999,16.702277678325,5.959491071425,15.743501934425003,0.8370623578157671,19.0974603173875
2020-05-17 17:00:00,3.19865133921,32.734812500625004,164656.30357,27.84450873452381,30.243215540476193,0.10356787474523806,17,-0.9659258262890683,-0.25881904510252063,138,0.6944521021088763,-0.719538934232584,1,103.56787474523806,27.84450873452381,30.243215540476193,60.0,0.9800757809461904,28.7,0.11145126617456447,10.250188541699998,15.370110267850002,15.158117857099999,2.9520566964275,13.592805555550001,2.896731187306386,17.112621502816665
2020-05-17 18:00:00,0.2381571428575,2.46574107145,165106.0,26.157002700000003,25.36307478333333,0.008707614050644949,18,-1.0,-1.8369701987210297e-16,138,0.6944521021088763,-0.719538934232584,1,8.707614050644949,26.157002700000003,25.36307478333333,0.0,0.9986203158233333,28.7,0.00829815828771777,3.19865133921,10.250188541699998,15.370110267850002,0.2752883928625,9.606316716253334,6.111221752529977,13.476869295539167
2020-05-17 19:00:00,0.0,0.0,165106.0,25.89215509285714,24.07597265119048,0.0,19,-0.9659258262890684,0.2588190451025203,138,0.6944521021088763,-0.719538934232584,1,0.0,25.89215509285714,24.07597265119048,0.0,1.0035113039254762,28.7,0.0,0.2381571428575,3.19865133921,10.250188541699998,0.0,4.562332341255834,5.143433929716362,10.152917137840417
2020-05-17 20:00:00,0.0,0.0,165106.0,25.4372325,24.018703249999998,0.0,20,-0.8660254037844386,0.5000000000000001,138,0.6944521021088763,-0.719538934232584,1,0.0,25.4372325,24.018703249999998,0.0,1.00372892765,28.7,0.0,0.0,0.2381571428575,3.19865133921,0.0,1.1456028273558345,1.7819752664370494,7.3692041914529165
2020-05-17 21:00:00,0.0,0.0,165106.0,22.672175189285714,21.616323048809523,0.0,21,-0.7071067811865477,0.7071067811865474,138,0.6944521021088763,-0.719538934232584,1,0.0,22.672175189285714,21.616323048809523,0.0,1.012857972414524,28.7,0.0,0.0,0.0,0.2381571428575,0.0,0.07938571428583452,0.13750009053792803,4.842851215269584
2020-05-17 22:00:00,0.0,0.0,165106.0,21.282171183333332,20.5714665,0.0,22,-0.5000000000000004,0.8660254037844384,138,0.6944521021088763,-0.719538934232584,1,0.0,21.282171183333332,20.5714665,0.0,1.0168284273,28.7,0.0,0.0,0.0,0.0,0.0,0.0,0.0,2.281166170627917
2020-05-17 23:00:00,0.0,0.0,155005.285714,21.229909388095237,20.605397145238094,0.0,23,-0.25881904510252157,0.9659258262890681,138,0.6944521021088763,-0.719538934232584,1,0.0,21.229909388095237,20.605397145238094,0.0,1.0166994908480953,28.7,0.0,0.0,0.0,0.0,0.0,0.0,0.0,0.5728014136779173
2020-05-18 00:00:00,0.0,0.0,0.0,21.119113166666665,20.534996016666668,0.0,0,0.0,1.0,139,0.6819721490904629,-0.7313781428679254,0,0.0,21.119113166666665,20.534996016666668,0.0,1.0169670151366668,28.7,0.0,0.0,0.0,0.0,0.0,0.0,0.0,0.03969285714291726
2020-05-18 01:00:00,0.0,0.0,0.0,21.017826299999996,20.409069783333333,0.0,1,0.25881904510252074,0.9659258262890683,139,0.6819721490904629,-0.7313781428679254,0,0.0,21.017826299999996,20.409069783333333,0.0,1.0174455348233333,28.7,0.0,0.0,0.0,0.0,0.0,0.0,0.0,0.0
2020-05-18 02:00:00,0.0,0.0,0.0,21.079607952380954,20.260328083333334,0.0,2,0.49999999999999994,0.8660254037844387,139,0.6819721490904629,-0.7313781428679254,0,0.0,21.079607952380954,20.260328083333334,0.0,1.0180107532833333,28.7,0.0,0.0,0.0,0.0,0.0,0.0,0.0,0.0
2020-05-18 03:00:00,0.0,0.0,0.0,21.342248533333333,20.765372233333334,0.0,3,0.7071067811865475,0.7071067811865476,139,0.6819721490904629,-0.7313781428679254,0,0.0,21.342248533333333,20.765372233333334,0.0,1.0160915855133332,28.7,0.0,0.0,0.0,0.0,0.0,0.0,0.0,0.0
2020-05-18 04:00:00,0.0,0.0,0.0,21.161303357142856,20.12031880119048,0.0,4,0.8660254037844386,0.5000000000000001,139,0.6819721490904629,-0.7313781428679254,0,0.0,21.161303357142856,20.12031880119048,0.0,1.018542788555476,28.7,0.0,0.0,0.0,0.0,0.0,0.0,0.0,0.0
2020-05-18 05:00:00,0.0,0.0,0.0,21.146922449999998,19.957759616666667,0.000129991415833325,5,0.9659258262890683,0.25881904510252074,139,0.6819721490904629,-0.7313781428679254,0,0.129991415833325,21.146922449999998,19.957759616666667,0.0,1.0191605134566666,28.7,0.0,0.0,0.0,0.0,0.0,0.0,0.0,0.0
2020-05-18 06:00:00,1.25302946431975,12.91410714305,928.03571428,21.505703271428573,21.206793042857143,0.042866835285238075,6,1.0,6.123233995736766e-17,139,0.6819721490904629,-0.7313781428679254,0,42.866835285238075,21.505703271428573,21.206793042857143,0.0,1.0144141864371428,28.7,0.043659563216716026,0.0,0.0,0.0,0.777219642865,0.0,0.0,0.0
2020-05-18 07:00:00,5.165076785775,52.668316964000006,5961.6785714,22.459750416666665,26.47023108333333,0.16711463099999999,7,0.9659258262890683,-0.25881904510252063,139,0.6819721490904629,-0.7313781428679254,0,167.11463099999997,22.459750416666665,26.47023108333333,35.4,0.9944131218833333,28.7,0.17996783225696864,1.25302946431975,0.0,0.0,5.93774821435,0.4176764881065845,0.7234368985275402,0.20883824405329224
2020-05-18 08:00:00,3.438975892875,35.18527232075,9309.9285712,23.406023174999998,26.899411533333335,0.10386008539404758,8,0.8660254037844387,-0.49999999999999983,139,0.6819721490904629,-0.7313781428679254,0,103.86008539404757,23.406023174999998,26.899411533333335,79.2,0.9927822361733333,28.7,0.11982494400261323,5.165076785775,1.25302946431975,0.0,12.5644558036,2.1393687500315846,2.694197941463298,1.0696843750157923
2020-05-18 09:00:00,3.503555803525,35.815709821,12910.2321429,23.757182816666667,27.29890436666667,0.10537978321666665,9,0.7071067811865476,-0.7071067811865475,139,0.6819721490904629,-0.7313781428679254,0,105.37978321666665,23.757182816666667,27.29890436666667,85.1,0.9912641634066667,28.7,0.1220751151054007,3.438975892875,5.165076785775,1.25302946431975,17.692664732350003,3.2856940476565843,1.9605229033044906,1.6428470238282922
2020-05-18 10:00:00,6.910933928575,70.46579017825,18590.8392858,24.01112490595238,28.96312941547619,0.20958487426666667,10,0.49999999999999994,-0.8660254037844387,139,0.6819721490904629,-0.7313781428679254,0,209.58487426666667,24.01112490595238,28.96312941547619,75.8,0.9849401082211905,28.7,0.2407990915879791,3.503555803525,3.438975892875,5.165076785775,22.159221429125,4.035869494058335,0.978455145606816,2.2267729910824587
2020-05-18 11:00:00,13.43291875005,137.11404017950002,31911.571428,25.126056416666664,38.40726119999999,0.42150088016666665,11,0.258819045102521,-0.9659258262890682,139,0.6819721490904629,-0.7313781428679254,0,421.50088016666666,25.126056416666664,38.40726119999999,56.4,0.94905240744,28.7,0.46804594947909406,6.910933928575,3.503555803525,3.438975892875,25.013164582875,4.617821874991668,1.9861557866722763,3.3785953125116257
2020-05-18 12:00:00,17.86501026785,182.55672321424998,49152.267858,26.447520983333334,44.38732865,0.577475432,12,1.2246467991473532e-16,-1.0,139,0.6819721490904629,-0.7313781428679254,0,577.475432,26.447520983333334,44.38732865,42.3,0.92632815113,28.7,0.6224742253606271,13.43291875005,6.910933928575,3.503555803525,20.18187008905,7.949136160716667,5.045439528631165,5.617415104186626
2020-05-18 13:00:00,22.601800892875,231.4475044655,70692.428572,27.343820420238092,47.82486024404762,0.7671310242380952,13,-0.2588190451025208,-0.9659258262890683,139,0.6819721490904629,-0.7313781428679254,0,767.1310242380952,27.343820420238092,47.82486024404762,20.6,0.913265531072619,28.7,0.7875191948736935,17.86501026785,13.43291875005,6.910933928575,16.702277678325,12.736287648825003,5.510164995720325,8.386078571441667
2020-05-18 14:00:00,14.792533482025,151.11861606975,87074.74999899999,27.6732732,43.68171495,0.48995834299999996,14,-0.4999999999999998,-0.8660254037844388,139,0.6819721490904629,-0.7313781428679254,0,489.95834299999996,27.6732732,43.68171495,43.4,0.92900948319,28.7,0.5154192850879791,22.601800892875,17.86501026785,13.43291875005,15.158117857099999,17.966576636925,4.585284803886135,11.292199255958332
2020-05-18 15:00:00,16.316691964325,166.66567857125,103413.803571,27.47513278809524,42.912243978571425,0.531226582,15,-0.7071067811865471,-0.7071067811865479,139,0.6819721490904629,-0.7313781428679254,0,531.2265819999999,27.47513278809524,42.912243978571425,24.9,0.9319334728814286,28.7,0.5685258524155052,14.792533482025,22.601800892875,17.86501026785,15.370110267850002,18.419781547583337,3.934080928648227,13.184458854150002
2020-05-18 16:00:00,9.05029107145,92.2272142855,113552.196428,27.395660899999996,36.44824796666666,0.29153992883333335,16,-0.8660254037844384,-0.5000000000000004,139,0.6819721490904629,-0.7313781428679254,0,291.53992883333336,27.395660899999996,36.44824796666666,41.7,0.9564966577266667,28.7,0.315341152315331,16.316691964325,14.792533482025,22.601800892875,10.250188541699998,17.903675446408332,4.139450664381082,15.319981547616669
2020-05-18 17:00:00,3.096951339275,31.7024508924,117235.767857,26.212608055952384,28.593954072619045,0.09719897547023806,17,-0.9659258262890683,-0.25881904510252063,139,0.6819721490904629,-0.7313781428679254,0,97.19897547023807,26.212608055952384,28.593954072619045,62.4,0.9863429745240476,28.7,0.10790771216986063,9.05029107145,16.316691964325,14.792533482025,3.19865133921,13.386505505933334,3.8318183002535435,15.676541071429165
2020-05-18 18:00:00,0.314657589285,3.2557098214000004,117738.0,24.899787983333333,24.199809283333334,0.01165390506784995,18,-1.0,-1.8369701987210297e-16,139,0.6819721490904629,-0.7313781428679254,0,11.65390506784995,24.899787983333333,24.199809283333334,0.0,1.0030407247233333,28.7,0.010963679069163762,3.096951339275,9.05029107145,16.316691964325,0.2381571428575,9.487978125016667,6.620729794822035,13.953879836300002
2020-05-18 19:00:00,0.0,0.0,117738.0,24.479608666666664,23.076895133333334,0.0,19,-0.9659258262890684,0.2588190451025203,139,0.6819721490904629,-0.7313781428679254,0,0.0,24.479608666666664,23.076895133333334,0.0,1.0073077984933334,28.7,0.0,0.314657589285,3.096951339275,9.05029107145,0.0,4.153966666670001,4.462710402372251,11.028821056539167
2020-05-18 20:00:00,0.0,0.0,117738.0,24.11428349166667,22.052794784523808,0.0,20,-0.8660254037844386,0.5000000000000001,139,0.6819721490904629,-0.7313781428679254,0,0.0,24.11428349166667,22.052794784523808,0.0,1.0111993798188095,28.7,0.0,0.0,0.314657589285,3.096951339275,0.0,1.1372029761866678,1.7044684170128168,7.261854241060001
2020-05-18 21:00:00,0.0,0.0,117738.0,23.57697143333333,21.43699545,0.0,21,-0.7071067811865477,0.7071067811865474,139,0.6819721490904629,-0.7313781428679254,0,0.0,23.57697143333333,21.43699545,0.0,1.01353941729,28.7,0.0,0.0,0.0,0.314657589285,0.0,0.10488586309500118,0.18166764387614584,4.796431994055834
2020-05-18 22:00:00,0.0,0.0,117738.0,22.917039352380954,20.78332561904762,0.0,22,-0.5000000000000004,0.8660254037844384,139,0.6819721490904629,-0.7313781428679254,0,0.0,22.917039352380954,20.78332561904762,0.0,1.016023362647619,28.7,0.0,0.0,0.0,0.0,0.0,0.0,0.0,2.0769833333350003
2020-05-18 23:00:00,0.0,0.0,108873.428571,22.7539302,20.8525065,0.0,23,-0.25881904510252157,0.9659258262890681,139,0.6819721490904629,-0.7313781428679254,0,0.0,22.7539302,20.8525065,0.0,1.0157604753,28.7,0.0,0.0,0.0,0.0,0.0,0.0,0.0,0.5686014880933339
2020-05-19 00:00:00,0.0,0.0,0.0,22.56981180238095,20.528161026190475,0.0,0,0.0,1.0,140,0.6692903895412567,-0.7430009249440493,0,0.0,22.56981180238095,20.528161026190475,0.0,1.0169929881004762,28.7,0.0,0.0,0.0,0.0,0.0,0.0,0.0,0.05244293154750059
2020-05-19 01:00:00,0.0,0.0,0.0,22.628986116666667,20.65906688333333,0.0,1,0.25881904510252074,0.9659258262890683,140,0.6692903895412567,-0.7430009249440493,0,0.0,22.628986116666667,20.65906688333333,0.0,1.0164955458433333,28.7,0.0,0.0,0.0,0.0,0.0,0.0,0.0,0.0
2020-05-19 02:00:00,0.0,0.0,0.0,22.84524666309524,20.79563029642857,0.0,2,0.49999999999999994,0.8660254037844387,140,0.6692903895412567,-0.7430009249440493,0,0.0,22.84524666309524,20.79563029642857,0.0,1.0159766048735714,28.7,0.0,0.0,0.0,0.0,0.0,0.0,0.0,0.0
2020-05-19 03:00:00,0.0,0.0,0.0,23.018200716666666,20.81359565,0.0,3,0.7071067811865475,0.7071067811865476,140,0.6692903895412567,-0.7430009249440493,0,0.0,23.018200716666666,20.81359565,0.0,1.01590833653,28.7,0.0,0.0,0.0,0.0,0.0,0.0,0.0,0.0
2020-05-19 04:00:00,0.0,0.0,0.0,23.190629279761904,20.87247735357143,0.0,4,0.8660254037844386,0.5000000000000001,140,0.6692903895412567,-0.7430009249440493,0,0.0,23.190629279761904,20.87247735357143,0.0,1.0156845860564285,28.7,0.0,0.0,0.0,0.0,0.0,0.0,0.0,0.0
2020-05-19 05:00:00,0.0,0.0,0.0,23.25859425,21.1526632,7.957945421665e-05,5,0.9659258262890683,0.25881904510252074,140,0.6692903895412567,-0.7430009249440493,0,0.07957945421665,23.25859425,21.1526632,0.0,1.01461987984,28.7,0.0,0.0,0.0,0.0,0.0,0.0,0.0,0.0
2020-05-19 06:00:00,0.53088125000625,5.473937499955,261.80357144,23.410224386904762,22.44525894047619,0.018353297481666624,6,1.0,6.123233995736766e-17,140,0.6692903895412567,-0.7430009249440493,0,18.353297481666623,23.410224386904762,22.44525894047619,0.0,1.0097080160261904,28.7,0.018497604529834493,0.0,0.0,0.0,1.25302946431975,0.0,0.0,0.0
2020-05-19 07:00:00,5.957144196475,60.717258929,5522.8928571,24.598519983333333,28.17446443333333,0.19582242541666664,7,0.9659258262890683,-0.25881904510252063,140,0.6692903895412567,-0.7430009249440493,0,195.82242541666665,24.598519983333333,28.17446443333333,24.3,0.9879370351533333,28.7,0.20756599987717772,0.53088125000625,0.0,0.0,5.165076785775,0.17696041666875117,0.3065044325988334,0.08848020833437559
2020-05-19 08:00:00,6.887954910725,70.196040179,12223.4107144,25.443725348809522,32.41949239404762,0.22415173608809524,8,0.8660254037844387,-0.49999999999999983,140,0.6692903895412567,-0.7430009249440493,0,224.15173608809525,25.443725348809522,32.41949239404762,55.2,0.9718059289026191,28.7,0.23999842894512197,5.957144196475,0.53088125000625,0.0,3.438975892875,2.1626751488270846,3.296809858115966,1.0813375744135423
2020-05-19 09:00:00,14.587594642825,148.96914285675,26064.928571,26.864864566666668,42.09147131666666,0.4959170546666666,9,0.7071067811865476,-0.7071067811865475,140,0.6692903895412567,-0.7430009249440493,0,495.91705466666656,26.864864566666668,42.09147131666666,29.9,0.9350524089966666,28.7,0.5082785589834494,6.887954910725,5.957144196475,0.53088125000625,3.503555803525,4.458660119068751,3.4332473373806125,2.2293300595343757
2020-05-19 10:00:00,15.944082589275,162.95129464325,41701.499999,27.756210283333335,43.61470402619048,0.5493137353452381,10,0.49999999999999994,-0.8660254037844387,140,0.6692903895412567,-0.7430009249440493,0,549.3137353452381,27.756210283333335,43.61470402619048,36.6,0.9292641247004761,28.7,0.5555429473614982,14.587594642825,6.887954910725,5.957144196475,6.910933928575,9.144231250008334,4.737009174166023,4.660595833338543
2020-05-19 11:00:00,15.517661706166665,158.632928573,53828.666665,28.25326722777778,45.474864930555555,0.5319547189999999,11,0.258819045102521,-0.9659258262890682,140,0.6692903895412567,-0.7430009249440493,0,531.954719,28.25326722777778,45.474864930555555,44.9,0.9221955132638889,28.7,0.5406850768699186,15.944082589275,14.587594642825,6.887954910725,13.43291875005,12.473210714275003,4.884293877371912,7.317942931551042
2020-05-19 12:00:00,22.905258333299997,234.4726666665,81256.0,29.79805053333333,50.243074899999996,0.787080141,12,1.2246467991473532e-16,-1.0,140,0.6692903895412567,-0.7430009249440493,0,787.080141,29.79805053333333,50.243074899999996,21.3,0.90407631538,28.7,0.7980926248536585,15.517661706166665,15.944082589275,14.587594642825,17.86501026785,15.34977964608889,0.6936520574380178,9.90421988257882
2020-05-19 13:00:00,18.939955803625,193.630392862,99854.625,29.900670966666667,48.4894446,0.6253125728333334,13,-0.2588190451025208,-0.9659258262890683,140,0.6692903895412567,-0.7430009249440493,0,625.3125728333334,29.900670966666667,48.4894446,35.3,0.91074011052,28.7,0.6599287736454704,22.905258333299997,15.517661706166665,15.944082589275,22.601800892875,18.122334209580554,4.147617517603421,13.633282729794445
2020-05-19 14:00:00,20.65158035695,211.18211606875,120675.178572,30.17277315595238,49.7761358,0.6901497009404761,14,-0.4999999999999998,-0.8660254037844388,140,0.6692903895412567,-0.7430009249440493,0,690.1497009404761,30.17277315595238,49.7761358,20.3,0.90585068396,28.7,0.7195672598240418,18.939955803625,22.905258333299997,15.517661706166665,14.792533482025,19.12095861436389,3.697122867099424,15.797084664319444
2020-05-19 15:00:00,13.67359910715,139.57525000025,135511.250001,29.950729866666666,42.92621055,0.4474687416666666,15,-0.7071067811865471,-0.7071067811865479,140,0.6692903895412567,-0.7430009249440493,0,447.46874166666663,29.950729866666666,42.92621055,36.7,0.93188039991,28.7,0.47643202463937284,20.65158035695,18.939955803625,22.905258333299997,16.316691964325,20.832264831291667,1.9888165318633135,18.091022238690275
2020-05-19 16:00:00,10.035907142875,102.3349419635,119893.285715,29.67801833452381,39.509916108333336,0.3611488084523809,16,-0.8660254037844384,-0.5000000000000004,140,0.6692903895412567,-0.7430009249440493,0,361.1488084523809,29.67801833452381,39.509916108333336,27.8,0.9448623187883334,28.7,0.34968317570993035,13.67359910715,20.65158035695,18.939955803625,9.05029107145,17.75504508924167,3.636765820263296,17.938689649411113
2020-05-19 17:00:00,2.7626129464225,28.242808035875,123395.00000100001,28.36381425,31.20082445,0.11051163686666665,17,-0.9659258262890683,-0.25881904510252063,140,0.6692903895412567,-0.7430009249440493,0,110.51163686666665,28.36381425,31.20082445,57.3,0.97643686709,28.7,0.09625829081611499,10.035907142875,13.67359910715,20.65158035695,3.096951339275,14.78702886899167,5.394712580195851,16.953993741677778
2020-05-19 18:00:00,0.000434375,0.0045,123475.0,23.316263140476188,22.243057317857144,0.00047997434626663335,18,-1.0,-1.8369701987210297e-16,140,0.6692903895412567,-0.7430009249440493,0,0.4799743462666333,23.316263140476188,22.243057317857144,0.0,1.0104763821921428,28.7,1.5135017421602787e-05,2.7626129464225,10.035907142875,13.67359910715,0.314657589285,8.824039732149169,5.555526232120693,14.828152281720419
2020-05-19 19:00:00,0.0,0.0,123475.0,22.499559583333337,20.559704566666667,0.0,19,-0.9659258262890684,0.2588190451025203,140,0.6692903895412567,-0.7430009249440493,0,0.0,22.499559583333337,20.559704566666667,0.0,1.0168731226466667,28.7,0.0,0.000434375,2.7626129464225,10.035907142875,0.0,4.266318154765836,5.183968116596512,11.01068162200375
2020-05-19 20:00:00,0.0,0.0,123475.0,23.130025716666665,20.503182483333333,0.0,20,-0.8660254037844386,0.5000000000000001,140,0.6692903895412567,-0.7430009249440493,0,0.0,23.130025716666665,20.503182483333333,0.0,1.0170879065633334,28.7,0.0,0.0,0.000434375,2.7626129464225,0.0,0.9210157738075025,1.5948699498103067,7.854022321399583
2020-05-19 21:00:00,0.0,0.0,123475.0,23.94811077023809,21.387568289285714,0.0,21,-0.7071067811865477,0.7071067811865474,140,0.6692903895412567,-0.7430009249440493,0,0.0,23.94811077023809,21.387568289285714,0.0,1.0137272405007143,28.7,0.0,0.0,0.0,0.000434375,0.0,0.00014479166666903512,0.0002507862127866665,4.412092261907917
2020-05-19 22:00:00,0.0,0.0,123475.0,23.581563783333333,21.29115095,0.0,22,-0.5000000000000004,0.8660254037844384,140,0.6692903895412567,-0.7430009249440493,0,0.0,23.581563783333333,21.29115095,0.0,1.01409362639,28.7,0.0,0.0,0.0,0.0,0.0,0.0,0.0,2.1331590773829165
2020-05-19 23:00:00,0.0,0.0,111820.428571,22.89346925357143,20.42818446904762,0.0,23,-0.25881904510252157,0.9659258262890681,140,0.6692903895412567,-0.7430009249440493,0,0.0,22.89346925357143,20.42818446904762,0.0,1.017372899017619,28.7,0.0,0.0,0.0,0.0,0.0,0.0,0.0,0.46050788690375005
2020-05-20 00:00:00,0.0,0.0,0.0,22.290050266666668,20.111283866666664,0.0,0,0.0,1.0,141,0.6564105761979381,-0.7544038410927472,0,0.0,22.290050266666668,20.111283866666664,0.0,1.0185771213066668,28.7,0.0,0.0,0.0,0.0,0.0,0.0,0.0,7.239583333333333e-05
2020-05-20 01:00:00,0.0,0.0,0.0,22.16118344404762,19.887477813095238,0.0,1,0.25881904510252074,0.9659258262890683,141,0.6564105761979381,-0.7544038410927472,0,0.0,22.16118344404762,19.887477813095238,0.0,1.019427584310238,28.7,0.0,0.0,0.0,0.0,0.0,0.0,0.0,0.0
2020-05-20 02:00:00,0.0,0.0,0.0,22.01137848333333,19.463808066666665,0.0,2,0.49999999999999994,0.8660254037844387,141,0.6564105761979381,-0.7544038410927472,0,0.0,22.01137848333333,19.463808066666665,0.0,1.0210375293466667,28.7,0.0,0.0,0.0,0.0,0.0,0.0,0.0,0.0
2020-05-20 03:00:00,0.0,0.0,0.0,22.012319247619047,19.452436186904762,0.0,3,0.7071067811865475,0.7071067811865476,141,0.6564105761979381,-0.7544038410927472,0,0.0,22.012319247619047,19.452436186904762,0.0,1.0210807424897619,28.7,0.0,0.0,0.0,0.0,0.0,0.0,0.0,0.0
2020-05-20 04:00:00,0.0,0.0,0.0,22.122256033333333,19.4709178,0.0,4,0.8660254037844386,0.5000000000000001,141,0.6564105761979381,-0.7544038410927472,0,0.0,22.122256033333333,19.4709178,0.0,1.02101051236,28.7,0.0,0.0,0.0,0.0,0.0,0.0,0.0,0.0
2020-05-20 05:00:00,0.0,0.0,0.0,21.846556798809523,18.907921072619047,3.684209000000001e-06,5,0.9659258262890683,0.25881904510252074,141,0.6564105761979381,-0.7544038410927472,0,0.0036842090000000012,21.846556798809523,18.907921072619047,0.0,1.0231498999240476,28.7,0.0,0.0,0.0,0.0,0.0,0.0,0.0,0.0
2020-05-20 06:00:00,1.1771825893015,12.141892857127502,889.55357143,21.80262003333333,19.76662095,0.04088675475666662,6,1.0,6.123233995736766e-17,141,0.6564105761979381,-0.7544038410927472,0,40.886754756666626,21.80262003333333,19.76662095,0.0,1.01988684039,28.7,0.041016814958240416,0.0,0.0,0.0,0.53088125000625,0.0,0.0,0.0
2020-05-20 07:00:00,6.4027839286,65.24107589350001,6317.3928573,23.19777535714286,25.184995134523813,0.23003979838095234,7,0.9659258262890683,-0.25881904510252063,141,0.6564105761979381,-0.7544038410927472,0,230.03979838095233,23.19777535714286,25.184995134523813,11.1,0.9992970184888095,28.7,0.2230935166759582,1.1771825893015,0.0,0.0,5.957144196475,0.3923941964338357,0.6796466848185617,0.19619709821691667
2020-05-20 08:00:00,13.415479464375,136.93258928625,18960.6785715,25.34270525,36.64516196666667,0.45933566699999995,8,0.8660254037844387,-0.49999999999999983,141,0.6564105761979381,-0.7544038410927472,0,459.33566699999994,25.34270525,36.64516196666667,8.1,0.9557483845266667,28.7,0.46743830886324045,6.4027839286,1.1771825893015,0.0,6.887954910725,2.526655505967169,3.4080373198800533,1.2633277529835834
2020-05-20 09:00:00,18.59589732145,190.05318750025,36824.285713,27.10947146904762,44.00745019523809,0.6307187538452381,9,0.7071067811865476,-0.7071067811865475,141,0.6564105761979381,-0.7544038410927472,0,630.7187538452381,27.10947146904762,44.00745019523809,10.8,0.9277716892580953,28.7,0.6479406732212544,13.415479464375,6.4027839286,1.1771825893015,14.587594642825,6.998481994092169,6.1408565965614095,3.4992409970460834
2020-05-20 10:00:00,23.186894196525,237.27335714,59680.892858,28.52478485,50.13947648333333,0.7963303183333332,10,0.49999999999999994,-0.8660254037844387,141,0.6564105761979381,-0.7544038410927472,0,796.3303183333333,28.52478485,50.13947648333333,8.0,0.9044699893633333,28.7,0.8079057211332753,18.59589732145,13.415479464375,6.4027839286,15.944082589275,12.80472023814167,6.119458609799266,6.598557217287751
2020-05-20 11:00:00,25.94605267875,266.0042232125,85381.25,29.782175633333335,54.193612216666665,0.9001110031666666,11,0.258819045102521,-0.9659258262890682,141,0.6564105761979381,-0.7544038410927472,0,900.1110031666666,29.782175633333335,54.193612216666665,6.8,0.8890642735766667,28.7,0.9040436473432056,23.186894196525,18.59589732145,13.415479464375,15.517661706166665,18.399423660783338,4.888669337500884,10.46303958337525
2020-05-20 12:00:00,27.3258986605,280.23762946249997,112424.660714,31.023028686904762,58.387927010714286,0.9690397647261905,12,1.2246467991473532e-16,-1.0,141,0.6564105761979381,-0.7544038410927472,0,969.0397647261905,31.023028686904762,58.387927010714286,3.1,0.8731258773592857,28.7,0.9521219045470383,25.94605267875,23.186894196525,18.59589732145,22.905258333299997,22.576281398908336,3.712927677126423,14.78738169650025
2020-05-20 13:00:00,25.460979226,261.00775118,124459.433332,31.459438442424243,56.55488405757576,0.9001322504545453,13,-0.2588190451025208,-0.9659258262890683,141,0.6564105761979381,-0.7544038410927472,0,900.1322504545452,31.459438442424243,56.55488405757576,6.8,0.8800914405812121,28.7,0.8871421333101045,27.3258986605,25.94605267875,23.186894196525,18.939955803625,25.486281845258333,2.107458517432424,19.1455010417
2020-05-20 14:00:00,20.010861428425,205.103429456375,124459.433332,31.459438442424243,56.55488405757576,0.7061112686325757,14,-0.4999999999999998,-0.8660254037844388,141,0.6564105761979381,-0.7544038410927472,0,706.1112686325757,31.459438442424243,56.55488405757576,18.5,0.8800914405812121,28.7,0.6972425584817072,25.460979226,27.3258986605,25.94605267875,20.65158035695,26.244310188416666,0.9675739149276306,22.321866924600002
2020-05-20 15:00:00,14.56074363085,149.19910773275,124459.433332,31.459438442424243,56.55488405757576,0.512090286810606,15,-0.7071067811865471,-0.7071067811865479,141,0.6564105761979381,-0.7544038410927472,0,512.090286810606,31.459438442424243,56.55488405757576,27.6,0.8800914405812121,28.7,0.5073429836533101,20.010861428425,25.460979226,27.3258986605,13.67359910715,24.265913104975002,3.8011287405029024,23.421097251941664
2020-05-20 16:00:00,9.110625833275002,93.294786009125,124459.433332,31.459438442424243,56.55488405757576,0.31806930498863634,16,-0.8660254037844384,-0.5000000000000004,141,0.6564105761979381,-0.7544038410927472,0,318.06930498863636,31.459438442424243,56.55488405757576,36.4,0.8800914405812121,28.7,0.31744340882491295,14.56074363085,20.010861428425,25.460979226,10.035907142875,20.010861428425002,5.4501177975749995,22.748571636841664
2020-05-20 17:00:00,3.6605080357,37.3904642855,192708.214285,29.150322616666664,31.4666188,0.12404832316666665,17,-0.9659258262890683,-0.25881904510252063,141,0.6564105761979381,-0.7544038410927472,0,124.04832316666665,29.150322616666664,31.4666188,52.1,0.97542684856,28.7,0.12754383399651567,9.110625833275002,14.56074363085,20.010861428425,2.7626129464225,14.560743630850004,5.450117797574999,20.402526909633334
2020-05-20 18:00:00,0.6602093750015,6.8133794642525,193770.0,27.77857989642857,26.925524027380952,0.022829525131273766,18,-1.0,-1.8369701987210297e-16,141,0.6564105761979381,-0.7544038410927472,0,22.829525131273765,27.77857989642857,26.925524027380952,0.0,0.9926830086959524,28.7,0.023003810975662023,3.6605080357,9.110625833275002,14.56074363085,0.000434375,9.110625833275003,5.4501177975749995,16.688269469125
2020-05-20 19:00:00,0.0,0.0,193770.0,26.233910533333333,23.549506649999998,0.0,19,-0.9659258262890684,0.2588190451025203,141,0.6564105761979381,-0.7544038410927472,0,0.0,26.233910533333333,23.549506649999998,0.0,1.00551187473,28.7,0.0,0.6602093750015,3.6605080357,9.110625833275002,0.0,4.477114414658836,4.283984017615157,12.243987921541915
2020-05-20 20:00:00,0.0,0.0,193770.0,25.39488881666667,22.467924566666667,0.0,20,-0.8660254037844386,0.5000000000000001,141,0.6564105761979381,-0.7544038410927472,0,0.0,25.39488881666667,22.467924566666667,0.0,1.0096218866466666,28.7,0.0,0.0,0.6602093750015,3.6605080357,0.0,1.4402391369005023,1.9509394126784674,8.000491383875252
2020-05-20 21:00:00,0.0,0.0,193770.0,24.73416100119048,21.87433841547619,0.0,21,-0.7071067811865477,0.7071067811865474,141,0.6564105761979381,-0.7544038410927472,0,0.0,24.73416100119048,21.87433841547619,0.0,1.0118775140211904,28.7,0.0,0.0,0.0,0.6602093750015,0.0,0.22006979166716903,0.38117206037859674,4.665347812471084
2020-05-20 22:00:00,0.0,0.0,193770.0,24.19025290595238,21.44324423333333,0.0,22,-0.5000000000000004,0.8660254037844384,141,0.6564105761979381,-0.7544038410927472,0,0.0,24.19025290595238,21.44324423333333,0.0,1.0135156719133334,28.7,0.0,0.0,0.0,0.0,0.0,0.0,0.0,2.238557207329417
2020-05-20 23:00:00,0.0,0.0,193770.0,23.672662023809526,20.751375566666667,0.0,23,-0.25881904510252157,0.9659258262890681,141,0.6564105761979381,-0.7544038410927472,0,0.0,23.672662023809526,20.751375566666667,0.0,1.0161447728466666,28.7,0.0,0.0,0.0,0.0,0.0,0.0,0.0,0.7201195684502499
2020-05-21 00:00:00,0.0,0.0,193770.0,23.31028097777778,20.33147522222222,0.0,0,0.0,1.0,142,0.6433365204044917,-0.765583517007675,0,0.0,23.31028097777778,20.33147522222222,0.0,1.0177403941555556,28.7,0.0,0.0,0.0,0.0,0.0,0.0,0.0,0.11003489583358333
2020-05-21 01:00:00,0.0,0.0,193770.0,23.31028097777778,20.33147522222222,0.0,1,0.25881904510252074,0.9659258262890683,142,0.6433365204044917,-0.765583517007675,0,0.0,23.31028097777778,20.33147522222222,0.0,1.0177403941555556,28.7,0.0,0.0,0.0,0.0,0.0,0.0,0.0,0.0
2020-05-21 02:00:00,0.0,0.0,193770.0,23.31028097777778,20.33147522222222,0.0,2,0.49999999999999994,0.8660254037844387,142,0.6433365204044917,-0.765583517007675,0,0.0,23.31028097777778,20.33147522222222,0.0,1.0177403941555556,28.7,0.0,0.0,0.0,0.0,0.0,0.0,0.0,0.0
2020-05-21 03:00:00,0.0,0.0,193770.0,23.31028097777778,20.33147522222222,0.0,3,0.7071067811865475,0.7071067811865476,142,0.6433365204044917,-0.765583517007675,0,0.0,23.31028097777778,20.33147522222222,0.0,1.0177403941555556,28.7,0.0,0.0,0.0,0.0,0.0,0.0,0.0,0.0
2020-05-21 04:00:00,0.0,0.0,193770.0,23.31028097777778,20.33147522222222,0.0,4,0.8660254037844386,0.5000000000000001,142,0.6433365204044917,-0.765583517007675,0,0.0,23.31028097777778,20.33147522222222,0.0,1.0177403941555556,28.7,0.0,0.0,0.0,0.0,0.0,0.0,0.0,0.0
2020-05-21 05:00:00,2.4983,25.43261666666667,193770.0,23.31028097777778,20.33147522222222,0.10746534969696969,5,0.9659258262890683,0.25881904510252074,142,0.6433365204044917,-0.765583517007675,0,107.4653496969697,23.31028097777778,20.33147522222222,0.0,1.0177403941555556,28.7,0.08704878048780487,0.0,0.0,0.0,0.0,0.0,0.0,0.0
2020-05-21 06:00:00,4.9966,50.86523333333334,193770.0,23.31028097777778,20.33147522222222,0.21493069939393938,6,1.0,6.123233995736766e-17,142,0.6433365204044917,-0.765583517007675,0,214.9306993939394,23.31028097777778,20.33147522222222,0.0,1.0177403941555556,28.7,0.17409756097560974,2.4983,0.0,0.0,1.1771825893015,0.832766666666669,1.442394177516442,0.4163833333333333
2020-05-21 07:00:00,7.4948999999999995,76.29785000000001,6938.85,23.530553636363635,30.40324263636364,0.3223960490909091,7,0.9659258262890683,-0.25881904510252063,142,0.6433365204044917,-0.765583517007675,0,322.39604909090906,23.530553636363635,30.40324263636364,0.0,0.9794676779818182,28.7,0.26114634146341464,4.9966,2.4983,0.0,6.4027839286,2.498300000000002,2.4983,1.24915
2020-05-21 08:00:00,12.920261517924999,131.87982886875,17682.5654762,24.739467366666666,37.702160066666664,0.44325642666666665,8,0.8660254037844387,-0.49999999999999983,142,0.6433365204044917,-0.765583517007675,0,443.25642666666664,24.739467366666666,37.702160066666664,11.3,0.9517317917466667,28.7,0.45018332815069684,7.4948999999999995,4.9966,2.4983,13.415479464375,4.996600000000002,2.4982999999999995,2.4983
2020-05-21 09:00:00,19.776097767825,202.1965133915,36693.250001,27.047764673809525,48.87091055357143,0.7028915417023809,9,0.7071067811865476,-0.7071067811865475,142,0.6433365204044917,-0.765583517007675,0,702.8915417023809,27.047764673809525,48.87091055357143,0.6,0.9092905398964286,28.7,0.6890626399939025,12.920261517924999,7.4948999999999995,4.9966,18.59589732145,8.470587172641668,4.050935331106199,4.651676919654166
2020-05-21 10:00:00,17.933296249625,183.5555806545,54010.160713,28.462232999999998,50.964982083333325,0.6937580926666667,10,0.49999999999999994,-0.8660254037844387,142,0.6433365204044917,-0.765583517007675,0,693.7580926666667,28.462232999999998,50.964982083333325,19.9,0.9013330680833334,28.7,0.6248535278614982,19.776097767825,12.920261517924999,7.4948999999999995,23.186894196525,13.397086428583336,6.1544679826672,7.947693214291665
2020-05-21 11:00:00,25.49774330315,261.345745528,79114.767857,29.85705540714286,57.81069410833334,0.9209442712142858,11,0.258819045102521,-0.9659258262890682,142,0.6433365204044917,-0.765583517007675,0,920.9442712142858,29.85705540714286,57.81069410833334,4.7,0.8753193623883333,28.7,0.8884231116080139,17.933296249625,19.776097767825,12.920261517924999,25.94605267875,16.876551845125004,3.5479788927912526,10.936575922562499
2020-05-21 12:00:00,21.382785714625,218.951116072,101180.232143,30.723835833333332,54.708423483333334,0.776878259,12,1.2246467991473532e-16,-1.0,142,0.6433365204044917,-0.765583517007675,0,776.878259,30.723835833333332,54.708423483333334,22.3,0.8871079907633334,28.7,0.7450447984189896,25.49774330315,17.933296249625,19.776097767825,27.3258986605,21.069045773533336,3.9444899182903983,14.7698164730875
2020-05-21 13:00:00,23.83503464285,244.251835417,124927.535714,31.539038739285715,55.88179280119048,0.8500099465595238,13,-0.2588190451025208,-0.9659258262890683,142,0.6433365204044917,-0.765583517007675,0,850.0099465595238,31.539038739285715,55.88179280119048,12.0,0.8826491873554762,28.7,0.8304890119459931,21.382785714625,25.49774330315,17.933296249625,25.460979226,21.60460842246667,3.7870989941750115,17.500847425525
2020-05-21 14:00:00,18.06786830385,184.8639776805,143537.30357,31.86687515,50.3283804,0.6115290695,14,-0.4999999999999998,-0.8660254037844388,142,0.6433365204044917,-0.765583517007675,0,611.5290695,31.86687515,50.3283804,29.4,0.90375215448,28.7,0.6295424496114982,23.83503464285,21.382785714625,25.49774330315,20.010861428425,23.57185455354167,2.070064445469293,20.22420319933333
2020-05-21 15:00:00,15.037573958425,153.59561458225,159531.357142,32.12127010714286,47.7096035654762,0.5086676949523808,15,-0.7071067811865471,-0.7071067811865479,142,0.6433365204044917,-0.765583517007675,0,508.6676949523808,32.12127010714286,47.7096035654762,28.1,0.9137035064511905,28.7,0.523957280781359,18.06786830385,23.83503464285,21.382785714625,14.56074363085,21.095229553775003,2.8943165522547334,21.082137663654166
2020-05-21 16:00:00,7.6337669642999995,77.72941964175,167996.875,30.945326766666668,37.849356533333335,0.2450269709,16,-0.8660254037844384,-0.5000000000000004,142,0.6433365204044917,-0.765583517007675,0,245.0269709,30.945326766666668,37.849356533333335,51.0,0.9511724451733333,28.7,0.26598491164808363,15.037573958425,18.06786830385,23.83503464285,9.110625833275002,18.980158968375004,4.4691200829621325,20.292383695420835
2020-05-21 17:00:00,1.5197816964325,15.67265178565,169961.749998,29.283677583333333,29.507903570238096,0.04725485009166665,17,-0.9659258262890683,-0.25881904510252063,142,0.6433365204044917,-0.765583517007675,0,47.25485009166665,29.283677583333333,29.507903570238096,81.7,0.9828699664330952,28.7,0.05295406607778746,7.6337669642999995,15.037573958425,18.06786830385,3.6605080357,13.579736408858333,5.3676424463347585,18.5757954812
2020-05-21 18:00:00,0.20767723214,2.150290178575,108152.0,27.549890116666667,26.0536448,0.0082264502778333,18,-1.0,-1.8369701987210297e-16,142,0.6433365204044917,-0.765583517007675,0,8.2264502778333,27.549890116666667,26.0536448,0.0,0.99599614976,28.7,0.007236140492682927,1.5197816964325,7.6337669642999995,15.037573958425,0.6602093750015,8.06370753971917,6.769144228289849,14.579468546747082
2020-05-21 19:00:00,0.0,0.0,108152.0,26.27356197619048,24.026944217857142,0.0,19,-0.9659258262890684,0.2588190451025203,142,0.6433365204044917,-0.765583517007675,0,0.0,26.27356197619048,24.026944217857142,0.0,1.0036976119721428,28.7,0.0,0.20767723214,1.5197816964325,7.6337669642999995,0.0,3.120408630957502,3.963358060429069,11.050283799666248
2020-05-21 20:00:00,0.0,0.0,108152.0,25.228687,22.96982275,0.0,20,-0.8660254037844386,0.5000000000000001,142,0.6433365204044917,-0.765583517007675,0,0.0,25.228687,22.96982275,0.0,1.00771467355,28.7,0.0,0.0,0.20767723214,1.5197816964325,0.0,0.5758196428575023,0.8240635455650984,7.077778025857916
2020-05-21 21:00:00,0.0,0.0,108152.0,24.48379905595238,22.15934292142857,0.0,21,-0.7071067811865477,0.7071067811865474,142,0.6433365204044917,-0.765583517007675,0,0.0,24.48379905595238,22.15934292142857,0.0,1.0107944968985714,28.7,0.0,0.0,0.0,0.20767723214,0.0,0.06922574404666904,0.11990250587990614,4.066466641882917
2020-05-21 22:00:00,0.0,0.0,108152.0,24.138509666666668,21.587924216666664,0.0,22,-0.5000000000000004,0.8660254037844384,142,0.6433365204044917,-0.765583517007675,0,0.0,24.138509666666668,21.587924216666664,0.0,1.0129658879766668,28.7,0.0,0.0,0.0,0.0,0.0,0.0,0.0,1.5602043154787497
2020-05-21 23:00:00,0.0,0.0,95004.142857,23.91243719404762,21.195494763095237,0.0,23,-0.25881904510252157,0.9659258262890681,142,0.6433365204044917,-0.765583517007675,0,0.0,23.91243719404762,21.195494763095237,0.0,1.0144571199002381,28.7,0.0,0.0,0.0,0.0,0.0,0.0,0.0,0.28790982142875
2020-05-22 00:00:00,0.0,0.0,0.0,23.628294349999997,21.216041533333332,0.0,0,0.0,1.0,143,0.6300720909843687,-0.7765366444428655,0,0.0,23.628294349999997,21.216041533333332,0.0,1.0143790421733334,28.7,0.0,0.0,0.0,0.0,0.0,0.0,0.0,0.03461287202333333
2020-05-22 01:00:00,0.0,0.0,0.0,23.507252583333333,22.09961771190476,0.0,1,0.25881904510252074,0.9659258262890683,143,0.6300720909843687,-0.7765366444428655,0,0.0,23.507252583333333,22.09961771190476,0.0,1.0110214526947618,28.7,0.0,0.0,0.0,0.0,0.0,0.0,0.0,0.0
2020-05-22 02:00:00,0.0,0.0,0.0,23.429351598809525,22.314399926190475,0.0,2,0.49999999999999994,0.8660254037844387,143,0.6300720909843687,-0.7765366444428655,0,0.0,23.429351598809525,22.314399926190475,0.0,1.0102052802804762,28.7,0.0,0.0,0.0,0.0,0.0,0.0,0.0,0.0
2020-05-22 03:00:00,0.0,0.0,0.0,23.117065416666666,21.4549265,0.0,3,0.7071067811865475,0.7071067811865476,143,0.6300720909843687,-0.7765366444428655,0,0.0,23.117065416666666,21.4549265,0.0,1.0134712793,28.7,0.0,0.0,0.0,0.0,0.0,0.0,0.0,0.0
2020-05-22 04:00:00,0.0,0.0,0.0,22.972063497619047,21.38420957857143,0.0,4,0.8660254037844386,0.5000000000000001,143,0.6300720909843687,-0.7765366444428655,0,0.0,22.972063497619047,21.38420957857143,0.0,1.0137400036014286,28.7,0.0,0.0,0.0,0.0,0.0,0.0,0.0,0.0
2020-05-22 05:00:00,0.0,0.0,0.0,22.8479095,21.399191316666666,0.000266826762333325,5,0.9659258262890683,0.25881904510252074,143,0.6300720909843687,-0.7765366444428655,0,0.26682676233332503,22.8479095,21.399191316666666,0.0,1.0136830729966666,28.7,0.0,0.0,0.0,0.0,2.4983,0.0,0.0,0.0
2020-05-22 06:00:00,1.5344258928975,15.809584821225,1185.37499999,23.095605360714284,22.636385639285713,0.05194381590547615,6,1.0,6.123233995736766e-17,143,0.6300720909843687,-0.7765366444428655,0,51.94381590547615,23.095605360714284,22.636385639285713,0.0,1.0089817345707144,28.7,0.05346431682569687,0.0,0.0,0.0,4.9966,0.0,0.0,0.0
2020-05-22 07:00:00,7.57401517855,77.194209822,7907.5178572,24.11722005,29.693450783333333,0.27283301596666665,7,0.9659258262890683,-0.25881904510252063,143,0.6300720909843687,-0.7765366444428655,0,272.83301596666666,24.11722005,29.693450783333333,0.0,0.9821648870233334,28.7,0.26390296789372825,1.5344258928975,0.0,0.0,7.4948999999999995,0.5114752976325024,0.8859012023159036,0.25573764881625
2020-05-22 08:00:00,8.7457433035,89.15994970225,16730.875,25.20296444761905,34.49204114404762,0.30174501195238096,8,0.8660254037844387,-0.49999999999999983,143,0.6300720909843687,-0.7765366444428655,0,301.74501195238093,25.20296444761905,34.49204114404762,39.7,0.963930243652619,28.7,0.30472973182926827,7.57401517855,1.5344258928975,0.0,12.920261517924999,3.0361470238158357,4.004098056680359,1.5180735119079165
2020-05-22 09:00:00,12.165643125025,124.12829732175001,28433.660714999998,26.6157024,38.09819853333333,0.3933977091666666,9,0.7071067811865476,-0.7071067811865475,143,0.6300720909843687,-0.7765366444428655,0,393.39770916666663,26.6157024,38.09819853333333,44.4,0.9502268455733334,28.7,0.4238900043562718,8.7457433035,7.57401517855,1.5344258928975,19.776097767825,5.951394791649169,3.8698123196227927,2.9756973958245836
2020-05-22 10:00:00,16.376926339225,167.47347321175,43523.214285,27.921672322619045,43.117950545238095,0.5765076142380952,10,0.49999999999999994,-0.8660254037844387,143,0.6300720909843687,-0.7765366444428655,0,576.5076142380951,27.921672322619045,43.117950545238095,33.4,0.9311517879280953,28.7,0.5706246111228224,12.165643125025,8.7457433035,7.57401517855,17.933296249625,9.495133869025002,2.3857811015443042,5.00330458332875
2020-05-22 11:00:00,22.024643392374998,225.59553601000002,64758.017857,29.524861666666666,51.96473235,0.8021581256666666,11,0.258819045102521,-0.9659258262890682,143,0.6300720909843687,-0.7765366444428655,0,802.1581256666666,29.524861666666666,51.96473235,17.0,0.89753401707,28.7,0.767409177434669,16.376926339225,12.165643125025,8.7457433035,25.49774330315,12.429437589250002,3.8224245277966005,7.732792306532917
2020-05-22 12:00:00,23.474306250125,240.477205358,88505.214285,30.977001095238094,57.60786207380953,0.8808289983690476,12,1.2246467991473532e-16,-1.0,143,0.6300720909843687,-0.7765366444428655,0,880.8289983690476,30.977001095238094,57.60786207380953,11.9,0.8760901241195238,28.7,0.817920078401568,22.024643392374998,16.376926339225,12.165643125025,21.382785714625,16.855737618875,4.9469098181634426,11.403566205262083
2020-05-22 13:00:00,22.48500074445,230.03328423325001,111801.535714,31.67726688333333,56.1729512,0.787116728,13,-0.2588190451025208,-0.9659258262890683,143,0.6300720909843687,-0.7765366444428655,0,787.116728,31.67726688333333,56.1729512,18.5,0.88154278544,28.7,0.7834495032909409,23.474306250125,22.024643392374998,16.376926339225,23.83503464285,20.625291993908334,3.7499118192571728,15.060212931466666
2020-05-22 14:00:00,21.292280356625,217.94715625175,132593.517856,32.286646835714286,54.683532088095234,0.7392159658571429,14,-0.4999999999999998,-0.8660254037844388,143,0.6300720909843687,-0.7765366444428655,0,739.2159658571429,32.286646835714286,54.683532088095234,14.6,0.8872025780652382,28.7,0.7418913016245645,22.48500074445,23.474306250125,22.024643392374998,18.06786830385,22.66131679565,0.7407402464548558,17.54537719245
2020-05-22 15:00:00,13.405663392925,136.86218749975,147709.42857,32.47474150833334,48.41206835119048,0.4652432358452381,15,-0.7071067811865471,-0.7071067811865479,143,0.6300720909843687,-0.7765366444428655,0,465.2432358452381,32.47474150833334,48.41206835119048,34.2,0.9110341402654762,28.7,0.46709628546777004,21.292280356625,22.48500074445,23.474306250125,15.037573958425,22.417195783733337,1.0925920485247078,19.63646670130417
2020-05-22 16:00:00,5.463324553625,55.6705714295,153765.80357,30.537190799999998,36.172486766666665,0.17767499149999993,16,-0.8660254037844384,-0.5000000000000004,143,0.6300720909843687,-0.7765366444428655,0,177.67499149999995,30.537190799999998,36.172486766666665,64.5,0.9575445502866666,28.7,0.1903597405444251,13.405663392925,21.292280356625,22.48500074445,7.6337669642999995,19.060981498000004,4.933823328117371,19.84313674595417
2020-05-22 17:00:00,2.206550000045,22.65546875015,156358.517857,29.199906978571427,30.77111201904762,0.0724919405928571,17,-0.9659258262890683,-0.25881904510252063,143,0.6300720909843687,-0.7765366444428655,0,72.4919405928571,29.199906978571427,30.77111201904762,72.0,0.978069774327619,28.7,0.07688327526289199,5.463324553625,13.405663392925,21.292280356625,1.5197816964325,13.387089434391669,7.914494247725724,18.024203115020835
2020-05-22 18:00:00,0.20900446428824998,2.1642008928725,71595.0,28.147688216666666,27.059440116666668,0.008356646485766625,18,-1.0,-1.8369701987210297e-16,143,0.6300720909843687,-0.7765366444428655,0,8.356646485766625,28.147688216666666,27.059440116666668,0.0,0.9921741275566667,28.7,0.007282385515270035,2.206550000045,5.463324553625,13.405663392925,0.20767723214,7.025179315531669,5.760605690343162,14.721187549632502
2020-05-22 19:00:00,0.0,0.0,71595.0,27.256123366666664,25.642492216666668,0.0,19,-0.9659258262890684,0.2588190451025203,143,0.6300720909843687,-0.7765366444428655,0,0.0,27.256123366666664,25.642492216666668,0.0,0.9975585295766667,28.7,0.0,0.20900446428824998,2.206550000045,5.463324553625,0.0,2.626293005986086,2.6521892925617885,10.843637251993043
2020-05-22 20:00:00,0.0,0.0,71595.0,26.699791504761905,24.999675064285714,0.0,20,-0.8660254037844386,0.5000000000000001,143,0.6300720909843687,-0.7765366444428655,0,0.0,26.699791504761905,24.999675064285714,0.0,1.0000012347557143,28.7,0.0,0.0,0.20900446428824998,2.206550000045,0.0,0.8051848214444189,1.2181087756719116,7.096137127918041
2020-05-22 21:00:00,0.0,0.0,71595.0,26.03650515,25.042627433333337,0.0,21,-0.7071067811865477,0.7071067811865474,143,0.6300720909843687,-0.7765366444428655,0,0.0,26.03650515,25.042627433333337,0.0,0.9998380157533333,28.7,0.0,0.0,0.0,0.20900446428824998,0.0,0.06966815476275236,0.12066878371924261,3.5474237351472087
2020-05-22 22:00:00,0.0,0.0,71595.0,23.57489425357143,22.621067716666666,0.0,22,-0.5000000000000004,0.8660254037844384,143,0.6300720909843687,-0.7765366444428655,0,0.0,23.57489425357143,22.621067716666666,0.0,1.0090399426766667,28.7,0.0,0.0,0.0,0.0,0.0,0.0,3.775337430945623e-07,1.3131465029930418
2020-05-22 23:00:00,0.0,0.0,68697.857143,21.79315135,20.4367803,0.0,23,-0.25881904510252157,0.9659258262890681,143,0.6300720909843687,-0.7765366444428655,0,0.0,21.79315135,20.4367803,0.0,1.01734023486,28.7,0.0,0.0,0.0,0.0,0.0,0.0,3.775337430945623e-07,0.4025924107222083
2020-05-23 00:00:00,0.0,0.0,0.0,21.655995233333336,20.53416766904762,0.0,0,0.0,1.0,144,0.6166212130956382,-0.7872599821916922,1,0.0,21.655995233333336,20.53416766904762,0.0,1.016970162857619,28.7,0.0,0.0,0.0,0.0,0.0,0.0,3.775337430945623e-07,0.034834077381375
2020-05-23 01:00:00,0.0,0.0,0.0,21.533191416666668,20.373434383333333,0.0,1,0.25881904510252074,0.9659258262890683,144,0.6166212130956382,-0.7872599821916922,1,0.0,21.533191416666668,20.373434383333333,0.0,1.0175809493433334,28.7,0.0,0.0,0.0,0.0,0.0,0.0,3.775337430945623e-07,0.0
2020-05-23 02:00:00,0.0,0.0,0.0,21.813507476190477,20.54169314047619,0.0,2,0.49999999999999994,0.8660254037844387,144,0.6166212130956382,-0.7872599821916922,1,0.0,21.813507476190477,20.54169314047619,0.0,1.0169415660661905,28.7,0.0,0.0,0.0,0.0,0.0,0.0,3.775337430945623e-07,0.0
2020-05-23 03:00:00,0.0,0.0,0.0,21.943901016666665,20.74042658333333,0.0,3,0.7071067811865475,0.7071067811865476,144,0.6166212130956382,-0.7872599821916922,1,0.0,21.943901016666665,20.74042658333333,0.0,1.0161863789833334,28.7,0.0,0.0,0.0,0.0,0.0,0.0,3.775337430945623e-07,0.0
2020-05-23 04:00:00,0.0,0.0,0.0,22.073265483333333,21.11820960952381,0.0,4,0.8660254037844386,0.5000000000000001,144,0.6166212130956382,-0.7872599821916922,1,0.0,22.073265483333333,21.11820960952381,0.0,1.0147508034838095,28.7,0.0,0.0,0.0,0.0,0.0,0.0,3.775337430945623e-07,0.0
2020-05-23 05:00:00,0.0,0.0,0.0,21.91005536666667,21.003902133333334,0.0,5,0.9659258262890683,0.25881904510252074,144,0.6166212130956382,-0.7872599821916922,1,0.0,21.91005536666667,21.003902133333334,0.0,1.0151851718933333,28.7,0.0,0.0,0.0,0.0,0.0,0.0,3.775337430945623e-07,0.0
2020-05-23 06:00:00,1.41949333332,14.6557000001,562.16666667,22.344629916666666,22.08666241666667,0.0454442841666666,6,1.0,6.123233995736766e-17,144,0.6166212130956382,-0.7872599821916922,1,45.4442841666666,22.344629916666666,22.08666241666667,0.0,1.0110706828166667,28.7,0.04945969802508711,0.0,0.0,0.0,1.5344258928975,0.0,3.775337430945623e-07,0.0
2020-05-23 07:00:00,5.404625446524999,55.09312946497501,5058.75,22.96647359642857,26.694234520238098,0.17861670604285715,7,0.9659258262890683,-0.25881904510252063,144,0.6166212130956382,-0.7872599821916922,1,178.61670604285715,22.96647359642857,26.694234520238098,31.0,0.9935619088230953,28.7,0.18831447548867594,1.41949333332,0.0,0.0,7.57401517855,0.47316444444000233,0.8195448581052655,0.23658222222
2020-05-23 08:00:00,14.317512500025,146.1729910715,18317.5892854,25.194889933333336,39.68144375,0.49443552649999994,8,0.8660254037844387,-0.49999999999999983,144,0.6166212130956382,-0.7872599821916922,1,494.4355264999999,25.194889933333336,39.68144375,1.1,0.94421051375,28.7,0.4988680313597561,5.404625446524999,1.41949333332,0.0,8.7457433035,2.2747062599483354,2.8019700063902646,1.1373531299741666
2020-05-23 09:00:00,18.47421607135,188.84516071225,36123.285715,27.368390041666668,46.074149996428574,0.6512008897500001,9,0.7071067811865476,-0.7071067811865475,144,0.6166212130956382,-0.7872599821916922,1,651.2008897500001,27.368390041666668,46.074149996428574,7.9,0.9199182300135714,28.7,0.6437009084094076,14.317512500025,5.404625446524999,1.41949333332,12.165643125025,7.047210426623335,6.604035786457093,3.5236052133116664
2020-05-23 10:00:00,19.569261160825,200.17494642825,55557.732141,28.205914766666666,48.53599695,0.6851064511666667,10,0.49999999999999994,-0.8660254037844387,144,0.6166212130956382,-0.7872599821916922,1,685.1064511666667,28.205914766666666,48.53599695,20.9,0.91056321159,28.7,0.681855789575784,18.47421607135,14.317512500025,5.404625446524999,16.376926339225,12.732118005966669,6.67747381510937,6.602641225203333
2020-05-23 11:00:00,26.037875892625,266.94608481425,80949.928571,29.71130791547619,57.357519714285715,0.9394699098928572,11,0.258819045102521,-0.9659258262890682,144,0.6166212130956382,-0.7872599821916922,1,939.4699098928571,29.71130791547619,57.357519714285715,2.7,0.8770414250857143,28.7,0.9072430624608014,19.569261160825,18.47421607135,14.317512500025,22.024643392374998,17.453663244066668,2.770624849020645,9.8641847520075
2020-05-23 12:00:00,25.1218383922,257.41716518275,107114.714286,31.02895253333333,61.49207671666666,0.9243867435,12,1.2246467991473532e-16,-1.0,144,0.6166212130956382,-0.7872599821916922,1,924.3867435000001,31.02895253333333,61.49207671666666,7.6,0.8613301084766667,28.7,0.8753253795191638,26.037875892625,19.569261160825,18.47421607135,23.474306250125,21.3604510416,4.08760423288942,14.203830734111667
2020-05-23 13:00:00,25.2081526785,258.33661161500004,131243.410715,32.14111893333333,58.82610426666667,0.9026499993333333,13,-0.2588190451025208,-0.9659258262890683,144,0.6166212130956382,-0.7872599821916922,1,902.6499993333333,32.14111893333333,58.82610426666667,6.6,0.8714608037866667,28.7,0.8783328459407665,25.1218383922,26.037875892625,19.569261160825,22.48500074445,23.57632514855,3.5003146325492147,18.15422157725833
2020-05-23 14:00:00,17.79386473235,181.87462946124998,150582.642856,32.77395768095238,53.2906561797619,0.6069630438690476,14,-0.4999999999999998,-0.8660254037844388,144,0.6166212130956382,-0.7872599821916922,1,606.9630438690476,32.77395768095238,53.2906561797619,29.9,0.8924955065169048,28.7,0.6199952868414634,25.2081526785,25.1218383922,26.037875892625,21.292280356625,25.45595565444167,0.5058022456557176,21.454809449254167
2020-05-23 15:00:00,16.103974107124998,164.504035714,166652.285713,32.92367098333334,47.997737599999994,0.5139724243333333,15,-0.7071067811865471,-0.7071067811865479,144,0.6166212130956382,-0.7872599821916922,1,513.9724243333334,32.92367098333334,47.997737599999994,27.3,0.91260859712,28.7,0.5611140803876306,17.79386473235,25.2081526785,25.1218383922,13.405663392925,22.707951934350003,4.255943175213928,22.034201487975
2020-05-23 16:00:00,11.821058482225,120.57947321424999,179376.249999,32.53408778452381,45.21551344523809,0.4057750891666666,16,-0.8660254037844384,-0.5000000000000004,144,0.6166212130956382,-0.7872599821916922,1,405.7750891666666,32.53408778452381,45.21551344523809,18.8,0.9231810489080953,28.7,0.4118835708092335,16.103974107124998,17.79386473235,25.2081526785,5.463324553625,19.701997172658334,4.842751689090483,21.639161160604164
2020-05-23 17:00:00,5.24264999995,53.440526784750006,185283.75,30.46938011666667,34.91620233333333,0.1779255627333333,17,-0.9659258262890683,-0.25881904510252063,144,0.6166212130956382,-0.7872599821916922,1,177.9255627333333,30.46938011666667,34.91620233333333,31.3,0.9623184311333334,28.7,0.18267073170557493,11.821058482225,16.103974107124998,17.79386473235,2.206550000045,15.239632440566668,3.078785233301393,20.347794047504166
2020-05-23 18:00:00,1.02116919644725,10.505616071414998,186728.0,28.780811283333335,29.061803920238095,0.03479947948210235,18,-1.0,-1.8369701987210297e-16,144,0.6166212130956382,-0.7872599821916922,1,34.79947948210235,28.780811283333335,29.061803920238095,0.0,0.9845651451030952,28.7,0.03558080823858014,5.24264999995,11.821058482225,16.103974107124998,0.20900446428824998,11.055894196433336,5.470941201334879,16.881923065391664
2020-05-23 19:00:00,0.0,0.0,186728.0,27.485154666666666,25.80959316666667,0.0,19,-0.9659258262890684,0.2588190451025203,144,0.6166212130956382,-0.7872599821916922,1,0.0,27.485154666666666,25.80959316666667,0.0,0.9969235459666667,28.7,0.0,1.02116919644725,5.24264999995,11.821058482225,0.0,6.028292559540752,5.442639784134582,12.86514486609954
2020-05-23 20:00:00,0.0,0.0,186728.0,26.647221166666668,24.925855791666667,0.0,20,-0.8660254037844386,0.5000000000000001,144,0.6166212130956382,-0.7872599821916922,1,0.0,26.647221166666668,24.925855791666667,0.0,1.0002817479916666,28.7,0.0,0.0,1.02116919644725,5.24264999995,0.0,2.087939732132419,2.779360409761298,8.66378608634954
2020-05-23 21:00:00,0.0,0.0,186728.0,26.12653675555556,23.968815799999998,0.0,21,-0.7071067811865477,0.7071067811865474,144,0.6166212130956382,-0.7872599821916922,1,0.0,26.12653675555556,23.968815799999998,0.0,1.00391849996,28.7,0.0,0.0,0.0,1.02116919644725,0.0,0.3403897321490857,0.5895723104570081,5.6981419642912075
2020-05-23 22:00:00,0.0,0.0,186728.0,25.5640054,23.316331433333332,0.0,22,-0.5000000000000004,0.8660254037844384,144,0.6166212130956382,-0.7872599821916922,1,0.0,25.5640054,23.316331433333332,0.0,1.0063979405533334,28.7,0.0,0.0,0.0,0.0,0.0,0.0,0.0,3.0141462797703746
2020-05-23 23:00:00,0.0,0.0,170940.571429,24.940095873809526,22.538089322619047,0.0,23,-0.25881904510252157,0.9659258262890681,144,0.6166212130956382,-0.7872599821916922,1,0.0,24.940095873809526,22.538089322619047,0.0,1.0093552605740477,28.7,0.0,0.0,0.0,0.0,0.0,0.0,0.0,1.0439698660662085
2020-05-24 00:00:00,0.0,0.0,0.0,24.45264805833333,21.839049876190476,0.0,0,0.0,1.0,145,0.6029878670694714,-0.7977503570459932,1,0.0,24.45264805833333,21.839049876190476,0.0,1.0120116104704762,28.7,0.0,0.0,0.0,0.0,0.0,0.0,0.0,0.17019486607454168
2020-05-24 01:00:00,0.0,0.0,0.0,24.30246935,22.170725360714286,0.0,1,0.25881904510252074,0.9659258262890683,145,0.6029878670694714,-0.7977503570459932,1,0.0,24.30246935,22.170725360714286,0.0,1.0107512436292858,28.7,0.0,0.0,0.0,0.0,0.0,0.0,0.0,0.0
2020-05-24 02:00:00,0.0,0.0,0.0,24.419165049999997,22.345417716666667,0.0,2,0.49999999999999994,0.8660254037844387,145,0.6029878670694714,-0.7977503570459932,1,0.0,24.419165049999997,22.345417716666667,0.0,1.0100874126766666,28.7,0.0,0.0,0.0,0.0,0.0,0.0,0.0,0.0
2020-05-24 03:00:00,0.0,0.0,0.0,23.98014059047619,21.35209923214286,0.0,3,0.7071067811865475,0.7071067811865476,145,0.6029878670694714,-0.7977503570459932,1,0.0,23.98014059047619,21.35209923214286,0.0,1.0138620229178572,28.7,0.0,0.0,0.0,0.0,0.0,0.0,0.0,0.0
2020-05-24 04:00:00,0.0,0.0,0.0,23.813850900000002,21.240207416666667,0.0,4,0.8660254037844386,0.5000000000000001,145,0.6029878670694714,-0.7977503570459932,1,0.0,23.813850900000002,21.240207416666667,0.0,1.0142872118166666,28.7,0.0,0.0,0.0,0.0,0.0,0.0,0.0,0.0
2020-05-24 05:00:00,0.0,0.0,0.0,23.419822979761907,20.33128835833333,0.00015498005066665,5,0.9659258262890683,0.25881904510252074,145,0.6029878670694714,-0.7977503570459932,1,0.15498005066665,23.419822979761907,20.33128835833333,0.0,1.0177411042383333,28.7,0.0,0.0,0.0,0.0,0.0,0.0,0.0,0.0
2020-05-24 06:00:00,1.3045017857280001,13.442897321452499,950.71428572,23.54794005,21.682673700000002,0.04433136856833332,6,1.0,6.123233995736766e-17,145,0.6029878670694714,-0.7977503570459932,1,44.33136856833332,23.54794005,21.682673700000002,0.0,1.01260583994,28.7,0.04545302389296168,0.0,0.0,0.0,1.41949333332,0.0,0.0,0.0
2020-05-24 07:00:00,6.1605107142,62.76547321425,6304.1249999,25.14631604404762,29.491129690476185,0.2370869135833333,7,0.9659258262890683,-0.25881904510252063,145,0.6029878670694714,-0.7977503570459932,1,237.0869135833333,25.14631604404762,29.491129690476185,8.4,0.9829337071761906,28.7,0.21465194126132406,1.3045017857280001,0.0,0.0,5.404625446524999,0.4348339285760024,0.7531544571484083,0.21741696428800003
2020-05-24 08:00:00,11.96418437495,122.069767857,17934.5178572,26.496342466666665,37.10426285,0.4083468753333333,8,0.8660254037844387,-0.49999999999999983,145,0.6029878670694714,-0.7977503570459932,1,408.3468753333333,26.496342466666665,37.10426285,18.3,0.95400380117,28.7,0.41687053571254357,6.1605107142,1.3045017857280001,0.0,14.317512500025,2.4883374999760024,3.2463938937981713,1.244168749988
2020-05-24 09:00:00,15.553221428650001,158.8755,33331.125,27.571660245238093,42.08941777857143,0.5164013111666667,9,0.7071067811865476,-0.7071067811865475,145,0.6029878670694714,-0.7977503570459932,1,516.4013111666667,27.571660245238093,42.08941777857143,27.0,0.9350602124414286,28.7,0.5419240915905924,11.96418437495,6.1605107142,1.3045017857280001,18.47421607135,6.476398958292669,5.336857433247363,3.238199479146333
2020-05-24 10:00:00,19.75770089295,202.236102677,51363.089286,28.8105489,46.63701471666667,0.6915071745,10,0.49999999999999994,-0.8660254037844387,145,0.6029878670694714,-0.7977503570459932,1,691.5071745,28.8105489,46.63701471666667,20.2,0.9177793440766666,28.7,0.688421633900697,15.553221428650001,11.96418437495,6.1605107142,19.569261160825,11.225972172600002,4.739669986730069,5.830403050588
2020-05-24 11:00:00,24.207755803725,248.0704999985,76075.660715,30.448671817857143,56.750689767857146,0.8648312350833333,11,0.258819045102521,-0.9659258262890682,145,0.6029878670694714,-0.7977503570459932,1,864.8312350833332,30.448671817857143,56.750689767857146,10.5,0.8793473788821429,28.7,0.8434758119764808,19.75770089295,15.553221428650001,11.96418437495,26.037875892625,15.758368898850003,3.900806204168807,9.123353199413001
2020-05-24 12:00:00,25.84558482125,264.96324108,101515.589286,31.738319266666664,60.10731633333334,0.958445879,12,1.2246467991473532e-16,-1.0,145,0.6029878670694714,-0.7977503570459932,1,958.445879,31.738319266666664,60.10731633333334,4.2,0.8665921979333333,28.7,0.9005430251306621,24.207755803725,19.75770089295,15.553221428650001,25.1218383922,19.83955937510834,4.327847839361349,13.1579791667005
2020-05-24 13:00:00,24.292331249825,248.9947187485,126030.0,32.94483433928571,60.45155063928571,0.8748722549404762,13,-0.2588190451025208,-0.9659258262890683,145,0.6029878670694714,-0.7977503570459932,1,874.8722549404762,32.94483433928571,60.45155063928571,9.4,0.8652841075707143,28.7,0.8464226916315332,25.84558482125,24.207755803725,19.75770089295,25.2081526785,23.270347172641674,3.1503386940669666,17.248159672620833
2020-05-24 14:00:00,20.013441517975,204.7763392795,146575.571428,33.60884705,56.51106308333333,0.7526318096666667,14,-0.4999999999999998,-0.8660254037844388,145,0.6029878670694714,-0.7977503570459932,1,752.6318096666666,33.60884705,56.51106308333333,13.1,0.8802579602833334,28.7,0.6973324570722996,24.292331249825,25.84558482125,24.207755803725,17.79386473235,24.78189062493334,0.9221563094069961,20.27012976189167
2020-05-24 15:00:00,11.661825,119.05646428575,160057.428572,33.40508370119048,48.11556207738095,0.40361039308333335,15,-0.7071067811865471,-0.7071067811865479,145,0.6029878670694714,-0.7977503570459932,1,403.61039308333335,33.40508370119048,48.11556207738095,42.9,0.9121608641059524,28.7,0.40633536585365854,20.013441517975,24.292331249825,25.84558482125,16.103974107124998,23.38378586301667,3.0203584087657442,21.6116726190625
2020-05-24 16:00:00,8.487374553550001,86.54804910775,168173.160714,32.883561150000006,40.08480376666667,0.28074439149999997,16,-0.8660254037844384,-0.5000000000000004,145,0.6029878670694714,-0.7977503570459932,1,280.74439149999995,32.883561150000006,40.08480376666667,43.9,0.9426777456866666,28.7,0.29572733636062726,11.661825,20.013441517975,24.292331249825,11.821058482225,18.655865922600004,6.423759075073212,20.963106547620836
2020-05-24 17:00:00,5.10226249995,52.047343749675,174105.732142,32.16733534166667,36.56946771190476,0.18004262501071425,17,-0.9659258262890683,-0.25881904510252063,145,0.6029878670694714,-0.7977503570459932,1,180.04262501071426,32.16733534166667,36.56946771190476,30.4,0.956036022694762,28.7,0.17777918118292685,8.487374553550001,11.661825,20.013441517975,5.24264999995,13.387547023841671,5.953666290176283,19.0847188243875
2020-05-24 18:00:00,0.60375803571,6.24207589285,174989.0,29.9501348,28.740227266666665,0.0212878470783333,18,-1.0,-1.8369701987210297e-16,145,0.6029878670694714,-0.7977503570459932,1,21.2878470783333,29.9501348,28.740227266666665,0.0,0.9857871363866667,28.7,0.02103686535574913,5.10226249995,8.487374553550001,11.661825,1.02116919644725,8.417154017833338,3.28034498806798,15.900469940425003
2020-05-24 19:00:00,0.0,0.0,174989.0,28.246910939285712,26.278824442857143,0.0,19,-0.9659258262890684,0.2588190451025203,145,0.6029878670694714,-0.7977503570459932,1,0.0,28.246910939285712,26.278824442857143,0.0,0.9951404671171429,28.7,0.0,0.60375803571,5.10226249995,8.487374553550001,0.0,4.731131696403337,3.9548901255402384,11.69349880950167
2020-05-24 20:00:00,0.0,0.0,174989.0,27.084617083333335,25.64338745,0.0,20,-0.8660254037844386,0.5000000000000001,145,0.6029878670694714,-0.7977503570459932,1,0.0,27.084617083333335,25.64338745,0.0,0.99755512769,28.7,0.0,0.0,0.60375803571,5.10226249995,0.0,1.9020068452200036,2.787894928641398,7.644776934530834
2020-05-24 21:00:00,0.0,0.0,174989.0,25.790709704761905,23.78835332857143,0.0,21,-0.7071067811865477,0.7071067811865474,145,0.6029878670694714,-0.7977503570459932,1,0.0,25.790709704761905,23.78835332857143,0.0,1.0046042573514287,28.7,0.0,0.0,0.0,0.60375803571,0.0,0.20125267857000353,0.3485798644422767,4.309203348201668
2020-05-24 22:00:00,0.0,0.0,174989.0,24.66484481666667,23.21441288333333,0.0,22,-0.5000000000000004,0.8660254037844384,145,0.6029878670694714,-0.7977503570459932,1,0.0,24.66484481666667,23.21441288333333,0.0,1.0067852310433334,28.7,0.0,0.0,0.0,0.0,0.0,0.0,0.0,2.3655658482016677
2020-05-24 23:00:00,0.0,0.0,161031.857143,24.108015670238096,22.946120139285718,0.0,23,-0.25881904510252157,0.9659258262890681,145,0.6029878670694714,-0.7977503570459932,1,0.0,24.108015670238096,22.946120139285718,0.0,1.0078047434707142,28.7,0.0,0.0,0.0,0.0,0.0,0.0,0.0,0.9510034226100007
2020-05-25 00:00:00,0.0,0.0,0.0,23.67953598333333,22.616472950000002,0.0,0,0.0,1.0,146,0.5891760872322963,-0.8080046647350754,0,0.0,23.67953598333333,22.616472950000002,0.0,1.00905740279,28.7,0.0,0.0,0.0,0.0,0.0,0.0,0.0,0.10062633928500059
2020-05-25 01:00:00,0.0,0.0,0.0,23.793860658333337,22.630734195238094,0.0,1,0.25881904510252074,0.9659258262890683,146,0.5891760872322963,-0.8080046647350754,0,0.0,23.793860658333337,22.630734195238094,0.0,1.0090032100580952,28.7,0.0,0.0,0.0,0.0,0.0,0.0,0.0,0.0
2020-05-25 02:00:00,0.0,0.0,0.0,23.673393216666664,22.514745033333334,0.0,2,0.49999999999999994,0.8660254037844387,146,0.5891760872322963,-0.8080046647350754,0,0.0,23.673393216666664,22.514745033333334,0.0,1.0094439688733334,28.7,0.0,0.0,0.0,0.0,0.0,0.0,0.0,0.0
2020-05-25 03:00:00,0.0,0.0,0.0,23.54819785238095,22.266695639285714,0.0,3,0.7071067811865475,0.7071067811865476,146,0.5891760872322963,-0.8080046647350754,0,0.0,23.54819785238095,22.266695639285714,0.0,1.0103865565707142,28.7,0.0,0.0,0.0,0.0,0.0,0.0,0.0,0.0
2020-05-25 04:00:00,0.0,0.0,0.0,23.433653266666667,22.146270266666665,0.0,4,0.8660254037844386,0.5000000000000001,146,0.5891760872322963,-0.8080046647350754,0,0.0,23.433653266666667,22.146270266666665,0.0,1.0108441729866666,28.7,0.0,0.0,0.0,0.0,0.0,0.0,0.0,0.0
2020-05-25 05:00:00,0.0,0.0,0.0,23.134228433333334,21.219184866666666,0.00047688994556665,5,0.9659258262890683,0.25881904510252074,146,0.5891760872322963,-0.8080046647350754,0,0.47688994556665004,23.134228433333334,21.219184866666666,0.0,1.0143670975066668,28.7,0.0,0.0,0.0,0.0,0.0,0.0,0.0,0.0
2020-05-25 06:00:00,1.2325553571225,12.699151785449999,861.17857143,23.18727401043956,21.829703397985348,0.045310666757051254,6,1.0,6.123233995736766e-17,146,0.5891760872322963,-0.8080046647350754,0,45.31066675705125,23.18727401043956,21.829703397985348,0.0,1.0120471270876557,28.7,0.042946179690679445,0.0,0.0,0.0,1.3045017857280001,0.0,0.0,0.0
2020-05-25 07:00:00,5.6815236606749995,57.915049107,5817.375,24.136750783333333,26.885045816666665,0.20911412983333327,7,0.9659258262890683,-0.25881904510252063,146,0.5891760872322963,-0.8080046647350754,0,209.11412983333327,24.136750783333333,26.885045816666665,19.2,0.9928368258966667,28.7,0.19796249688763065,1.2325553571225,0.0,0.0,6.1605107142,0.4108517857075036,0.7116161672257907,0.2054258928537506
2020-05-25 08:00:00,12.655096875025,129.168553572,17504.0,25.43542060952381,37.58152262738095,0.4371036139642857,8,0.8660254037844387,-0.49999999999999983,146,0.5891760872322963,-0.8080046647350754,0,437.1036139642857,25.43542060952381,37.58152262738095,12.6,0.9521902140159524,28.7,0.4409441419869338,5.6815236606749995,1.2325553571225,0.0,11.96418437495,2.3046930059325033,2.988651389874593,1.1523465029662505
2020-05-25 09:00:00,19.7894129465,202.31096874775,36562.035715,27.852421016666668,48.59190018333334,0.6916181106666667,9,0.7071067811865476,-0.7071067811865475,146,0.5891760872322963,-0.8080046647350754,0,691.6181106666667,27.852421016666668,48.59190018333334,2.2,0.9103507793033333,28.7,0.6895265835017422,12.655096875025,5.6815236606749995,1.2325553571225,15.553221428650001,6.523058630940837,5.75758191532581,3.2615293154704172
2020-05-25 10:00:00,23.527554910899998,240.89969644500002,59612.982142,29.32791857142857,54.91318447857143,0.847770457404762,10,0.49999999999999994,-0.8660254037844387,146,0.5891760872322963,-0.8080046647350754,0,847.7704574047619,29.32791857142857,54.91318447857143,2.1,0.8863298989814286,28.7,0.81977543243554,19.7894129465,12.655096875025,5.6815236606749995,19.75770089295,12.708677827400004,7.054097264293781,6.559764806553751
2020-05-25 11:00:00,26.1214129465,267.85521873749997,85510.214288,30.991835533333333,59.55268805,0.937201793,11,0.258819045102521,-0.9659258262890682,146,0.5891760872322963,-0.8080046647350754,0,937.201793,30.991835533333333,59.55268805,3.0,0.86869978541,28.7,0.9101537612020907,23.527554910899998,19.7894129465,12.655096875025,24.207755803725,18.657354910808337,5.523925459543805,10.481023958370416
2020-05-25 12:00:00,26.86981517925,275.57123213750003,112448.571431,32.07275245833333,59.16123945,0.9656088658214286,12,1.2246467991473532e-16,-1.0,146,0.5891760872322963,-0.8080046647350754,0,965.6088658214286,32.07275245833333,59.16123945,3.4,0.8701872900900001,28.7,0.9362304940505227,26.1214129465,23.527554910899998,19.7894129465,25.84558482125,23.146126934633333,3.183185743215298,14.834592782787084
2020-05-25 13:00:00,25.356096577499997,259.910805055,138115.446428,33.239346947619055,60.15347582142858,0.9008903854404762,13,-0.2588190451025208,-0.9659258262890683,146,0.5891760872322963,-0.8080046647350754,0,900.8903854404762,33.239346947619055,60.15347582142858,6.7,0.8664167918785715,28.7,0.8834876856271776,26.86981517925,26.1214129465,23.527554910899998,24.292331249825,25.50626101221667,1.7539911208547,19.107469419808336
2020-05-25 14:00:00,22.2609071423,227.79063392474998,160924.821429,33.67912736190476,57.409194773809524,0.7910178290357142,14,-0.4999999999999998,-0.8660254037844388,146,0.5891760872322963,-0.8080046647350754,0,791.0178290357142,33.67912736190476,57.409194773809524,8.7,0.8768450598595238,28.7,0.7756413638432056,25.356096577499997,26.86981517925,26.1214129465,20.013441517975,26.115774901083338,0.7568750504462809,22.386564905945832
2020-05-25 15:00:00,19.0382294644,194.605223216,180232.678572,34.38076933333333,53.31247406666667,0.6416658786666667,15,-0.7071067811865471,-0.7071067811865479,146,0.5891760872322963,-0.8080046647350754,0,641.6658786666667,34.38076933333333,53.31247406666667,9.3,0.8924125985466667,28.7,0.663352943010453,22.2609071423,25.356096577499997,26.86981517925,11.661825,24.82893963301667,2.349240123178833,23.987533283825
2020-05-25 16:00:00,8.23763303565,84.1152187505,190373.875,33.8930327202381,42.99851833690476,0.2697621424880952,16,-0.8660254037844384,-0.5000000000000004,146,0.5891760872322963,-0.8080046647350754,0,269.7621424880952,33.8930327202381,42.99851833690476,46.0,0.931605630319762,28.7,0.28702554131184665,19.0382294644,22.2609071423,25.356096577499997,8.487374553550001,22.2184110614,3.1591479313837882,23.862336036808333
2020-05-25 17:00:00,1.7568915178525,18.102263393325,192355.767857,32.05434566666667,32.11992231666667,0.0575928573833333,17,-0.9659258262890683,-0.25881904510252063,146,0.5891760872322963,-0.8080046647350754,0,57.5928573833333,32.05434566666667,32.11992231666667,77.7,0.9729442951966667,28.7,0.0612157323293554,8.23763303565,19.0382294644,22.2609071423,5.10226249995,16.512256547450004,7.34496143968324,21.314015724266667
2020-05-25 18:00:00,0.36691071429125,3.79726339298,192862.0,28.304531366666666,26.886455283333333,0.013207775823766648,18,-1.0,-1.8369701987210297e-16,146,0.5891760872322963,-0.8080046647350754,0,13.207775823766648,28.304531366666666,26.886455283333333,0.0,0.9928314699233334,28.7,0.012784345445688154,1.7568915178525,8.23763303565,19.0382294644,0.60375803571,9.67758467263417,8.73019219967897,17.253262152825418
2020-05-25 19:00:00,0.0,0.0,192862.0,26.57933547142857,24.093908222619046,0.0,19,-0.9659258262890684,0.2588190451025203,146,0.5891760872322963,-0.8080046647350754,0,0.0,26.57933547142857,24.093908222619046,0.0,1.0034431487540476,28.7,0.0,0.36691071429125,1.7568915178525,8.23763303565,0.0,3.453811755931253,4.20080006496197,12.836111408665625
2020-05-25 20:00:00,0.0,0.0,192862.0,26.232587133333332,23.692628983333336,0.0,20,-0.8660254037844386,0.5000000000000001,146,0.5891760872322963,-0.8080046647350754,0,0.0,26.232587133333332,23.692628983333336,0.0,1.0049680098633333,28.7,0.0,0.0,0.36691071429125,1.7568915178525,0.0,0.7079340773812536,0.9267629966745858,8.610095312415625
2020-05-25 21:00:00,0.0,0.0,192862.0,25.446367851190477,24.726612794047618,0.0,21,-0.7071067811865477,0.7071067811865474,146,0.5891760872322963,-0.8080046647350754,0,0.0,25.446367851190477,24.726612794047618,0.0,1.001038871382619,28.7,0.0,0.0,0.0,0.36691071429125,0.0,0.12230357143042021,0.21183599966420988,4.899944122032292
2020-05-25 22:00:00,0.0,0.0,192862.0,22.493630466666666,21.512481183333335,0.0,22,-0.5000000000000004,0.8660254037844384,146,0.5891760872322963,-0.8080046647350754,0,0.0,22.493630466666666,21.512481183333335,0.0,1.0132525715033334,28.7,0.0,0.0,0.0,0.0,0.0,0.0,0.0,1.7269058779656252
2020-05-25 23:00:00,0.0,0.0,177751.0,22.473452433333335,20.000045323809523,0.0,23,-0.25881904510252157,0.9659258262890681,146,0.5891760872322963,-0.8080046647350754,0,0.0,22.473452433333335,20.000045323809523,0.0,1.0189998277695238,28.7,0.0,0.0,0.0,0.0,0.0,0.0,0.0,0.35396703869062557
2020-05-26 00:00:00,0.0,0.0,0.0,22.256281033333337,19.902349383333334,0.0,0,0.0,1.0,147,0.5751899607119775,-0.8180198708443175,0,0.0,22.256281033333337,19.902349383333334,0.0,1.0193710723433334,28.7,0.0,0.0,0.0,0.0,0.0,0.0,0.0,0.06115178571520893
2020-05-26 01:00:00,0.0,0.0,0.0,22.222414649999997,19.679908892857142,0.0,1,0.25881904510252074,0.9659258262890683,147,0.5751899607119775,-0.8180198708443175,0,0.0,22.222414649999997,19.679908892857142,0.0,1.020216346207143,28.7,0.0,0.0,0.0,0.0,0.0,0.0,0.0,0.0
2020-05-26 02:00:00,0.0,0.0,0.0,21.80050406666667,19.283826683333334,0.0,2,0.49999999999999994,0.8660254037844387,147,0.5751899607119775,-0.8180198708443175,0,0.0,21.80050406666667,19.283826683333334,0.0,1.0217214586033334,28.7,0.0,0.0,0.0,0.0,0.0,0.0,0.0,0.0
2020-05-26 03:00:00,0.0,0.0,0.0,21.364649516666667,19.117106083333333,0.0,3,0.7071067811865475,0.7071067811865476,147,0.5751899607119775,-0.8180198708443175,0,0.0,21.364649516666667,19.117106083333333,0.0,1.0223549968833334,28.7,0.0,0.0,0.0,0.0,0.0,0.0,0.0,0.0
2020-05-26 04:00:00,0.0,0.0,0.0,21.312706444047617,19.006534258333335,0.0,4,0.8660254037844386,0.5000000000000001,147,0.5751899607119775,-0.8180198708443175,0,0.0,21.312706444047617,19.006534258333335,0.0,1.0227751698183334,28.7,0.0,0.0,0.0,0.0,0.0,0.0,0.0,0.0
2020-05-26 05:00:00,0.0,0.0,0.0,22.070155316666668,19.539565016666664,0.00020635903135,5,0.9659258262890683,0.25881904510252074,147,0.5751899607119775,-0.8180198708443175,0,0.20635903135,22.070155316666668,19.539565016666664,0.0,1.0207496529366666,28.7,0.0,0.0,0.0,0.0,0.0,0.0,0.0,0.0
2020-05-26 06:00:00,1.3243334821814998,13.645008928525002,962.51785715,22.783858596428573,21.118755901190475,0.043703293967857125,6,1.0,6.123233995736766e-17,147,0.5751899607119775,-0.8180198708443175,0,43.70329396785713,22.783858596428573,21.118755901190475,0.0,1.0147487275754763,28.7,0.04614402376939024,0.0,0.0,0.0,1.2325553571225,0.0,0.0,0.0
2020-05-26 07:00:00,6.427474107125001,65.477084821,6560.5357143,24.205434099999998,27.84069116666667,0.2439782858333333,7,0.9659258262890683,-0.25881904510252063,147,0.5751899607119775,-0.8180198708443175,0,243.9782858333333,24.205434099999998,27.84069116666667,5.7,0.9892053735666666,28.7,0.22395380164198608,1.3243334821814998,0.0,0.0,5.6815236606749995,0.4414444940605035,0.7646042924343233,0.22072224703025056
2020-05-26 08:00:00,13.564181250025001,138.4590982145,19219.4107143,26.271270117857142,39.95716410952381,0.4789968870119048,8,0.8660254037844387,-0.49999999999999983,147,0.5751899607119775,-0.8180198708443175,0,478.9968870119048,26.271270117857142,39.95716410952381,4.2,0.9431627763838095,28.7,0.47261955575000003,6.427474107125001,1.3243334821814998,0.0,12.655096875025,2.58393586310217,3.3938259336560472,1.291967931551084
2020-05-26 09:00:00,19.55660892865,199.92144196475,38240.982143,27.801093966666667,49.629906283333334,0.6919608188333333,9,0.7071067811865476,-0.7071067811865475,147,0.5751899607119775,-0.8180198708443175,0,691.9608188333333,27.801093966666667,49.629906283333334,2.1,0.9064063561233333,28.7,0.6814149452491289,13.564181250025001,6.427474107125001,1.3243334821814998,19.7894129465,7.105329613110503,6.148014672253314,3.5526648065552506
2020-05-26 10:00:00,23.34060580445,239.06110714725,61186.625,29.53407568690476,56.541919428571425,0.8427738709166666,10,0.49999999999999994,-0.8660254037844387,147,0.5751899607119775,-0.8180198708443175,0,842.7738709166665,29.53407568690476,56.541919428571425,2.7,0.8801407061714286,28.7,0.8132615262874565,19.55660892865,13.564181250025001,6.427474107125001,23.527554910899998,13.182754761933337,6.572873033522596,6.8120996279969175
2020-05-26 11:00:00,21.834221874725,223.633370532,83272.892856,30.409197033333335,55.491460716666666,0.778270831,11,0.258819045102521,-0.9659258262890682,147,0.5751899607119775,-0.8180198708443175,0,778.270831,30.409197033333335,55.491460716666666,19.4,0.8841324492766667,28.7,0.7607742813493031,23.34060580445,19.55660892865,13.564181250025001,26.1214129465,18.820465327708337,4.9296094995442115,10.70220059540525
2020-05-26 12:00:00,23.205121427525,237.794357139,105773.517856,31.466849901190475,56.57650733333333,0.8239350104880954,12,1.2246467991473532e-16,-1.0,147,0.5751899607119775,-0.8180198708443175,0,823.9350104880954,31.466849901190475,56.57650733333333,17.6,0.8800092721333334,28.7,0.8085408162900697,21.834221874725,23.34060580445,19.55660892865,26.86981517925,21.577145535941668,1.905052301641014,14.341237574526083
2020-05-26 13:00:00,21.401853571375,219.2264151815,127242.75,32.67045833333333,57.48449853333333,0.7622425405,13,-0.2588190451025208,-0.9659258262890683,147,0.5751899607119775,-0.8180198708443175,0,762.2425404999999,32.67045833333333,57.48449853333333,21.1,0.8765589055733334,28.7,0.7457091836716028,23.205121427525,21.834221874725,23.34060580445,25.356096577499997,22.793316368900005,0.83335808069838,17.988035565416666
2020-05-26 14:00:00,12.641716071325,129.10059821475,141905.875,32.70317200595238,49.08159946309524,0.42751056750000005,14,-0.4999999999999998,-0.8660254037844388,147,0.5751899607119775,-0.8180198708443175,0,427.51056750000004,32.70317200595238,49.08159946309524,50.6,0.908489922040238,28.7,0.4404779118928571,21.401853571375,23.205121427525,21.834221874725,22.2609071423,22.147065624541668,0.9414601155149754,20.483765476125
2020-05-26 15:00:00,13.133687946475,134.05613392875,154129.339286,32.6998913,44.827407816666664,0.427828956,15,-0.7071067811865471,-0.7071067811865479,147,0.5751899607119775,-0.8180198708443175,0,427.828956,32.6998913,44.827407816666664,39.5,0.9246558502966666,28.7,0.457619789075784,12.641716071325,21.401853571375,23.205121427525,19.0382294644,19.082897023408336,5.650624105651235,20.330021279675
2020-05-26 16:00:00,12.26525178565,125.15361160775001,166911.107143,33.224596244047625,44.473493015476194,0.41015728260714285,16,-0.8660254037844384,-0.5000000000000004,147,0.5751899607119775,-0.8180198708443175,0,410.15728260714286,33.224596244047625,44.473493015476194,18.0,0.9260007265411905,28.7,0.4273606893954704,13.133687946475,12.641716071325,21.401853571375,8.23763303565,15.725752529725,4.9217985897179695,19.2595344493125
2020-05-26 17:00:00,3.4347571428449997,35.152491071175,171894.321428,31.72510988333333,35.14305228333333,0.11505909359999997,17,-0.9659258262890683,-0.25881904510252063,147,0.5751899607119775,-0.8180198708443175,0,115.05909359999997,31.72510988333333,35.14305228333333,55.5,0.9614564013233333,28.7,0.11967794922804877,12.26525178565,13.133687946475,12.641716071325,1.7568915178525,12.680218601150003,0.43549646951412835,17.413642112845835
2020-05-26 18:00:00,0.24112901785500002,2.4955133928500004,0.0,28.967409116666666,27.802436603571426,0.016023397816785676,18,-1.0,-1.8369701987210297e-16,147,0.5751899607119775,-0.8180198708443175,0,16.023397816785675,28.967409116666666,27.802436603571426,0.0,0.9893507409064286,28.7,0.008401707939198607,3.4347571428449997,12.26525178565,13.133687946475,0.36691071429125,9.611232291656668,5.366579850265263,14.347064657532501
2020-05-26 19:00:00,0.0,0.0,0.0,27.47797595,25.4549042,0.0,19,-0.9659258262890684,0.2588190451025203,147,0.5751899607119775,-0.8180198708443175,0,0.0,27.47797595,25.4549042,0.0,0.9982713640399999,28.7,0.0,0.24112901785500002,3.4347571428449997,12.26525178565,0.0,5.313712648783335,6.2283816059007995,10.519732589254167
2020-05-26 20:00:00,0.0,0.0,0.0,26.134843472619046,23.28577411190476,0.0,20,-0.8660254037844386,0.5000000000000001,147,0.5751899607119775,-0.8180198708443175,0,0.0,26.134843472619046,23.28577411190476,0.0,1.0065140583747618,28.7,0.0,0.0,0.24112901785500002,3.4347571428449997,0.0,1.2252953869000023,1.9172445694408706,6.952756994024999
2020-05-26 21:00:00,0.0,0.0,0.0,26.575712683333336,25.1851711,0.0,21,-0.7071067811865477,0.7071067811865474,147,0.5751899607119775,-0.8180198708443175,0,0.0,26.575712683333336,25.1851711,0.0,0.99929634982,28.7,0.0,0.0,0.0,0.24112901785500002,0.0,0.08037633928500237,0.1392159033676714,4.845804315470834
2020-05-26 22:00:00,0.0,0.0,0.0,25.930998569047617,23.940487891666667,0.0,22,-0.5000000000000004,0.8660254037844384,147,0.5751899607119775,-0.8180198708443175,0,0.0,25.930998569047617,23.940487891666667,0.0,1.0040261460116666,28.7,0.0,0.0,0.0,0.0,0.0,0.0,0.0,2.6568563243916663
2020-05-26 23:00:00,0.0,0.0,0.0,24.0982615,22.991171283333333,0.0,23,-0.25881904510252157,0.9659258262890681,147,0.5751899607119775,-0.8180198708443175,0,0.0,24.0982615,22.991171283333333,0.0,1.0076335491233332,28.7,0.0,0.0,0.0,0.0,0.0,0.0,0.0,0.6126476934499999
2020-05-27 00:00:00,0.0,0.0,0.0,23.397412600000003,21.770051983333335,0.0,0,0.0,1.0,148,0.5610336262283677,-0.8277930117131022,0,0.0,23.397412600000003,21.770051983333335,0.0,1.0122738024633333,28.7,0.0,0.0,0.0,0.0,0.0,0.0,0.0,0.0401881696425
2020-05-27 01:00:00,0.0,0.0,0.0,23.560330661904764,22.106003558333335,0.0,1,0.25881904510252074,0.9659258262890683,148,0.5610336262283677,-0.8277930117131022,0,0.0,23.560330661904764,22.106003558333335,0.0,1.0109971864783334,28.7,0.0,0.0,0.0,0.0,0.0,0.0,0.0,0.0
2020-05-27 02:00:00,0.0,0.0,0.0,23.543554166666667,21.594501816666664,0.0,2,0.49999999999999994,0.8660254037844387,148,0.5610336262283677,-0.8277930117131022,0,0.0,23.543554166666667,21.594501816666664,0.0,1.0129408930966666,28.7,0.0,0.0,0.0,0.0,0.0,0.0,0.0,0.0
2020-05-27 03:00:00,0.0,0.0,0.0,24.049561879761903,21.85040107261905,0.0,3,0.7071067811865475,0.7071067811865476,148,0.5610336262283677,-0.8277930117131022,0,0.0,24.049561879761903,21.85040107261905,0.0,1.0119684759240477,28.7,0.0,0.0,0.0,0.0,0.0,0.0,0.0,0.0
2020-05-27 04:00:00,0.0,0.0,0.0,23.567823233333336,21.50969335,0.0,4,0.8660254037844386,0.5000000000000001,148,0.5610336262283677,-0.8277930117131022,0,0.0,23.567823233333336,21.50969335,0.0,1.01326316527,28.7,0.0,0.0,0.0,0.0,0.0,0.0,0.0,0.0
2020-05-27 05:00:00,0.0,0.0,0.0,23.443279973809524,21.556442314285714,0.000210134299583325,5,0.9659258262890683,0.25881904510252074,148,0.5610336262283677,-0.8277930117131022,0,0.210134299583325,23.443279973809524,21.556442314285714,0.0,1.0130855192057142,28.7,0.0,0.0,0.0,0.0,0.0,0.0,0.0,0.0
2020-05-27 06:00:00,1.5313783036125002,15.7365053569,1065.4464286,23.43435313333334,22.373884033333333,0.0528227298966666,6,1.0,6.123233995736766e-17,148,0.5610336262283677,-0.8277930117131022,0,52.8227298966666,23.43435313333334,22.373884033333333,0.0,1.0099792406733334,28.7,0.053358129045731714,0.0,0.0,0.0,1.3243334821814998,0.0,0.0,0.0
2020-05-27 07:00:00,6.052281220275001,61.6639851185,6428.9535714,25.02574100238095,28.334441775000002,0.2180529917928571,7,0.9659258262890683,-0.25881904510252063,148,0.5610336262283677,-0.8277930117131022,0,218.05299179285709,25.02574100238095,28.334441775000002,15.8,0.9873291212549999,28.7,0.21088087875522651,1.5313783036125002,0.0,0.0,6.427474107125001,0.5104594345375024,0.8841416758218293,0.25522971726875004
2020-05-27 08:00:00,12.545611458375,128.013546131,18233.9404763,26.89609325,39.139409416666666,0.4510691605,8,0.8660254037844387,-0.49999999999999983,148,0.5610336262283677,-0.8277930117131022,0,451.0691605,26.89609325,39.139409416666666,9.8,0.9462702442166666,28.7,0.43712931910714287,6.052281220275001,1.5313783036125002,0.0,13.564181250025001,2.527886507962503,3.1467917699342625,1.2639432539812503
2020-05-27 09:00:00,17.945839821525,183.4468860115,36002.846428,28.434631160714286,48.02500499880953,0.6405595882261905,9,0.7071067811865476,-0.7071067811865475,148,0.5610336262283677,-0.8277930117131022,0,640.5595882261905,28.434631160714286,48.02500499880953,9.4,0.9125049810045238,28.7,0.6252905861158536,12.545611458375,6.052281220275001,1.5313783036125002,19.55660892865,6.709756994087503,5.536473497789918,3.35487849704375
2020-05-27 10:00:00,16.245633928475,166.03812559525,51852.714287,29.26446335357143,47.43523615039682,0.5742018994642857,10,0.49999999999999994,-0.8660254037844387,148,0.5610336262283677,-0.8277930117131022,0,574.2018994642857,29.26446335357143,47.43523615039682,33.7,0.9147461026284921,28.7,0.5660499626646343,17.945839821525,12.545611458375,6.052281220275001,23.34060580445,12.181244166725003,5.955145396441654,6.345851800631249
2020-05-27 11:00:00,21.97096324455,225.03899404849997,73422.678573,30.834396783333332,55.76013176666666,0.7790673806666666,11,0.258819045102521,-0.9659258262890682,148,0.5610336262283677,-0.8277930117131022,0,779.0673806666666,30.834396783333332,55.76013176666666,19.3,0.8831114992866667,28.7,0.7655387890087108,16.245633928475,17.945839821525,12.545611458375,21.834221874725,15.57902840279167,2.7611390382767937,9.053457455377083
2020-05-27 12:00:00,18.676310714025,191.100004465,92915.589284,32.10466298452381,56.908168005952376,0.7092874103809523,12,1.2246467991473532e-16,-1.0,148,0.5610336262283677,-0.8277930117131022,0,709.2874103809523,32.10466298452381,56.908168005952376,29.1,0.8787489615773809,28.7,0.6507425335897212,21.97096324455,16.245633928475,17.945839821525,23.205121427525,18.72081233151667,2.9402866761268442,12.715284662802084
2020-05-27 13:00:00,12.322686309525,125.77943898749999,105916.142857,32.43146921666666,46.49787123333333,0.41788405583333327,13,-0.2588190451025208,-0.9659258262890683,148,0.5610336262283677,-0.8277930117131022,0,417.88405583333326,32.43146921666666,46.49787123333333,56.7,0.9183080893133333,28.7,0.42936189231794425,18.676310714025,21.97096324455,16.245633928475,21.401853571375,18.964302629016668,2.873508909278407,15.572773397870833
2020-05-27 14:00:00,12.3086465774,125.65681398875,118073.017856,32.59225887619048,45.443716183333336,0.4015431301071428,14,-0.4999999999999998,-0.8660254037844388,148,0.5610336262283677,-0.8277930117131022,0,401.5431301071428,32.59225887619048,45.443716183333336,53.6,0.9223138785033334,28.7,0.4288727030452962,12.322686309525,18.676310714025,21.97096324455,12.641716071325,17.656653422700003,4.9042927826087235,16.617840912745834
2020-05-27 15:00:00,12.875821874925,131.44067857,130823.517858,32.44795675,45.46643681666667,0.4216070968333333,15,-0.7071067811865471,-0.7071067811865479,148,0.5610336262283677,-0.8277930117131022,0,421.6070968333333,32.44795675,45.46643681666667,40.4,0.9222275400966666,28.7,0.44863490853397214,12.3086465774,12.322686309525,18.676310714025,13.133687946475,14.43588120031667,3.672326391276518,16.578346765916667
2020-05-27 16:00:00,10.559175000025,107.7290133935,142019.446428,31.952802416666664,42.38717346666667,0.3573314593333333,16,-0.8660254037844384,-0.5000000000000004,148,0.5610336262283677,-0.8277930117131022,0,357.3314593333333,31.952802416666664,42.38717346666667,28.5,0.9339287408266667,28.7,0.36791550522735195,12.875821874925,12.3086465774,12.322686309525,12.26525178565,12.502384920616668,0.3234820669709259,15.733343774816667
2020-05-27 17:00:00,3.2001374999225,32.7447723217,145848.964286,30.329792817857143,32.77524199761905,0.1025679821928571,17,-0.9659258262890683,-0.25881904510252063,148,0.5610336262283677,-0.8277930117131022,0,102.56798219285709,30.329792817857143,32.77524199761905,60.4,0.9704540804090476,28.7,0.11150304877778747,10.559175000025,12.875821874925,12.3086465774,3.4347571428449997,11.914547817450002,1.2075589261777278,14.785600620075002
2020-05-27 18:00:00,0.19247797619499998,1.9930119047500001,66068.0,28.609951233333334,27.283312483333333,0.008164154678716624,18,-1.0,-1.8369701987210297e-16,148,0.5610336262283677,-0.8277930117131022,0,8.164154678716624,28.609951233333334,27.283312483333333,0.0,0.9913234125633333,28.7,0.0067065496932055746,3.2001374999225,10.559175000025,12.875821874925,0.24112901785500002,8.878378124957504,5.052081316902399,11.657129662637082
2020-05-27 19:00:00,0.0,0.0,66068.0,25.77439915238095,24.552107155952378,2.2388488500000003e-05,19,-0.9659258262890684,0.2588190451025203,148,0.5610336262283677,-0.8277930117131022,0,0.0223884885,25.77439915238095,24.552107155952378,0.0,1.001701992807381,28.7,0.0,0.19247797619499998,3.2001374999225,10.559175000025,0.0,4.650596825380836,5.333383165222435,8.57649087299875
2020-05-27 20:00:00,0.0,0.0,66068.0,22.932962016666664,21.31111145,0.0,20,-0.8660254037844386,0.5000000000000001,148,0.5610336262283677,-0.8277930117131022,0,0.0,22.932962016666664,21.31111145,0.0,1.01401777649,28.7,0.0,0.0,0.19247797619499998,3.2001374999225,0.0,1.1308718253725025,1.7946189753630162,6.52270982141125
2020-05-27 21:00:00,0.0,0.0,66068.0,23.142256983333333,20.94419634047619,0.0,21,-0.7071067811865477,0.7071067811865474,148,0.5610336262283677,-0.8277930117131022,0,0.0,23.142256983333333,20.94419634047619,0.0,1.0154120539061904,28.7,0.0,0.0,0.0,0.19247797619499998,0.0,0.0641593253983357,0.11112721136841136,4.471268725177917
2020-05-27 22:00:00,0.0,0.0,66068.0,22.9103566,20.810649083333335,0.0,22,-0.5000000000000004,0.8660254037844384,148,0.5610336262283677,-0.8277930117131022,0,0.0,22.9103566,20.810649083333335,0.0,1.0159195334833333,28.7,0.0,0.0,0.0,0.0,0.0,0.0,0.0,2.3252984126904166
2020-05-27 23:00:00,0.0,0.0,60853.303571,23.37074884047619,22.25171458690476,0.0,23,-0.25881904510252157,0.9659258262890681,148,0.5610336262283677,-0.8277930117131022,0,0.0,23.37074884047619,22.25171458690476,0.0,1.0104434845697619,28.7,0.0,0.0,0.0,0.0,0.0,0.0,0.0,0.56543591268625
2020-05-28 00:00:00,0.0,0.0,0.0,23.19194895,21.79885555,0.0,0,0.0,1.0,149,0.5467112728685939,-0.8373211953118121,0,0.0,23.19194895,21.79885555,0.0,1.01216434891,28.7,0.0,0.0,0.0,0.0,0.0,0.0,0.0,0.032079662699166664
2020-05-28 01:00:00,0.0,0.0,0.0,22.686305513095242,20.50579456309524,0.0,1,0.25881904510252074,0.9659258262890683,149,0.5467112728685939,-0.8373211953118121,0,0.0,22.686305513095242,20.50579456309524,0.0,1.0170779806602381,28.7,0.0,0.0,0.0,0.0,0.0,0.0,0.0,0.0
2020-05-28 02:00:00,0.0,0.0,0.0,22.488680483333333,20.58299351666667,0.0,2,0.49999999999999994,0.8660254037844387,149,0.5467112728685939,-0.8373211953118121,0,0.0,22.488680483333333,20.58299351666667,0.0,1.0167846246366667,28.7,0.0,0.0,0.0,0.0,0.0,0.0,0.0,0.0
2020-05-28 03:00:00,0.0,0.0,0.0,22.53689301071428,20.824554935714282,0.0,3,0.7071067811865475,0.7071067811865476,149,0.5467112728685939,-0.8373211953118121,0,0.0,22.53689301071428,20.824554935714282,0.0,1.0158666912442857,28.7,0.0,0.0,0.0,0.0,0.0,0.0,0.0,0.0
2020-05-28 04:00:00,0.0,0.0,0.0,22.55685975,20.306982950000002,0.0,4,0.8660254037844386,0.5000000000000001,149,0.5467112728685939,-0.8373211953118121,0,0.0,22.55685975,20.306982950000002,0.0,1.01783346479,28.7,0.0,0.0,0.0,0.0,0.0,0.0,0.0,0.0
2020-05-28 05:00:00,0.0,0.0,0.0,21.908114364285712,19.698901740476188,9.601054955355e-05,5,0.9659258262890683,0.25881904510252074,149,0.5467112728685939,-0.8373211953118121,0,0.09601054955355,21.908114364285712,19.698901740476188,0.0,1.0201441733861905,28.7,0.0,0.0,0.0,0.0,0.0,0.0,0.0,0.0
2020-05-28 06:00:00,1.4343125000199999,14.769763392675001,1035.28571427,21.92193748333333,20.221685366666666,0.04666067406166663,6,1.0,6.123233995736766e-17,149,0.5467112728685939,-0.8373211953118121,0,46.660674061666626,21.92193748333333,20.221685366666666,0.0,1.0181575956066666,28.7,0.049976045296864106,0.0,0.0,0.0,1.5313783036125002,0.0,0.0,0.0
2020-05-28 07:00:00,6.635574107149999,67.58819196475,6848.642857,23.865807154761903,29.029136160714287,0.2569155761904761,7,0.9659258262890683,-0.25881904510252063,149,0.5467112728685939,-0.8373211953118121,0,256.9155761904761,23.865807154761903,29.029136160714287,0.7,0.9846892825892857,28.7,0.2312046727229965,1.4343125000199999,0.0,0.0,6.052281220275001,0.47810416667333566,0.8281007079885921,0.23905208333666664
2020-05-28 08:00:00,13.5675625,138.49316517900002,19476.5535714,26.17351325,40.094587583333336,0.47830720149999995,8,0.8660254037844387,-0.49999999999999983,149,0.5467112728685939,-0.8373211953118121,0,478.30720149999996,26.17351325,40.094587583333336,4.3,0.9426405671833333,28.7,0.4727373693379791,6.635574107149999,1.4343125000199999,0.0,12.545611458375,2.6899622023900016,3.4914471303696235,1.3449811011949997
2020-05-28 09:00:00,19.4674785714,199.00662797725002,38392.142858,28.09045187738095,47.17867031428572,0.6823496627857143,9,0.7071067811865476,-0.7071067811865475,149,0.5467112728685939,-0.8373211953118121,0,682.3496627857143,28.09045187738095,47.17867031428572,3.5,0.9157210528057143,28.7,0.6783093578885018,13.5675625,6.635574107149999,1.4343125000199999,17.945839821525,7.212483035723335,6.0871632822197554,3.6062415178616667
2020-05-28 10:00:00,21.55912901775,220.70430356975,60099.0,29.4413844,52.86690923333333,0.7955459541666666,10,0.49999999999999994,-0.8660254037844387,149,0.5467112728685939,-0.8373211953118121,0,795.5459541666667,29.4413844,52.86690923333333,8.1,0.8941057449133334,28.7,0.751189164381533,19.4674785714,13.5675625,6.635574107149999,16.245633928475,13.223538392850003,6.422865986818894,6.850821279761667
2020-05-28 11:00:00,26.24642232055,269.12962500125,85369.458333,30.849405933333333,57.15824271666666,0.9349086853333333,11,0.258819045102521,-0.9659258262890682,149,0.5467112728685939,-0.8373211953118121,0,934.9086853333333,30.849405933333333,57.15824271666666,3.2,0.8777986776766666,28.7,0.914509488520906,21.55912901775,19.4674785714,13.5675625,21.97096324455,18.198056696383336,4.144255997701378,10.444009449386668
2020-05-28 12:00:00,25.799924821875,264.48881041275,111275.178572,32.12130267976191,59.072737697023804,0.9252549583571428,12,1.2246467991473532e-16,-1.0,149,0.5467112728685939,-0.8373211953118121,0,925.2549583571428,32.12130267976191,59.072737697023804,7.5,0.8705235967513095,28.7,0.8989520843858885,26.24642232055,21.55912901775,19.4674785714,18.676310714025,22.424343303233332,3.471306153076721,14.818413169478333
2020-05-28 13:00:00,21.6799477675,222.09393303825001,133292.357141,32.98781219761905,55.49942768452381,0.7852678075595237,13,-0.2588190451025208,-0.9659258262890683,149,0.5467112728685939,-0.8373211953118121,0,785.2678075595237,32.98781219761905,55.49942768452381,18.7,0.8841021747988095,28.7,0.7553988769163763,25.799924821875,26.24642232055,21.55912901775,12.322686309525,24.535158720058334,2.5869682247462675,18.879348556454165
2020-05-28 14:00:00,16.35820949415,167.2514196435,150120.208333,33.08978283534798,49.67862443415751,0.5528901629587911,14,-0.4999999999999998,-0.8660254037844388,149,0.5467112728685939,-0.8373211953118121,0,552.8901629587912,33.08978283534798,49.67862443415751,36.2,0.9062212271502015,28.7,0.5699724562421603,21.6799477675,25.799924821875,26.24642232055,12.3086465774,24.575431636641667,2.517480909843306,21.3867441665125
2020-05-28 15:00:00,17.64111622025,180.285114582,168731.732144,33.341209398809525,49.67601985952381,0.6084723951785714,15,-0.7071067811865471,-0.7071067811865479,149,0.5467112728685939,-0.8373211953118121,0,608.4723951785714,33.341209398809525,49.67601985952381,13.9,0.9062311245338095,28.7,0.6146730390331011,16.35820949415,21.6799477675,25.799924821875,12.875821874925,21.279360694508338,4.733587390630422,21.85185199887083
2020-05-28 16:00:00,8.319532589275,84.81497321399999,177755.982142,32.781076955952386,40.46794176904762,0.2835528989761905,16,-0.8660254037844384,-0.5000000000000004,149,0.5467112728685939,-0.8373211953118121,0,283.55289897619053,32.781076955952386,40.46794176904762,43.3,0.941221821277619,28.7,0.28987918429529613,17.64111622025,16.35820949415,21.6799477675,10.559175000025,18.559757827300004,2.777256085448747,21.54745827367917
2020-05-28 17:00:00,4.1424606547675,42.292388393175,182824.428571,32.15466739285714,35.455530852380946,0.1415586949714285,17,-0.9659258262890683,-0.25881904510252063,149,0.5467112728685939,-0.8373211953118121,0,141.5586949714285,32.15466739285714,35.455530852380946,45.3,0.9602689827609524,28.7,0.14433660818005226,8.319532589275,17.64111622025,16.35820949415,3.2001374999225,14.106286101225002,5.052360792047351,19.340858868933335
2020-05-28 18:00:00,0.42819336309525,4.4304758928625,183432.0,29.92789463333333,29.45733794404762,0.016315329101269024,18,-1.0,-1.8369701987210297e-16,149,0.5467112728685939,-0.8373211953118121,0,16.315329101269025,29.92789463333333,29.45733794404762,0.0,0.983062115812619,28.7,0.014919629376141117,4.1424606547675,8.319532589275,17.64111622025,0.19247797619499998,10.034369821430836,6.910783281833812,15.656865257969583
2020-05-28 19:00:00,0.0,0.0,183432.0,27.704796766666664,26.4528289,0.0,19,-0.9659258262890684,0.2588190451025203,149,0.5467112728685939,-0.8373211953118121,0,0.0,27.704796766666664,26.4528289,0.0,0.99447925018,28.7,0.0,0.42819336309525,4.1424606547675,8.319532589275,0.0,4.296728869045919,3.947930813364526,11.428243348172957
2020-05-28 20:00:00,0.0,0.0,183432.0,26.810803644047617,25.272813367857143,0.0,20,-0.8660254037844386,0.5000000000000001,149,0.5467112728685939,-0.8373211953118121,0,0.0,26.810803644047617,25.272813367857143,0.0,0.9989633092021428,28.7,0.0,0.0,0.42819336309525,4.1424606547675,0.0,1.5235513392875857,2.278124643446904,7.8149187202562915
2020-05-28 21:00:00,0.0,0.0,183432.0,23.45720641062271,22.29331460989011,0.0,21,-0.7071067811865477,0.7071067811865474,149,0.5467112728685939,-0.8373211953118121,0,0.0,23.45720641062271,22.29331460989011,0.0,1.0102854044824177,28.7,0.0,0.0,0.0,0.42819336309525,0.0,0.14273112103175237,0.24721755344774507,5.088550471231292
2020-05-28 22:00:00,0.0,0.0,183432.0,21.111613564285715,20.151641272619045,0.0,22,-0.5000000000000004,0.8660254037844384,149,0.5467112728685939,-0.8373211953118121,0,0.0,21.111613564285715,20.151641272619045,0.0,1.0184237631640476,28.7,0.0,0.0,0.0,0.0,0.0,0.0,0.0,2.148364434522958
2020-05-28 23:00:00,0.0,0.0,183432.0,21.19120492051282,20.330652883333332,0.0,23,-0.25881904510252157,0.9659258262890681,149,0.5467112728685939,-0.8373211953118121,0,0.0,21.19120492051282,20.330652883333332,0.0,1.0177435190433333,28.7,0.0,0.0,0.0,0.0,0.0,0.0,0.0,0.7617756696437916
2020-05-29 00:00:00,0.0,0.0,183432.0,20.99364608333333,20.151810249999997,0.0,0,0.0,1.0,150,0.5322271388474397,-0.8466016020976267,0,0.0,20.99364608333333,20.151810249999997,0.0,1.01842312105,28.7,0.0,0.0,0.0,0.0,0.0,0.0,0.0,0.071365560515875
2020-05-29 01:00:00,0.0,0.0,183432.0,20.694438005769232,19.817784893589746,0.0,1,0.25881904510252074,0.9659258262890683,150,0.5322271388474397,-0.8466016020976267,0,0.0,20.694438005769232,19.817784893589746,0.0,1.019692417404359,28.7,0.0,0.0,0.0,0.0,0.0,0.0,0.0,0.0
2020-05-29 02:00:00,0.0,0.0,183432.0,20.694438005769232,19.817784893589746,0.0,2,0.49999999999999994,0.8660254037844387,150,0.5322271388474397,-0.8466016020976267,0,0.0,20.694438005769232,19.817784893589746,0.0,1.019692417404359,28.7,0.0,0.0,0.0,0.0,0.0,0.0,0.0,0.0
2020-05-29 03:00:00,0.0,0.0,183432.0,20.694438005769232,19.817784893589746,0.0,3,0.7071067811865475,0.7071067811865476,150,0.5322271388474397,-0.8466016020976267,0,0.0,20.694438005769232,19.817784893589746,0.0,1.019692417404359,28.7,0.0,0.0,0.0,0.0,0.0,0.0,0.0,0.0
2020-05-29 04:00:00,0.0,0.0,183432.0,20.694438005769232,19.817784893589746,0.0,4,0.8660254037844386,0.5000000000000001,150,0.5322271388474397,-0.8466016020976267,0,0.0,20.694438005769232,19.817784893589746,0.0,1.019692417404359,28.7,0.0,0.0,0.0,0.0,0.0,0.0,0.0,0.0
2020-05-29 05:00:00,1.0755779166600001,11.04679960345,183432.0,20.694438005769232,19.817784893589746,0.03451725622023807,5,0.9659258262890683,0.25881904510252074,150,0.5322271388474397,-0.8466016020976267,0,34.51725622023807,20.694438005769232,19.817784893589746,0.0,1.019692417404359,28.7,0.03747658246202091,0.0,0.0,0.0,0.0,0.0,0.0,0.0
2020-05-29 06:00:00,2.1511558333200003,22.0935992069,1054.94642857,21.008914966666666,21.026031716666665,0.06903451244047613,6,1.0,6.123233995736766e-17,150,0.5322271388474397,-0.8466016020976267,0,69.03451244047613,21.008914966666666,21.026031716666665,0.0,1.0151010794766666,28.7,0.07495316492404182,1.0755779166600001,0.0,0.0,1.4343125000199999,0.35852597222000243,0.620985199718068,0.17926298611000002
2020-05-29 07:00:00,4.785124553525,48.803526786000006,5510.7857142,21.931272933333336,26.33282368333333,0.15142690999999994,7,0.9659258262890683,-0.25881904510252063,150,0.5322271388474397,-0.8466016020976267,0,151.42690999999994,21.931272933333336,26.33282368333333,41.5,0.9949352700033334,28.7,0.16672907852003485,2.1511558333200003,1.0755779166600001,0.0,6.635574107149999,1.0755779166600024,1.0755779166600001,0.5377889583300001
2020-05-29 08:00:00,9.812829464375,100.0095089285,14512.6607142,23.39789618214286,33.85840351071428,0.32145518480952373,8,0.8660254037844387,-0.49999999999999983,150,0.5322271388474397,-0.8466016020976267,0,321.45518480952376,23.39789618214286,33.85840351071428,35.7,0.9663380666592857,28.7,0.3419104342987805,4.785124553525,2.1511558333200003,1.0755779166600001,13.5675625,2.670619434501669,1.908550729607043,1.3353097172508335
2020-05-29 09:00:00,16.628970089325,169.9144598215,30369.446427,25.397425883333334,45.4178661,0.5679020458333334,9,0.7071067811865476,-0.7071067811865475,150,0.5322271388474397,-0.8466016020976267,0,567.9020458333333,25.397425883333334,45.4178661,19.7,0.92241210882,28.7,0.5794066233214287,9.812829464375,4.785124553525,2.1511558333200003,19.4674785714,5.583036617073335,3.8926608448550772,2.9707812946466667
2020-05-29 10:00:00,23.6951483639,242.73906696975,53138.928570000004,27.64853515,55.300663633333336,0.8429225341666666,10,0.49999999999999994,-0.8660254037844387,150,0.5322271388474397,-0.8466016020976267,0,842.9225341666667,27.64853515,55.300663633333336,2.7,0.8848574781933334,28.7,0.8256149255714286,16.628970089325,9.812829464375,4.785124553525,21.55912901775,10.408974702408335,5.944384840132306,5.742276309534167
2020-05-29 11:00:00,23.900585268125,244.91041518225,76722.5,29.19579075238095,56.95102501547619,0.8802125378333333,11,0.258819045102521,-0.9659258262890682,150,0.5322271388474397,-0.8466016020976267,0,880.2125378333333,29.19579075238095,56.95102501547619,8.9,0.8785861049411905,28.7,0.832773005858014,23.6951483639,16.628970089325,9.812829464375,26.24642232055,16.712315972533336,6.941534730102061,9.691467703517501
2020-05-29 12:00:00,24.912453125,255.2789017925,101590.696428,30.176429749999997,60.047652750000005,0.8647957854999999,12,1.2246467991473532e-16,-1.0,150,0.5322271388474397,-0.8466016020976267,0,864.7957855,30.176429749999997,60.047652750000005,13.5,0.86681891955,28.7,0.8680297256097561,23.900585268125,23.6951483639,16.628970089325,25.799924821875,21.408234573783336,4.140238862639207,13.495635595428332
2020-05-29 13:00:00,23.608236607175,241.8370267745,126520.642858,31.295939158333333,60.91278727738096,0.845985537952381,13,-0.2588190451025208,-0.9659258262890683,150,0.5322271388474397,-0.8466016020976267,0,845.9855379523809,31.295939158333333,60.91278727738096,12.4,0.8635314083459523,28.7,0.8225866413649826,24.912453125,23.900585268125,23.6951483639,21.6799477675,24.169395585675,0.6516532517107756,17.289185144041664
2020-05-29 14:00:00,17.724811160774998,181.14670535875,144056.107143,31.693425566666665,52.09330603333333,0.6152179005,14,-0.4999999999999998,-0.8660254037844388,150,0.5322271388474397,-0.8466016020976267,0,615.2179005,31.693425566666665,52.09330603333333,29.0,0.8970454370733334,28.7,0.6175892390513936,23.608236607175,24.912453125,23.900585268125,16.35820949415,24.1404250001,0.6843884161185938,20.426370486316667
2020-05-29 15:00:00,15.88294375005,162.21934821475,160389.857142,32.364440694047616,50.30777927619047,0.5346083614404763,15,-0.7071067811865471,-0.7071067811865479,150,0.5322271388474397,-0.8466016020976267,0,534.6083614404763,32.364440694047616,50.30777927619047,24.4,0.9038304387504762,28.7,0.5534126742177701,17.724811160774998,23.608236607175,24.912453125,17.64111622025,22.081833630983336,3.8292269175079183,21.745034102383332
2020-05-29 16:00:00,11.271644196375,114.94241517875,172752.196428,31.691142283333335,44.245344,0.37517764783333335,16,-0.8660254037844384,-0.5000000000000004,150,0.5322271388474397,-0.8466016020976267,0,375.17764783333337,31.691142283333335,44.245344,25.0,0.9268676928,28.7,0.39274021590156794,15.88294375005,17.724811160774998,23.608236607175,8.319532589275,19.071997172666666,4.034999386005421,21.620696379170834
2020-05-29 17:00:00,4.1354892856675,42.24563839255,177594.571429,29.33880534404762,33.46507734761905,0.13573970194166665,17,-0.9659258262890683,-0.25881904510252063,150,0.5322271388474397,-0.8466016020976267,0,135.73970194166665,29.33880534404762,33.46507734761905,47.6,0.9678327060790476,28.7,0.14409370333336238,11.271644196375,15.88294375005,17.724811160774998,4.1424606547675,14.959799702400003,3.3241520974738243,19.55011235125
2020-05-29 18:00:00,0.306054166665,3.16534077385,80126.0,27.61383406666667,26.88047481666667,0.011695278211499974,18,-1.0,-1.8369701987210297e-16,150,0.5322271388474397,-0.8466016020976267,0,11.695278211499973,27.61383406666667,26.88047481666667,0.0,0.9928541956966667,28.7,0.010663908246167248,4.1354892856675,11.271644196375,15.88294375005,0.42819336309525,10.430025744030836,5.918776293515387,16.255929687507084
2020-05-29 19:00:00,0.0,0.0,80126.0,26.084994549999998,23.9461111,0.0,19,-0.9659258262890684,0.2588190451025203,150,0.5322271388474397,-0.8466016020976267,0,0.0,26.084994549999998,23.9461111,0.0,1.00400477782,28.7,0.0,0.306054166665,4.1354892856675,11.271644196375,0.0,5.237729216235835,5.5652709568648415,12.15486319445125
2020-05-29 20:00:00,0.0,0.0,80126.0,25.5755309,24.111533569047616,0.0,20,-0.8660254037844386,0.5000000000000001,150,0.5322271388474397,-0.8466016020976267,0,0.0,25.5755309,24.111533569047616,0.0,1.0033761724376191,28.7,0.0,0.0,0.306054166665,4.1354892856675,0.0,1.4805144841108355,2.304362316544187,8.220157093255418
2020-05-29 21:00:00,0.0,0.0,80126.0,25.52290545,24.20298665,0.0,21,-0.7071067811865477,0.7071067811865474,150,0.5322271388474397,-0.8466016020976267,0,0.0,25.52290545,24.20298665,0.0,1.00302865073,28.7,0.0,0.0,0.0,0.306054166665,0.0,0.10201805555500237,0.1767004555106191,5.266021899792917
2020-05-29 22:00:00,0.0,0.0,80126.0,23.568339184523808,22.436549014285717,0.0,22,-0.5000000000000004,0.8660254037844384,150,0.5322271388474397,-0.8466016020976267,0,0.0,23.568339184523808,22.436549014285717,0.0,1.0097411137457142,28.7,0.0,0.0,0.0,0.0,0.0,0.0,0.0,2.6188646081179168
2020-05-29 23:00:00,0.0,0.0,74863.785714,21.53329725,20.767105583333333,0.0,23,-0.25881904510252157,0.9659258262890681,150,0.5322271388474397,-0.8466016020976267,0,0.0,21.53329725,20.767105583333333,0.0,1.0160849987833334,28.7,0.0,0.0,0.0,0.0,0.0,0.0,0.0,0.7402572420554167
2020-05-30 00:00:00,0.0,0.0,0.0,21.439897183333333,20.64846945,0.0,0,0.0,1.0,151,0.5175855102531889,-0.8556314858488706,1,0.0,21.439897183333333,20.64846945,0.0,1.01653581609,28.7,0.0,0.0,0.0,0.0,0.0,0.0,0.0,0.0510090277775
2020-05-30 01:00:00,0.0,0.0,0.0,21.296016308333332,20.39627513809524,0.0,1,0.25881904510252074,0.9659258262890683,151,0.5175855102531889,-0.8556314858488706,1,0.0,21.296016308333332,20.39627513809524,0.0,1.017494154475238,28.7,0.0,0.0,0.0,0.0,0.0,0.0,0.0,0.0
2020-05-30 02:00:00,0.0,0.0,0.0,21.32039436666667,20.566225116666665,0.0,2,0.49999999999999994,0.8660254037844387,151,0.5175855102531889,-0.8556314858488706,1,0.0,21.32039436666667,20.566225116666665,0.0,1.0168483445566667,28.7,0.0,0.0,0.0,0.0,0.0,0.0,0.0,0.0
2020-05-30 03:00:00,0.0,0.0,0.0,21.389394447619047,20.53873051904762,0.0,3,0.7071067811865475,0.7071067811865476,151,0.5175855102531889,-0.8556314858488706,1,0.0,21.389394447619047,20.53873051904762,0.0,1.016952824027619,28.7,0.0,0.0,0.0,0.0,0.0,0.0,0.0,0.0
2020-05-30 04:00:00,0.0,0.0,0.0,21.392139150000002,20.47306675,0.0,4,0.8660254037844386,0.5000000000000001,151,0.5175855102531889,-0.8556314858488706,1,0.0,21.392139150000002,20.47306675,0.0,1.01720234635,28.7,0.0,0.0,0.0,0.0,0.0,0.0,0.0,0.0
2020-05-30 05:00:00,0.0,0.0,0.0,21.251900301190474,20.09265811547619,0.000263558286696425,5,0.9659258262890683,0.25881904510252074,151,0.5175855102531889,-0.8556314858488706,1,0.263558286696425,21.251900301190474,20.09265811547619,0.0,1.0186478991611905,28.7,0.0,0.0,0.0,0.0,1.0755779166600001,0.0,0.0,0.0
2020-05-30 06:00:00,1.222040624985,12.593723214425,860.94642857,21.31949308333333,20.67088216666667,0.041216641256666624,6,1.0,6.123233995736766e-17,151,0.5175855102531889,-0.8556314858488706,1,41.21664125666663,21.31949308333333,20.67088216666667,0.0,1.0164506477666666,28.7,0.04257981271724739,0.0,0.0,0.0,2.1511558333200003,0.0,0.0,0.0
2020-05-30 07:00:00,4.445184821425,45.35421875,4995.5357144,22.297559616666668,25.089831483333334,0.14200059901666665,7,0.9659258262890683,-0.25881904510252063,151,0.5175855102531889,-0.8556314858488706,1,142.00059901666665,22.297559616666668,25.089831483333334,45.1,0.9996586403633333,28.7,0.15488448855139375,1.222040624985,0.0,0.0,4.785124553525,0.4073468749950024,0.7055454837957482,0.2036734374975
2020-05-30 08:00:00,7.798385714275,79.37591964399999,12540.8035715,23.444931727380954,32.405807847619045,0.25941299097619047,8,0.8660254037844387,-0.49999999999999983,151,0.5175855102531889,-0.8556314858488706,1,259.4129909761905,23.444931727380954,32.405807847619045,48.1,0.9718579301790476,28.7,0.2717207565949477,4.445184821425,1.222040624985,0.0,9.812829464375,1.889075148803336,2.2964360030558146,0.9445375744016667
2020-05-30 09:00:00,10.843975000024999,110.5619464285,23094.4285716,24.622521916666667,35.227966800000004,0.34362687649999996,9,0.7071067811865476,-0.7071067811865475,151,0.5175855102531889,-0.8556314858488706,1,343.6268765,24.622521916666667,35.227966800000004,51.4,0.96113372616,28.7,0.37783885017508706,7.798385714275,4.445184821425,1.222040624985,16.628970089325,4.488537053561669,3.2883868758679533,2.2442685267808336
2020-05-30 10:00:00,10.595431696375,108.02869642925,33431.714286,24.88764245,31.512654929761904,0.3168655618809524,10,0.49999999999999994,-0.8660254037844387,151,0.5175855102531889,-0.8556314858488706,1,316.8655618809524,24.88764245,31.512654929761904,63.4,0.9752519112669048,28.7,0.36917880475174214,10.843975000024999,7.798385714275,4.445184821425,23.6951483639,7.695848511908335,3.2006271800756245,4.051597693451666
2020-05-30 11:00:00,17.97558125015,183.7692008925,50634.392858,25.755790733333335,42.120661383333335,0.5818618121666665,11,0.258819045102521,-0.9659258262890682,151,0.5175855102531889,-0.8556314858488706,1,581.8618121666666,25.755790733333335,42.120661383333335,39.8,0.9349414867433333,28.7,0.6263268728275262,10.595431696375,10.843975000024999,7.798385714275,23.900585268125,9.745930803558336,1.6911955385291924,5.817502976180833
2020-05-30 12:00:00,24.941030802775,255.547584824,75244.035715,27.993843972619047,60.948579685714286,0.9612937132380953,12,1.2246467991473532e-16,-1.0,151,0.5175855102531889,-0.8556314858488706,1,961.2937132380953,27.993843972619047,60.948579685714286,3.9,0.8633953971942857,28.7,0.869025463511324,17.97558125015,10.595431696375,10.843975000024999,24.912453125,13.13832931551667,4.1910259069567655,8.813433184539166
2020-05-30 13:00:00,22.955246875125,235.061999995,97627.214285,29.081033383333335,54.5196696,0.8225208319999999,13,-0.2588190451025208,-0.9659258262890683,151,0.5175855102531889,-0.8556314858488706,1,822.5208319999999,29.081033383333335,54.5196696,14.8,0.88782525552,28.7,0.7998343858928572,24.941030802775,17.97558125015,10.595431696375,23.608236607175,17.837347916433334,7.173798489733243,12.766598214170834
2020-05-30 14:00:00,23.375386606975,239.307517857,121420.785714,30.095827720238095,53.460254739285716,0.8136779358571429,14,-0.4999999999999998,-0.8660254037844388,151,0.5175855102531889,-0.8556314858488706,1,813.6779358571429,30.095827720238095,53.460254739285716,6.0,0.8918510319907142,28.7,0.8144734009398954,22.955246875125,24.941030802775,17.97558125015,17.724811160774998,21.95728630935,3.5883583761481277,15.851608556454167
2020-05-30 15:00:00,18.36128705355,187.64588392899998,140515.732142,30.723655733333334,48.354659516666665,0.6186222878333333,15,-0.7071067811865471,-0.7071067811865479,151,0.5175855102531889,-0.8556314858488706,1,618.6222878333333,30.723655733333334,48.354659516666665,12.5,0.9112522938366667,28.7,0.6397660994268293,23.375386606975,22.955246875125,24.941030802775,15.88294375005,23.75722142829167,1.0465098302957885,18.447775371904168
2020-05-30 16:00:00,11.219797767875,114.430129465,152644.053572,30.917674051190474,41.179524063095236,0.38102523015476186,16,-0.8660254037844384,-0.5000000000000004,151,0.5175855102531889,-0.8556314858488706,1,381.02523015476186,30.917674051190474,41.179524063095236,23.8,0.9385178085602381,28.7,0.3909337201350175,18.36128705355,23.375386606975,22.955246875125,11.271644196375,21.563973511883333,2.7815516823103517,19.700660714158335
2020-05-30 17:00:00,4.7558383928675,48.512062501,158276.69643,30.121506716666666,33.593877133333336,0.16869172773333332,17,-0.9659258262890683,-0.25881904510252063,151,0.5175855102531889,-0.8556314858488706,1,168.69172773333332,30.121506716666666,33.593877133333336,34.8,0.9673432668933333,28.7,0.16570865480374566,11.219797767875,18.36128705355,23.375386606975,4.1354892856675,17.652157142800004,6.108742417965699,19.804721726074998
2020-05-30 18:00:00,0.5216120535705,5.3893392857075,159056.0,28.32141115,26.549042733333334,0.017683775219999975,18,-1.0,-1.8369701987210297e-16,151,0.5175855102531889,-0.8556314858488706,1,17.683775219999976,28.32141115,26.549042733333334,0.0,0.9941136376133334,28.7,0.018174636012909407,4.7558383928675,11.219797767875,18.36128705355,0.306054166665,11.445641071430837,6.805535409718894,17.60143124986125
2020-05-30 19:00:00,0.0,0.0,159056.0,26.63507949404762,23.769341951190476,0.0,19,-0.9659258262890684,0.2588190451025203,151,0.5175855102531889,-0.8556314858488706,1,0.0,26.63507949404762,23.769341951190476,0.0,1.004676500585476,28.7,0.0,0.5216120535705,4.7558383928675,11.219797767875,0.0,5.4990827381043355,5.387680717338616,13.531528124993834
2020-05-30 20:00:00,0.0,0.0,159056.0,25.23827765,23.3354121,0.0,20,-0.8660254037844386,0.5000000000000001,151,0.5175855102531889,-0.8556314858488706,1,0.0,25.23827765,23.3354121,0.0,1.00632543402,28.7,0.0,0.0,0.5216120535705,4.7558383928675,0.0,1.759150148812669,2.6082801052897104,9.705653645806333
2020-05-30 21:00:00,0.0,0.0,159056.0,23.70420788690476,21.58626489047619,0.0,21,-0.7071067811865477,0.7071067811865474,151,0.5175855102531889,-0.8556314858488706,1,0.0,23.70420788690476,21.58626489047619,0.0,1.0129721934161904,28.7,0.0,0.0,0.0,0.5216120535705,0.0,0.17387068452350238,0.3011528595419547,5.809755877977167
2020-05-30 22:00:00,0.0,0.0,159056.0,23.27743681666667,21.23468588333333,0.0,22,-0.5000000000000004,0.8660254037844384,151,0.5175855102531889,-0.8556314858488706,1,0.0,23.27743681666667,21.23468588333333,0.0,1.0143081936433334,28.7,0.0,0.0,0.0,0.0,0.0,0.0,5.358550134604001e-07,2.749541369052167
2020-05-30 23:00:00,0.0,0.0,145198.142857,23.261721625,21.30975289761905,0.0,23,-0.25881904510252157,0.9659258262890681,151,0.5175855102531889,-0.8556314858488706,1,0.0,23.261721625,21.30975289761905,0.0,1.0140229389890476,28.7,0.0,0.0,0.0,0.0,0.0,0.0,5.358550134604001e-07,0.8795750744063334
2020-05-31 00:00:00,0.0,0.0,0.0,23.431380716666666,21.772142483333333,0.0,0,0.0,1.0,152,0.5027907197793043,-0.8644081744776648,1,0.0,23.431380716666666,21.772142483333333,0.0,1.0122658585633333,28.7,0.0,0.0,0.0,0.0,0.0,0.0,5.358550134604001e-07,0.08693534226175
2020-05-31 01:00:00,0.0,0.0,0.0,23.643260585714287,22.202290557142856,0.0,1,0.25881904510252074,0.9659258262890683,152,0.5027907197793043,-0.8644081744776648,1,0.0,23.643260585714287,22.202290557142856,0.0,1.0106312958828572,28.7,0.0,0.0,0.0,0.0,0.0,0.0,5.358550134604001e-07,0.0
2020-05-31 02:00:00,0.0,0.0,0.0,23.256448883333334,21.4475063,0.0,2,0.49999999999999994,0.8660254037844387,152,0.5027907197793043,-0.8644081744776648,1,0.0,23.256448883333334,21.4475063,0.0,1.01349947606,28.7,0.0,0.0,0.0,0.0,0.0,0.0,5.358550134604001e-07,0.0
2020-05-31 03:00:00,0.0,0.0,0.0,22.811892746428573,21.01503390238095,0.0,3,0.7071067811865475,0.7071067811865476,152,0.5027907197793043,-0.8644081744776648,1,0.0,22.811892746428573,21.01503390238095,0.0,1.0151428711709525,28.7,0.0,0.0,0.0,0.0,0.0,0.0,5.358550134604001e-07,0.0
2020-05-31 04:00:00,0.0,0.0,0.0,22.364622999999998,20.756352733333333,0.0,4,0.8660254037844386,0.5000000000000001,152,0.5027907197793043,-0.8644081744776648,1,0.0,22.364622999999998,20.756352733333333,0.0,1.0161258596133333,28.7,0.0,0.0,0.0,0.0,0.0,0.0,5.358550134604001e-07,0.0
2020-05-31 05:00:00,0.0,0.0,0.0,22.032395588095238,20.565469147619048,0.00032375399767855,5,0.9659258262890683,0.25881904510252074,152,0.5027907197793043,-0.8644081744776648,1,0.32375399767855,22.032395588095238,20.565469147619048,0.0,1.0168512172390476,28.7,0.0,0.0,0.0,0.0,0.0,0.0,5.358550134604001e-07,0.0
2020-05-31 06:00:00,1.28656294646375,13.261651785489999,996.17857143,22.255024816666666,21.75386655,0.042268592586666626,6,1.0,6.123233995736766e-17,152,0.5027907197793043,-0.8644081744776648,1,42.26859258666663,22.255024816666666,21.75386655,0.0,1.01233530711,28.7,0.04482797722870209,0.0,0.0,0.0,1.222040624985,0.0,5.358550134604001e-07,0.0
2020-05-31 07:00:00,3.6459348214749996,37.290308036249996,4279.7678573,22.9230814,24.47139335,0.11429403971666666,7,0.9659258262890683,-0.25881904510252063,152,0.5027907197793043,-0.8644081744776648,1,114.29403971666666,22.9230814,24.47139335,55.8,1.00200870527,28.7,0.12703605649738675,1.28656294646375,0.0,0.0,4.445184821425,0.428854315487919,0.7427974634704337,0.21442715774395835
2020-05-31 08:00:00,9.469008482075001,96.53493303524999,12204.2857143,24.12895488452381,31.152774017857148,0.3103530583928571,8,0.8660254037844387,-0.49999999999999983,152,0.5027907197793043,-0.8644081744776648,1,310.3530583928571,24.12895488452381,31.152774017857148,37.9,0.9766194587321428,28.7,0.32993060913153316,3.6459348214749996,1.28656294646375,0.0,7.798385714275,1.6441659226462522,1.8490862870732092,0.822082961323125
2020-05-31 09:00:00,14.569510267850001,148.79825446425,27215.767856,25.895447333333333,42.324756066666666,0.481262297,9,0.7071067811865476,-0.7071067811865475,152,0.5027907197793043,-0.8644081744776648,1,481.262297,25.895447333333333,42.324756066666666,31.9,0.9341659269466667,28.7,0.5076484413885017,9.469008482075001,3.6459348214749996,1.28656294646375,10.843975000024999,4.800502083337919,4.2116354195770045,2.4002510416689584
2020-05-31 10:00:00,20.7357522326,212.29728571675003,47182.035714,27.450291425000003,47.239492523809524,0.7364355854880953,10,0.49999999999999994,-0.8660254037844387,152,0.5027907197793043,-0.8644081744776648,1,736.4355854880953,27.450291425000003,47.239492523809524,15.0,0.9154899284095238,28.7,0.7225000777909407,14.569510267850001,9.469008482075001,3.6459348214749996,10.595431696375,9.228151190466669,5.465769324564708,4.828502752977292
2020-05-31 11:00:00,20.510125000275,209.977477677,68220.160714,28.540163149999998,48.55766298333333,0.6111365016666666,11,0.258819045102521,-0.9659258262890682,152,0.5027907197793043,-0.8644081744776648,1,611.1365016666665,28.540163149999998,48.55766298333333,36.7,0.9104808806633333,28.7,0.7146385017517422,20.7357522326,14.569510267850001,9.469008482075001,17.97558125015,14.924756994175004,5.641766466490976,8.284461458410625
2020-05-31 12:00:00,20.12971607115,206.07574107125,86665.232142,29.561058302380953,51.63714665595238,0.7024086472023809,12,1.2246467991473532e-16,-1.0,152,0.5027907197793043,-0.8644081744776648,1,702.408647202381,29.561058302380953,51.63714665595238,29.8,0.898778842707381,28.7,0.7013838352317073,20.510125000275,20.7357522326,14.569510267850001,24.941030802775,18.605129166908338,3.4967687707109367,11.702815625123124
2020-05-31 13:00:00,14.119450000025001,144.35991071425002,102025.875002,30.26397346666667,50.67387648333333,0.5152410561833333,13,-0.2588190451025208,-0.9659258262890683,152,0.5027907197793043,-0.8644081744776648,1,515.2410561833333,30.26397346666667,50.67387648333333,46.7,0.9024392693633333,28.7,0.49196689895557494,20.12971607115,20.510125000275,20.7357522326,22.955246875125,20.458531101341666,0.3062946376475143,14.843341145904168
2020-05-31 14:00:00,12.75149464285,130.4554151805,116240.267857,30.321678633333335,46.48818968333334,0.4501184893333333,14,-0.4999999999999998,-0.8660254037844388,152,0.5027907197793043,-0.8644081744776648,1,450.11848933333334,30.321678633333335,46.48818968333334,48.0,0.9183448792033333,28.7,0.444302949228223,14.119450000025001,20.12971607115,20.510125000275,23.375386606975,18.253097023816668,3.5848927496252676,16.588927008995835
2020-05-31 15:00:00,5.693608035775,58.006549107249995,121783.767857,27.558802710714286,31.797078135714287,0.17393400943095236,15,-0.7071067811865471,-0.7071067811865479,152,0.5027907197793043,-0.8644081744776648,1,173.93400943095236,27.558802710714286,31.797078135714287,75.4,0.9741711030842857,28.7,0.19838355525348433,12.75149464285,14.119450000025001,20.12971607115,18.36128705355,15.666886904675003,3.9249788014282267,17.136008035791665
2020-05-31 16:00:00,4.728608035725,48.207361607749995,126881.142857,27.780120883333332,32.202238066666666,0.1453450151166666,16,-0.8660254037844384,-0.5000000000000004,152,0.5027907197793043,-0.8644081744776648,1,145.3450151166666,27.780120883333332,32.202238066666666,70.9,0.9726314953466667,28.7,0.16475986187195124,5.693608035775,12.75149464285,14.119450000025001,11.219797767875,10.854850892883334,4.521796804075222,15.6566909971125
2020-05-31 17:00:00,3.3359723214,34.1147321425,130445.071429,28.025526807142857,30.392372797619046,0.10592595277857139,17,-0.9659258262890683,-0.25881904510252063,152,0.5027907197793043,-0.8644081744776648,1,105.92595277857139,28.025526807142857,30.392372797619046,59.1,0.9795089833690476,28.7,0.11623596938675958,4.728608035725,5.693608035775,12.75149464285,4.7558383928675,7.7245702381166685,4.380100795438608,12.988833630966667
2020-05-31 18:00:00,0.5090508928535,5.2585044643100005,131229.0,27.0164485,26.382060733333333,0.017317528404499974,18,-1.0,-1.8369701987210297e-16,152,0.5027907197793043,-0.8644081744776648,1,17.317528404499974,27.0164485,26.382060733333333,0.0,0.9947481692133333,28.7,0.017736964907787457,3.3359723214,4.728608035725,5.693608035775,0.5216120535705,4.586062797633335,1.1852640630261357,10.126474851154168
2020-05-31 19:00:00,0.0,0.0,125291.0,25.682224060714287,23.658965822619045,0.0,19,-0.9659258262890684,0.2588190451025203,152,0.5027907197793043,-0.8644081744776648,1,0.0,25.682224060714287,23.658965822619045,0.0,1.0050959298740476,28.7,0.0,0.5090508928535,3.3359723214,4.728608035725,0.0,2.857877083326168,2.15002253778682,6.85636398810475
2020-05-31 20:00:00,0.0,0.0,125291.0,24.8379374,22.272830183333333,0.0,20,-0.8660254037844386,0.5000000000000001,152,0.5027907197793043,-0.8644081744776648,1,0.0,24.8379374,22.272830183333333,0.0,1.0103632453033333,28.7,0.0,0.0,0.5090508928535,3.3359723214,0.0,1.2816744047511677,1.797188957967329,4.503122321433916
2020-05-31 21:00:00,0.0,0.0,125291.0,24.232111375,22.053939670238094,0.0,21,-0.7071067811865477,0.7071067811865474,152,0.5027907197793043,-0.8644081744776648,1,0.0,24.232111375,22.053939670238094,0.0,1.0111950292530953,28.7,0.0,0.0,0.0,0.5090508928535,0.0,0.16968363095116787,0.29390067002046105,2.3778732142922503
2020-05-31 22:00:00,0.0,0.0,125291.0,23.76321355,21.650489816666667,0.0,22,-0.5000000000000004,0.8660254037844384,152,0.5027907197793043,-0.8644081744776648,1,0.0,23.76321355,21.650489816666667,0.0,1.0127281386966667,28.7,0.0,0.0,0.0,0.0,0.0,0.0,4.020053995713561e-07,1.4289385416630835
2020-05-31 23:00:00,0.0,0.0,113737.142857,23.566329366666665,21.389177933333333,0.0,23,-0.25881904510252157,0.9659258262890681,152,0.5027907197793043,-0.8644081744776648,1,0.0,23.566329366666665,21.389177933333333,0.0,1.0137211238533332,28.7,0.0,0.0,0.0,0.0,0.0,0.0,4.020053995713561e-07,0.6408372023755833
2020-06-01 00:00:00,0.0,0.0,0.0,22.984830366666667,20.318536004761906,0.0,0,0.0,1.0,153,0.4878471454423119,-0.8729290708206411,0,0.0,22.984830366666667,20.318536004761906,0.0,1.0177895631819047,28.7,0.0,0.0,0.0,0.0,0.0,0.0,4.020053995713561e-07,0.08484181547558334
2020-06-01 01:00:00,0.0,0.0,0.0,22.402358516666666,20.1491374,0.0,1,0.25881904510252074,0.9659258262890683,153,0.4878471454423119,-0.8729290708206411,0,0.0,22.402358516666666,20.1491374,0.0,1.01843327788,28.7,0.0,0.0,0.0,0.0,0.0,0.0,4.020053995713561e-07,0.0
2020-06-01 02:00:00,0.0,0.0,0.0,21.9681661,20.016897077380953,0.0,2,0.49999999999999994,0.8660254037844387,153,0.4878471454423119,-0.8729290708206411,0,0.0,21.9681661,20.016897077380953,0.0,1.0189357911059524,28.7,0.0,0.0,0.0,0.0,0.0,0.0,4.020053995713561e-07,0.0
2020-06-01 03:00:00,0.0,0.0,0.0,21.612367283333334,19.589257216666667,0.0,3,0.7071067811865475,0.7071067811865476,153,0.4878471454423119,-0.8729290708206411,0,0.0,21.612367283333334,19.589257216666667,0.0,1.0205608225766667,28.7,0.0,0.0,0.0,0.0,0.0,0.0,4.020053995713561e-07,0.0
2020-06-01 04:00:00,0.0,0.0,0.0,21.450485383333334,19.756565020238096,0.0,4,0.8660254037844386,0.5000000000000001,153,0.4878471454423119,-0.8729290708206411,0,0.0,21.450485383333334,19.756565020238096,0.0,1.0199250529230952,28.7,0.0,0.0,0.0,0.0,0.0,0.0,4.020053995713561e-07,0.0
2020-06-01 05:00:00,0.0,0.0,0.0,21.266458083333333,19.484783416666666,3.654130565e-05,5,0.9659258262890683,0.25881904510252074,153,0.4878471454423119,-0.8729290708206411,0,0.03654130565,21.266458083333333,19.484783416666666,0.0,1.0209578230166667,28.7,0.0,0.0,0.0,0.0,0.0,0.0,4.020053995713561e-07,0.0
2020-06-01 06:00:00,1.6260625000205,16.703321428662502,1170.60714287,21.744154307142857,21.155460257142856,0.0547979956238095,6,1.0,6.123233995736766e-17,153,0.4878471454423119,-0.8729290708206411,0,54.7979956238095,21.744154307142857,21.155460257142856,0.0,1.014609251022857,28.7,0.05665722996587108,0.0,0.0,0.0,1.28656294646375,0.0,4.020053995713561e-07,0.0
2020-06-01 07:00:00,7.7436352678,78.906473214,7958.1428572,23.563298083333336,27.23845518333333,0.27861487283333325,7,0.9659258262890683,-0.25881904510252063,153,0.4878471454423119,-0.8729290708206411,0,278.61487283333327,23.563298083333336,27.23845518333333,0.0,0.9914938703033334,28.7,0.2698130755331011,1.6260625000205,0.0,0.0,3.6459348214749996,0.5420208333401678,0.938807622106076,0.27101041667008335
2020-06-01 08:00:00,13.150122321475,134.2055535715,20520.2857148,25.508490966666667,38.459726933333336,0.4616985471666666,8,0.8660254037844387,-0.49999999999999983,153,0.4878471454423119,-0.8729290708206411,0,461.6985471666666,25.508490966666667,38.459726933333336,7.7,0.9488530376533333,28.7,0.4581924153824042,7.7436352678,1.6260625000205,0.0,9.469008482075001,3.1232325892735013,4.0831495805682305,1.5616162946367502
2020-06-01 09:00:00,14.2518558036,145.52555357125,34423.589285,26.95265453452381,43.46012772619048,0.48206835892857136,9,0.7071067811865476,-0.7071067811865475,153,0.4878471454423119,-0.8729290708206411,0,482.06835892857134,26.95265453452381,43.46012772619048,31.8,0.9298515146404762,28.7,0.49658034158885017,13.150122321475,7.7436352678,1.6260625000205,14.569510267850001,7.5066066964318345,5.765685180431657,3.753303348215917
2020-06-01 10:00:00,21.428872767450002,219.39742857075,54845.107143,28.692367533333332,52.271818499999995,0.7905447196666667,10,0.49999999999999994,-0.8660254037844387,153,0.4878471454423119,-0.8729290708206411,0,790.5447196666668,28.692367533333332,52.271818499999995,8.7,0.8963670897,28.7,0.746650619074913,14.2518558036,13.150122321475,7.7436352678,20.7357522326,11.715204464291668,3.483313878808515,6.128612648815917
2020-06-01 11:00:00,20.818555356250002,213.190357146,77610.928571,29.727355910714287,55.17149921904762,0.7429766296190475,11,0.258819045102521,-0.9659258262890682,153,0.4878471454423119,-0.8729290708206411,0,742.9766296190476,29.727355910714287,55.17149921904762,23.1,0.885348302967619,28.7,0.7253852040505228,21.428872767450002,14.2518558036,13.150122321475,20.510125000275,16.276950297508336,4.495573714068795,9.700091443390917
2020-06-01 12:00:00,12.7487294643,130.133955357,90553.071429,29.500049866666668,46.198145616666665,0.4600924206666666,12,1.2246467991473532e-16,-1.0,153,0.4878471454423119,-0.8729290708206411,0,460.0924206666666,29.500049866666668,46.198145616666665,54.0,0.9194470466566667,28.7,0.444206601543554,20.818555356250002,21.428872767450002,14.2518558036,20.12971607115,18.833094642433338,3.979187581583681,13.169850669432584
2020-06-01 13:00:00,17.466475893225,178.63615118874998,107250.00000100001,28.725194160622706,42.481863639560444,0.5849628438763735,13,-0.2588190451025208,-0.9659258262890683,153,0.4878471454423119,-0.8729290708206411,0,584.9628438763735,28.725194160622706,42.481863639560444,39.4,0.9335689181696704,28.7,0.6085880102168989,12.7487294643,20.818555356250002,21.428872767450002,14.119450000025001,18.332052529333335,4.844919418525293,15.023628496812501
2020-06-01 14:00:00,7.6465526785249995,77.97944196475001,116121.125,27.03158118333333,33.09719545,0.2352925498333333,14,-0.4999999999999998,-0.8660254037844388,153,0.4878471454423119,-0.8729290708206411,0,235.2925498333333,27.03158118333333,33.09719545,72.8,0.96923065729,28.7,0.2664304069172474,17.466475893225,12.7487294643,20.818555356250002,12.75149464285,17.011253571258337,4.0541266634639435,16.644101934383333
2020-06-01 15:00:00,4.363589732075,44.54604017775,120895.0,26.699546175,30.1194295,0.1295021397130952,15,-0.7071067811865471,-0.7071067811865479,153,0.4878471454423119,-0.8729290708206411,0,129.5021397130952,26.699546175,30.1194295,81.7,0.9805461679,28.7,0.15204145407926828,7.6465526785249995,17.466475893225,12.7487294643,5.693608035775,12.620586012016668,4.9112155871966605,15.726840327225
2020-06-01 16:00:00,3.763094196475,38.41678125075,124611.089286,26.692817199999997,29.121524049999998,0.1140604543166666,16,-0.8660254037844384,-0.5000000000000004,153,0.4878471454423119,-0.8729290708206411,0,114.06045431666661,26.692817199999997,29.121524049999998,77.2,0.98433820861,28.7,0.13111826468554008,4.363589732075,7.6465526785249995,17.466475893225,4.728608035725,9.825539434608336,6.817799784417559,14.078795981970835
2020-06-01 17:00:00,1.9684339286049999,20.27116071435,126814.160716,25.831221066666668,26.855030783333333,0.061864866366666625,17,-0.9659258262890683,-0.25881904510252063,153,0.4878471454423119,-0.8729290708206411,0,61.864866366666625,25.831221066666668,26.855030783333333,76.1,0.9929508830233333,28.7,0.06858654803501742,3.763094196475,4.363589732075,7.6465526785249995,3.3359723214,5.257745535691669,2.0904421533033988,11.134499553475
2020-06-01 18:00:00,0.4468950892875,4.62129017855,127458.0,25.282939439285713,24.45079261309524,0.015798149495473774,18,-1.0,-1.8369701987210297e-16,153,0.4878471454423119,-0.8729290708206411,0,15.798149495473774,25.282939439285713,24.45079261309524,0.0,1.002086988070238,28.7,0.015571257466463415,1.9684339286049999,3.763094196475,4.363589732075,0.5090508928535,3.3650392857183355,1.246205687158968,7.9928126488675
2020-06-01 19:00:00,0.0,0.0,127458.0,24.5138815,22.59576976666667,0.0,19,-0.9659258262890684,0.2588190451025203,153,0.4878471454423119,-0.8729290708206411,0,0.0,24.5138815,22.59576976666667,0.0,1.0091360748866667,28.7,0.0,0.4468950892875,1.9684339286049999,3.763094196475,0.0,2.059474404789169,1.6599730135926651,5.942506919698751
2020-06-01 20:00:00,0.0,0.0,127458.0,23.856714479761905,21.55836550714286,0.0,20,-0.8660254037844386,0.5000000000000001,153,0.4878471454423119,-0.8729290708206411,0,0.0,23.856714479761905,21.55836550714286,0.0,1.0130782110728571,28.7,0.0,0.0,0.4468950892875,1.9684339286049999,0.0,0.8051096726308357,1.0319502403754568,3.03142760416125
2020-06-01 21:00:00,0.0,0.0,127458.0,23.464800999999998,21.038550816666667,0.0,21,-0.7071067811865477,0.7071067811865474,153,0.4878471454423119,-0.8729290708206411,0,0.0,23.464800999999998,21.038550816666667,0.0,1.0150535068966666,28.7,0.0,0.0,0.0,0.4468950892875,0.0,0.14896502976250237,0.25801500010017114,1.7570021577404165
2020-06-01 22:00:00,0.0,0.0,127458.0,22.970588082142854,20.370118630952376,0.0,22,-0.5000000000000004,0.8660254037844384,153,0.4878471454423119,-0.8729290708206411,0,0.0,22.970588082142854,20.370118630952376,0.0,1.0175935492023809,28.7,0.0,0.0,0.0,0.0,0.0,0.0,5.152874478267592e-07,1.0297372023945834
2020-06-01 23:00:00,0.0,0.0,115927.125,22.2660253,20.106944866666666,0.0,23,-0.25881904510252157,0.9659258262890681,153,0.4878471454423119,-0.8729290708206411,0,0.0,22.2660253,20.106944866666666,0.0,1.0185936095066668,28.7,0.0,0.0,0.0,0.0,0.0,0.0,5.152874478267592e-07,0.4025548363154166
2020-06-02 00:00:00,0.0,0.0,0.0,22.528203366666666,20.202085383333333,0.0,0,0.0,1.0,154,0.47275920928627757,-0.881191653407483,0,0.0,22.528203366666666,20.202085383333333,0.0,1.0182320755433334,28.7,0.0,0.0,0.0,0.0,0.0,0.0,5.152874478267592e-07,0.07448251488125
2020-06-02 01:00:00,0.0,0.0,0.0,21.91399434404762,20.039730632142856,0.0,1,0.25881904510252074,0.9659258262890683,154,0.47275920928627757,-0.881191653407483,0,0.0,21.91399434404762,20.039730632142856,0.0,1.0188490235978571,28.7,0.0,0.0,0.0,0.0,0.0,0.0,5.152874478267592e-07,0.0
2020-06-02 02:00:00,0.0,0.0,0.0,21.589045716666668,19.6532836,0.0,2,0.49999999999999994,0.8660254037844387,154,0.47275920928627757,-0.881191653407483,0,0.0,21.589045716666668,19.6532836,0.0,1.02031752232,28.7,0.0,0.0,0.0,0.0,0.0,0.0,5.152874478267592e-07,0.0
2020-06-02 03:00:00,0.0,0.0,0.0,21.306182786904763,19.64173472380952,0.0,3,0.7071067811865475,0.7071067811865476,154,0.47275920928627757,-0.881191653407483,0,0.0,21.306182786904763,19.64173472380952,0.0,1.0203614080495238,28.7,0.0,0.0,0.0,0.0,0.0,0.0,5.152874478267592e-07,0.0
2020-06-02 04:00:00,0.0,0.0,0.0,21.497141499999998,19.961939433333335,0.0,4,0.8660254037844386,0.5000000000000001,154,0.47275920928627757,-0.881191653407483,0,0.0,21.497141499999998,19.961939433333335,0.0,1.0191446301533333,28.7,0.0,0.0,0.0,0.0,0.0,0.0,5.152874478267592e-07,0.0
2020-06-02 05:00:00,0.0,0.0,0.0,21.683181952380952,20.17802011309524,1.9480226825e-05,5,0.9659258262890683,0.25881904510252074,154,0.47275920928627757,-0.881191653407483,0,0.019480226825,21.683181952380952,20.17802011309524,0.0,1.0183235235702381,28.7,0.0,0.0,0.0,0.0,0.0,0.0,5.152874478267592e-07,0.0
2020-06-02 06:00:00,0.943308482146,9.74158035716,693.82142856,21.9490306,21.57059075,0.03209249082499997,6,1.0,6.123233995736766e-17,154,0.47275920928627757,-0.881191653407483,0,32.09249082499997,21.9490306,21.57059075,0.0,1.01303175515,28.7,0.032867891363972127,0.0,0.0,0.0,1.6260625000205,0.0,5.152874478267592e-07,0.0
2020-06-02 07:00:00,4.24505848215,43.334142857,4519.9642857,23.107134245238097,25.21412415357143,0.13364666476190473,7,0.9659258262890683,-0.25881904510252063,154,0.47275920928627757,-0.881191653407483,0,133.64666476190473,23.107134245238097,25.21412415357143,48.4,0.9991863282164286,28.7,0.14791144537108014,0.943308482146,0.0,0.0,7.7436352678,0.3144361607153357,0.5446194060960908,0.15721808035766668
2020-06-02 08:00:00,15.104836607149998,154.26813839325,18405.6607143,25.130929483333333,41.071773316666665,0.5237007351666667,8,0.8660254037844387,-0.49999999999999983,154,0.47275920928627757,-0.881191653407483,0,523.7007351666667,25.130929483333333,41.071773316666665,0.0,0.9389272613966667,28.7,0.5263009270783972,4.24505848215,0.943308482146,0.0,13.150122321475,1.7294556547653357,2.2290470860844755,0.8647278273826666
2020-06-02 09:00:00,18.801330357175,192.27904464575,36328.339287,26.693789716666668,46.8221156,0.6472665915,9,0.7071067811865476,-0.7071067811865475,154,0.47275920928627757,-0.881191653407483,0,647.2665915,26.693789716666668,46.8221156,8.5,0.91707596072,28.7,0.655098618716899,15.104836607149998,4.24505848215,0.943308482146,14.2518558036,6.764401190482002,7.409287109455215,3.382200595241
2020-06-02 10:00:00,17.603222321425,179.90020089274998,54073.571429,27.368866341666667,45.2529863702381,0.5826241637023809,10,0.49999999999999994,-0.8660254037844387,154,0.47275920928627757,-0.881191653407483,0,582.6241637023809,27.368866341666667,45.2529863702381,32.7,0.9230386517930952,28.7,0.6133526941263067,18.801330357175,15.104836607149998,4.24505848215,21.428872767450002,12.717075148825002,7.566195629991852,6.5157556547701665
2020-06-02 11:00:00,15.477872767875,158.1018169645,70570.5,27.5636642,42.76973325,0.5013793961666666,11,0.258819045102521,-0.9659258262890682,154,0.47275920928627757,-0.881191653407483,0,501.3793961666666,27.5636642,42.76973325,48.1,0.93247501365,28.7,0.5392987027134146,17.603222321425,18.801330357175,15.104836607149998,20.818555356250002,17.169796428583336,1.8859772041126828,9.449626041674334
2020-06-02 12:00:00,20.288807142299998,207.53622768125,89568.017858,27.71823013809524,44.20994412619048,0.6776177424285714,12,1.2246467991473532e-16,-1.0,154,0.47275920928627757,-0.881191653407483,0,677.6177424285714,27.71823013809524,44.20994412619048,32.2,0.9270022123204762,28.7,0.7069270781289198,15.477872767875,17.603222321425,18.801330357175,12.7487294643,17.294141815491667,1.683149029744533,12.029271502986832
2020-06-02 13:00:00,25.382695536175,260.0930892825,114406.625,27.834461,48.0804741,0.8504542575,13,-0.2588190451025208,-0.9659258262890683,154,0.47275920928627757,-0.881191653407483,0,850.4542575,27.834461,48.0804741,12.0,0.9122941984199999,28.7,0.8844144786123693,20.288807142299998,15.477872767875,17.603222321425,17.466475893225,17.789967410533336,2.4108976927662393,15.253521279679168
2020-06-02 14:00:00,17.136671874975,175.18933035774998,132881.51785899999,27.184618510714284,41.95883473452381,0.5611298656904762,14,-0.4999999999999998,-0.8660254037844388,154,0.47275920928627757,-0.881191653407483,0,561.1298656904762,27.184618510714284,41.95883473452381,35.2,0.9355564280088096,28.7,0.597096581009582,25.382695536175,20.288807142299998,15.477872767875,7.6465526785249995,20.383125148783336,4.95308494098564,18.776460788683334
2020-06-02 15:00:00,13.213721874975,134.8871651785,146222.553571,26.59697525,37.748958216666665,0.4122924611666666,15,-0.7071067811865471,-0.7071067811865479,154,0.47275920928627757,-0.881191653407483,0,412.2924611666666,26.59697525,37.748958216666665,41.7,0.9515539587766667,28.7,0.4604084276994774,17.136671874975,25.382695536175,20.288807142299998,4.363589732075,20.936058184483336,4.160940637520929,19.1150999999875
2020-06-02 16:00:00,10.513118749975,107.21923214275,157759.607143,26.347669091666667,35.557502414285715,0.33210542024999995,16,-0.8660254037844384,-0.5000000000000004,154,0.47275920928627757,-0.881191653407483,0,332.10542024999995,26.347669091666667,35.557502414285715,33.6,0.9598814908257143,28.7,0.3663107578388502,13.213721874975,17.136671874975,25.382695536175,3.763094196475,18.577696428708336,6.211150764157282,18.183831919620832
2020-06-02 17:00:00,3.15172767861,32.250544642475,161542.517857,25.28126325,27.362326049999997,0.10264171891666662,17,-0.9659258262890683,-0.25881904510252063,154,0.47275920928627757,-0.881191653407483,0,102.64171891666662,25.28126325,27.362326049999997,60.3,0.99102316101,28.7,0.10981629542195122,10.513118749975,13.213721874975,17.136671874975,1.9684339286049999,13.621170833308335,3.330521729423124,17.002147991045835
2020-06-02 18:00:00,0.30452083333275,3.152206845235,103099.0,24.56919361785714,23.74849149761905,0.013941355773309475,18,-1.0,-1.8369701987210297e-16,154,0.47275920928627757,-0.881191653407483,0,13.941355773309475,24.56919361785714,23.74849149761905,0.0,1.0047557323090477,28.7,0.010610481997656794,3.15172767861,10.513118749975,13.213721874975,0.4468950892875,8.959522767853336,5.207799646556052,14.947790476168334
2020-06-02 19:00:00,0.0,0.0,103099.0,24.213148500000003,22.17606356666667,0.0,19,-0.9659258262890684,0.2588190451025203,154,0.47275920928627757,-0.881191653407483,0,0.0,24.213148500000003,22.17606356666667,0.0,1.0107309584466666,28.7,0.0,0.30452083333275,3.15172767861,10.513118749975,0.0,4.656455753972586,5.268018867800934,11.617076091340458
2020-06-02 20:00:00,0.0,0.0,103099.0,23.624707516666664,20.995983622619047,0.0,20,-0.8660254037844386,0.5000000000000001,154,0.47275920928627757,-0.881191653407483,0,0.0,23.624707516666664,20.995983622619047,0.0,1.0152152622340476,28.7,0.0,0.0,0.30452083333275,3.15172767861,0.0,1.1520828373142524,1.738423956626873,7.386626835311291
2020-06-02 21:00:00,0.0,0.0,103099.0,23.079214,20.379448483333334,0.0,21,-0.7071067811865477,0.7071067811865474,154,0.47275920928627757,-0.881191653407483,0,0.0,23.079214,20.379448483333334,0.0,1.0175580957633332,28.7,0.0,0.0,0.0,0.30452083333275,0.0,0.10150694444425236,0.17581518509937263,4.530514856148792
2020-06-02 22:00:00,0.0,0.0,103099.0,23.09348958333333,20.9638403,0.0,22,-0.5000000000000004,0.8660254037844384,154,0.47275920928627757,-0.881191653407483,0,0.0,23.09348958333333,20.9638403,0.0,1.01533740686,28.7,0.0,0.0,0.0,0.0,0.0,0.0,5.514679340563735e-07,2.3282278769862916
2020-06-02 23:00:00,0.0,0.0,88402.75,23.123945164285715,21.195636552380954,0.0,23,-0.25881904510252157,0.9659258262890681,154,0.47275920928627757,-0.881191653407483,0,0.0,23.123945164285715,21.195636552380954,0.0,1.0144565811009523,28.7,0.0,0.0,0.0,0.0,0.0,0.0,5.514679340563735e-07,0.576041418657125
2020-06-03 00:00:00,0.0,0.0,0.0,22.850776649999997,20.6167821,0.0,0,0.0,1.0,155,0.4575313760742512,-0.8891934772070711,0,0.0,22.850776649999997,20.6167821,0.0,1.01665622802,28.7,0.0,0.0,0.0,0.0,0.0,0.0,5.514679340563735e-07,0.050753472222125
2020-06-03 01:00:00,0.0,0.0,0.0,22.831480598809524,21.478441560714288,0.0,1,0.25881904510252074,0.9659258262890683,155,0.4575313760742512,-0.8891934772070711,0,0.0,22.831480598809524,21.478441560714288,0.0,1.0133819220692857,28.7,0.0,0.0,0.0,0.0,0.0,0.0,5.514679340563735e-07,0.0
2020-06-03 02:00:00,0.0,0.0,0.0,22.615967333333334,21.177245083333336,0.0,2,0.49999999999999994,0.8660254037844387,155,0.4575313760742512,-0.8891934772070711,0,0.0,22.615967333333334,21.177245083333336,0.0,1.0145264686833333,28.7,0.0,0.0,0.0,0.0,0.0,0.0,5.514679340563735e-07,0.0
2020-06-03 03:00:00,0.0,0.0,0.0,22.439410432142857,20.765211595238096,0.0,3,0.7071067811865475,0.7071067811865476,155,0.4575313760742512,-0.8891934772070711,0,0.0,22.439410432142857,20.765211595238096,0.0,1.0160921959380953,28.7,0.0,0.0,0.0,0.0,0.0,0.0,5.514679340563735e-07,0.0
2020-06-03 04:00:00,0.0,0.0,0.0,22.340443383333334,20.83081256666667,0.0,4,0.8660254037844386,0.5000000000000001,155,0.4575313760742512,-0.8891934772070711,0,0.0,22.340443383333334,20.83081256666667,0.0,1.0158429122466666,28.7,0.0,0.0,0.0,0.0,0.0,0.0,5.514679340563735e-07,0.0
2020-06-03 05:00:00,0.0,0.0,0.0,22.117304358333335,20.94889087142857,4.17164965e-05,5,0.9659258262890683,0.25881904510252074,155,0.4575313760742512,-0.8891934772070711,0,0.0417164965,22.117304358333335,20.94889087142857,0.0,1.0153942146885715,28.7,0.0,0.0,0.0,0.0,0.0,0.0,5.514679340563735e-07,0.0
2020-06-03 06:00:00,1.0165308035732499,10.490696428555,736.01785715,21.953793366666666,21.335348516666667,0.03381855074166663,6,1.0,6.123233995736766e-17,155,0.4575313760742512,-0.8891934772070711,0,33.81855074166663,21.953793366666666,21.335348516666667,0.0,1.0139256756366666,28.7,0.03541919176213414,0.0,0.0,0.0,0.943308482146,0.0,5.514679340563735e-07,0.0
2020-06-03 07:00:00,5.2567785714749995,53.60200892775,5333.7321429,23.079577583333332,27.482461549999996,0.17199302316666665,7,0.9659258262890683,-0.25881904510252063,155,0.4575313760742512,-0.8891934772070711,0,171.99302316666666,23.079577583333332,27.482461549999996,33.5,0.99056664611,28.7,0.18316301642770033,1.0165308035732499,0.0,0.0,4.24505848215,0.33884360119108564,0.5868943330828168,0.16942180059554166
2020-06-03 08:00:00,9.943351339325,101.328107143,14747.0178572,24.923908964285715,33.83705548214286,0.3200839641071428,8,0.8660254037844387,-0.49999999999999983,155,0.4575313760742512,-0.8891934772070711,0,320.0839641071428,24.923908964285715,33.83705548214286,36.0,0.9664191891678572,28.7,0.3464582348196864,5.2567785714749995,1.0165308035732499,0.0,15.104836607149998,2.0911031250160854,2.7882717752916832,1.0455515625080416
2020-06-03 09:00:00,13.0764705357,133.45622321374998,27660.571429,25.899281816666665,36.72769868333333,0.41729276699999995,9,0.7071067811865476,-0.7071067811865475,155,0.4575313760742512,-0.8891934772070711,0,417.29276699999997,25.899281816666665,36.72769868333333,41.0,0.9554347450033334,28.7,0.45562615106968646,9.943351339325,5.2567785714749995,1.0165308035732499,18.801330357175,5.405553571457752,4.46526950136774,2.7027767857288745
2020-06-03 10:00:00,16.980487946575,173.5420625005,43208.624998,26.565269708333332,39.57056252976191,0.5521217240833334,10,0.49999999999999994,-0.8660254037844387,155,0.4575313760742512,-0.8891934772070711,0,552.1217240833333,26.565269708333332,39.57056252976191,36.2,0.9446318623869048,28.7,0.5916546322848432,13.0764705357,9.943351339325,5.2567785714749995,17.603222321425,9.425533482166669,3.9354792724311802,4.882188541678875
2020-06-03 11:00:00,23.031450893375002,235.76285714475,65868.25,28.122532133333333,48.67207953333333,0.8002929516666666,11,0.258819045102521,-0.9659258262890682,155,0.4575313760742512,-0.8891934772070711,0,800.2929516666666,28.122532133333333,48.67207953333333,17.1,0.9100460977733333,28.7,0.8024895781663764,16.980487946575,13.0764705357,9.943351339325,15.477872767875,13.333436607200005,3.5255987546374596,7.712269866108041
2020-06-03 12:00:00,23.224566965,237.77046875125,89147.517856,28.475724885714286,49.95710241547619,0.7716695621071429,12,1.2246467991473532e-16,-1.0,155,0.4575313760742512,-0.8891934772070711,0,771.6695621071428,28.475724885714286,49.95710241547619,22.8,0.9051630108211904,28.7,0.8092183611498258,23.031450893375002,16.980487946575,13.0764705357,20.288807142299998,17.696136458550004,5.015926940750117,11.550845015003874
2020-06-03 13:00:00,21.237597023550002,217.2584196395,109848.666666,28.593501008333334,49.010610891666666,0.7192448333333333,13,-0.2588190451025208,-0.9659258262890683,155,0.4575313760742512,-0.8891934772070711,0,719.2448333333333,28.593501008333334,49.010610891666666,25.5,0.9087596786116667,28.7,0.7399859590087109,23.224566965,23.031450893375002,16.980487946575,25.382695536175,21.07883526831667,3.5505860828179188,15.252184375241669
2020-06-03 14:00:00,16.377019196550002,167.5355133945,134089.25,28.316502817460314,47.690869815873015,0.7069825720952382,14,-0.4999999999999998,-0.8660254037844388,155,0.4575313760742512,-0.8891934772070711,0,706.9825720952382,28.316502817460314,47.690869815873015,18.4,0.9137746946996825,28.7,0.5706278465696865,21.237597023550002,23.224566965,23.031450893375002,17.136671874975,22.49787162730834,1.0956927087183823,17.915654117254167
2020-06-03 15:00:00,19.062454017775,195.032138395,154652.160714,28.5670726,47.0080409,0.646814382,15,-0.7071067811865471,-0.7071067811865479,155,0.4575313760742512,-0.8891934772070711,0,646.8143819999999,28.5670726,47.0080409,8.5,0.91636944458,28.7,0.6641970041036586,16.377019196550002,21.237597023550002,23.224566965,13.213721874975,20.27972772836667,3.522834483805963,18.987932093458337
2020-06-03 16:00:00,8.594765625,87.63370089275,163435.196429,26.978599591666665,34.23532392380952,0.27376210434523807,16,-0.8660254037844384,-0.5000000000000004,155,0.4575313760742512,-0.8891934772070711,0,273.7621043452381,26.978599591666665,34.23532392380952,45.2,0.9649057690895239,28.7,0.29946918554006974,19.062454017775,16.377019196550002,21.237597023550002,10.513118749975,18.892356745958338,2.434749271381071,19.985596007137502
2020-06-03 17:00:00,6.224529464175,63.52457142875,170633.732142,26.421655833333332,31.89054815,0.2217487387666666,17,-0.9659258262890683,-0.25881904510252063,155,0.4575313760742512,-0.8891934772070711,0,221.7487387666666,26.421655833333332,31.89054815,14.3,0.97381591703,28.7,0.21688255972735193,8.594765625,19.062454017775,16.377019196550002,3.15172767861,14.678079613108338,5.436719769603535,18.587975620208333
2020-06-03 18:00:00,0.6010982142865,6.2110491071450005,171562.0,25.085260533333333,24.184896366666667,0.022805963434249964,18,-1.0,-1.8369701987210297e-16,155,0.4575313760742512,-0.8891934772070711,0,22.805963434249964,25.085260533333333,24.184896366666667,0.0,1.0030973938066667,28.7,0.02094418865109756,6.224529464175,8.594765625,19.062454017775,0.30452083333275,11.293916368983338,6.831334991423045,15.786822048675
2020-06-03 19:00:00,0.0,0.0,171562.0,24.131776848809523,21.64508401666667,0.0,19,-0.9659258262890684,0.2588190451025203,155,0.4575313760742512,-0.8891934772070711,0,0.0,24.131776848809523,21.64508401666667,0.0,1.0127486807366666,28.7,0.0,0.6010982142865,6.224529464175,8.594765625,0.0,5.1401311011538375,4.105681371656623,12.016243923556083
2020-06-03 20:00:00,0.0,0.0,171562.0,23.6723486,21.310227949999998,0.0,20,-0.8660254037844386,0.5000000000000001,155,0.4575313760742512,-0.8891934772070711,0,0.0,23.6723486,21.310227949999998,0.0,1.01402113379,28.7,0.0,0.0,0.6010982142865,6.224529464175,0.0,2.275209226153837,3.4333915481106305,8.476644419631084
2020-06-03 21:00:00,0.0,0.0,171562.0,23.408221411904762,20.900538526190477,0.0,21,-0.7071067811865477,0.7071067811865474,155,0.4575313760742512,-0.8891934772070711,0,0.0,23.408221411904762,20.900538526190477,0.0,1.015577953600476,28.7,0.0,0.0,0.0,0.6010982142865,0.0,0.2003660714288369,0.347044215828082,5.747141220206083
2020-06-03 22:00:00,0.0,0.0,171562.0,23.290399649999998,21.264982683333333,0.0,22,-0.5000000000000004,0.8660254037844384,155,0.4575313760742512,-0.8891934772070711,0,0.0,23.290399649999998,21.264982683333333,0.0,1.0141930658033333,28.7,0.0,0.0,0.0,0.0,0.0,0.0,5.075876314148764e-07,2.570065550576917
2020-06-03 23:00:00,0.0,0.0,154951.428571,23.295533875,21.835894789285714,0.0,23,-0.25881904510252157,0.9659258262890681,155,0.4575313760742512,-0.8891934772070711,0,0.0,23.295533875,21.835894789285714,0.0,1.0120235998007143,28.7,0.0,0.0,0.0,0.0,0.0,0.0,5.075876314148764e-07,1.1376046130769166
2020-06-04 00:00:00,0.0,0.0,0.0,23.231469716666666,21.85238645,0.0,0,0.0,1.0,156,0.44216815196707204,-0.8969321743510065,0,0.0,23.231469716666666,21.85238645,0.0,1.01196093149,28.7,0.0,0.0,0.0,0.0,0.0,0.0,5.075876314148764e-07,0.10018303571441667
2020-06-04 01:00:00,0.0,0.0,0.0,22.94003453452381,20.832421529761906,0.0,1,0.25881904510252074,0.9659258262890683,156,0.44216815196707204,-0.8969321743510065,0,0.0,22.94003453452381,20.832421529761906,0.0,1.0158367981869048,28.7,0.0,0.0,0.0,0.0,0.0,0.0,5.075876314148764e-07,0.0
2020-06-04 02:00:00,0.0,0.0,0.0,22.937562516666667,21.219248483333335,0.0,2,0.49999999999999994,0.8660254037844387,156,0.44216815196707204,-0.8969321743510065,0,0.0,22.937562516666667,21.219248483333335,0.0,1.0143668557633334,28.7,0.0,0.0,0.0,0.0,0.0,0.0,5.075876314148764e-07,0.0
2020-06-04 03:00:00,0.0,0.0,0.0,22.204723166666668,19.6024134,0.0,3,0.7071067811865475,0.7071067811865476,156,0.44216815196707204,-0.8969321743510065,0,0.0,22.204723166666668,19.6024134,0.0,1.02051082908,28.7,0.0,0.0,0.0,0.0,0.0,0.0,5.075876314148764e-07,0.0
2020-06-04 04:00:00,0.0,0.0,0.0,21.809643576190474,19.32744831547619,0.0,4,0.8660254037844386,0.5000000000000001,156,0.44216815196707204,-0.8969321743510065,0,0.0,21.809643576190474,19.32744831547619,0.0,1.0215556964011905,28.7,0.0,0.0,0.0,0.0,0.0,0.0,5.075876314148764e-07,0.0
2020-06-04 05:00:00,0.0,0.0,0.0,22.2581395,20.12935186666667,0.00010663811675,5,0.9659258262890683,0.25881904510252074,156,0.44216815196707204,-0.8969321743510065,0,0.10663811675,22.2581395,20.12935186666667,0.0,1.0185084629066667,28.7,0.0,0.0,0.0,0.0,0.0,0.0,5.075876314148764e-07,0.0
2020-06-04 06:00:00,1.27890223213925,13.175620535665,916.64285715,22.431216054761908,20.97505185833333,0.04403581026333332,6,1.0,6.123233995736766e-17,156,0.44216815196707204,-0.8969321743510065,0,44.035810263333325,22.431216054761908,20.97505185833333,0.0,1.0152948029383333,28.7,0.04456105338464286,0.0,0.0,0.0,1.0165308035732499,0.0,5.075876314148764e-07,0.0
2020-06-04 07:00:00,5.57077857145,56.79399107175,5715.8392856,23.503319299999998,26.530427583333335,0.20374435226666662,7,0.9659258262890683,-0.25881904510252063,156,0.44216815196707204,-0.8969321743510065,0,203.74435226666662,23.503319299999998,26.530427583333335,21.3,0.9941843751833334,28.7,0.19410378297735192,1.27890223213925,0.0,0.0,5.2567785714749995,0.4263007440464202,0.7383745479929804,0.21315037202320833
2020-06-04 08:00:00,11.5625191964,117.94433482150001,16910.5892858,25.29721652857143,37.50783156904762,0.3930512096666666,8,0.8660254037844387,-0.49999999999999983,156,0.44216815196707204,-0.8969321743510065,0,393.05120966666664,25.29721652857143,37.50783156904762,21.4,0.952470240037619,28.7,0.40287523332404185,5.57077857145,1.27890223213925,0.0,9.943351339325,2.2832269345297536,2.9180292243063093,1.141613467264875
2020-06-04 09:00:00,14.87925669645,151.99393749975002,31430.285714999998,26.806169150000002,42.16953125,0.4725451148333333,9,0.7071067811865476,-0.7071067811865475,156,0.44216815196707204,-0.8969321743510065,0,472.5451148333333,26.806169150000002,42.16953125,33.2,0.93475578125,28.7,0.5184409998763067,11.5625191964,5.57077857145,1.27890223213925,13.0764705357,6.137399999996421,5.165170795760199,3.068699999998208
2020-06-04 10:00:00,21.361051339225,218.78863839675,51457.196428,27.87222493095238,47.24502446904762,0.749098090952381,10,0.49999999999999994,-0.8660254037844387,156,0.44216815196707204,-0.8969321743510065,0,749.098090952381,27.87222493095238,47.24502446904762,13.5,0.9154689070176191,28.7,0.744287503108885,14.87925669645,11.5625191964,5.57077857145,16.980487946575,10.670851488100004,4.717864424442457,5.548576116073208
2020-06-04 11:00:00,21.364835267849998,218.69953124775,72863.928573,28.961748816666667,51.57386715,0.7456370488333333,11,0.258819045102521,-0.9659258262890682,156,0.44216815196707204,-0.8969321743510065,0,745.6370488333332,28.961748816666667,51.57386715,22.8,0.89901930483,28.7,0.7444193473118467,21.361051339225,14.87925669645,11.5625191964,23.031450893375002,15.934275744025003,4.983734235646329,9.108751339277374
2020-06-04 12:00:00,21.5191718757,220.3913616105,94812.428571,29.532184038095238,51.94037626190476,0.7650117286904762,12,1.2246467991473532e-16,-1.0,156,0.44216815196707204,-0.8969321743510065,0,765.0117286904762,29.532184038095238,51.94037626190476,23.5,0.8976265702047619,28.7,0.7497969294668989,21.364835267849998,21.361051339225,14.87925669645,23.224566965,19.201714434508336,3.7433586860604593,12.669557217252375
2020-06-04 13:00:00,23.619621429275,241.94214284699999,118011.803572,29.98561805,53.26506921666667,0.8593581025000001,13,-0.2588190451025208,-0.9659258262890683,156,0.44216815196707204,-0.8969321743510065,0,859.3581025000001,29.98561805,53.26506921666667,11.0,0.8925927369766666,28.7,0.8229833250618467,21.5191718757,21.364835267849998,21.361051339225,21.237597023550002,21.415019494258335,0.09021844849570132,16.04293549117917
2020-06-04 14:00:00,17.518933482175,179.1520535675,135691.232144,29.24605255,45.208319016666664,0.5764752508333333,14,-0.4999999999999998,-0.8660254037844388,156,0.44216815196707204,-0.8969321743510065,0,576.4752508333332,29.24605255,45.208319016666664,33.4,0.9232083877366667,28.7,0.6104158007726481,23.619621429275,21.5191718757,21.364835267849998,16.377019196550002,22.16787619094167,1.2596142762363058,19.05107596748333
2020-06-04 15:00:00,19.6266017855,200.7718883935,156033.339284,28.925448861904762,47.22052300833333,0.6612217138809524,15,-0.7071067811865471,-0.7071067811865479,156,0.44216815196707204,-0.8969321743510065,0,661.2217138809524,28.925448861904762,47.22052300833333,6.5,0.9155620125683334,28.7,0.683853720749129,17.518933482175,23.619621429275,21.5191718757,19.062454017775,20.885908929050004,3.0992523012289155,20.043811681779165
2020-06-04 16:00:00,13.08304017855,133.540549107,170333.089286,28.24327695,40.68523606666667,0.4319029835,16,-0.8660254037844384,-0.5000000000000004,156,0.44216815196707204,-0.8969321743510065,0,431.9029835,28.24327695,40.68523606666667,13.6,0.9403961029466666,28.7,0.4558550584860627,19.6266017855,17.518933482175,23.619621429275,8.594765625,20.25505223231667,3.09851752133999,20.835035863287498
2020-06-04 17:00:00,6.9131727679,70.400517857,177712.839285,27.320749080952382,33.09117673095238,0.24109593660238093,17,-0.9659258262890683,-0.25881904510252063,156,0.44216815196707204,-0.8969321743510065,0,241.09593660238093,27.320749080952382,33.09117673095238,6.8,0.969253528422381,28.7,0.24087709992682926,13.08304017855,19.6266017855,17.518933482175,6.224529464175,16.742858482075004,3.340100137768753,19.45536733650833
2020-06-04 18:00:00,0.64591235119525,6.6632976190625,80142.0,25.75932925,25.139221266666667,0.024459627928666627,18,-1.0,-1.8369701987210297e-16,156,0.44216815196707204,-0.8969321743510065,0,24.459627928666627,25.75932925,25.139221266666667,0.0,0.9994709591866666,28.7,0.02250565683607143,6.9131727679,13.08304017855,19.6266017855,0.6010982142865,13.207604910650003,6.357629796217382,17.04675691985
2020-06-04 19:00:00,0.0,0.0,80142.0,24.637524204761903,21.840617316666666,0.0,19,-0.9659258262890684,0.2588190451025203,156,0.44216815196707204,-0.8969321743510065,0,0.0,24.637524204761903,21.840617316666666,0.0,1.0120056541966667,28.7,0.0,0.64591235119525,6.9131727679,13.08304017855,0.0,6.88070843254842,6.218627469007398,13.567880332432543
2020-06-04 20:00:00,0.0,0.0,80142.0,24.026480583333335,21.313891633333334,0.0,20,-0.8660254037844386,0.5000000000000001,156,0.44216815196707204,-0.8969321743510065,0,0.0,24.026480583333335,21.313891633333334,0.0,1.0140072117933334,28.7,0.0,0.0,0.64591235119525,6.9131727679,0.0,2.519695039698419,3.8185449588174074,9.631276760886708
2020-06-04 21:00:00,0.0,0.0,80142.0,23.46204533095238,20.814181263095236,0.0,21,-0.7071067811865477,0.7071067811865474,156,0.44216815196707204,-0.8969321743510065,0,0.0,23.46204533095238,20.814181263095236,0.0,1.015906111200238,28.7,0.0,0.0,0.0,0.64591235119525,0.0,0.2153041170650857,0.3729176698365136,6.711454513857542
2020-06-04 22:00:00,0.0,0.0,80142.0,23.07879283333333,20.279772383333334,0.0,22,-0.5000000000000004,0.8660254037844384,156,0.44216815196707204,-0.8969321743510065,0,0.0,23.07879283333333,20.279772383333334,0.0,1.0179368649433334,28.7,0.0,0.0,0.0,0.0,0.0,0.0,8.818502713125427e-07,3.4403542162742085
2020-06-04 23:00:00,0.0,0.0,75878.0,22.397249322619047,19.555603142857144,0.0,23,-0.25881904510252157,0.9659258262890681,156,0.44216815196707204,-0.8969321743510065,0,0.0,22.397249322619047,19.555603142857144,0.0,1.020688708057143,28.7,0.0,0.0,0.0,0.0,0.0,0.0,8.818502713125427e-07,1.2598475198492083
2020-06-05 00:00:00,0.0,0.0,0.0,22.39559265,19.928119416666664,0.0,0,0.0,1.0,157,0.42667408318992467,-0.9044054548343001,0,0.0,22.39559265,19.928119416666664,0.0,1.0192731462166666,28.7,0.0,0.0,0.0,0.0,0.0,0.0,8.818502713125427e-07,0.10765205853254167
2020-06-05 01:00:00,0.0,0.0,0.0,22.165026953571427,19.480210070238098,0.0,1,0.25881904510252074,0.9659258262890683,157,0.42667408318992467,-0.9044054548343001,0,0.0,22.165026953571427,19.480210070238098,0.0,1.0209752017330953,28.7,0.0,0.0,0.0,0.0,0.0,0.0,8.818502713125427e-07,0.0
2020-06-05 02:00:00,0.0,0.0,0.0,21.97895713333333,19.5299256,0.0,2,0.49999999999999994,0.8660254037844387,157,0.42667408318992467,-0.9044054548343001,0,0.0,21.97895713333333,19.5299256,0.0,1.02078628272,28.7,0.0,0.0,0.0,0.0,0.0,0.0,8.818502713125427e-07,0.0
2020-06-05 03:00:00,0.0,0.0,0.0,21.904109513095236,19.62372155595238,0.0,3,0.7071067811865475,0.7071067811865476,157,0.42667408318992467,-0.9044054548343001,0,0.0,21.904109513095236,19.62372155595238,0.0,1.020429858087381,28.7,0.0,0.0,0.0,0.0,0.0,0.0,8.818502713125427e-07,0.0
2020-06-05 04:00:00,0.0,0.0,0.0,21.686428333333332,19.438721783333335,0.0,4,0.8660254037844386,0.5000000000000001,157,0.42667408318992467,-0.9044054548343001,0,0.0,21.686428333333332,19.438721783333335,0.0,1.0211328572233334,28.7,0.0,0.0,0.0,0.0,0.0,0.0,8.818502713125427e-07,0.0
2020-06-05 05:00:00,0.0,0.0,0.0,21.584485778571427,19.565233453571427,0.00021200332714285,5,0.9659258262890683,0.25881904510252074,157,0.42667408318992467,-0.9044054548343001,0,0.21200332714285,21.584485778571427,19.565233453571427,0.0,1.0206521128764285,28.7,0.0,0.0,0.0,0.0,0.0,0.0,8.818502713125427e-07,0.0
2020-06-05 06:00:00,1.2514897321707499,12.8760937499225,838.16071428,21.837783266666666,20.352920066666666,0.041433380634999975,6,1.0,6.123233995736766e-17,157,0.42667408318992467,-0.9044054548343001,0,41.43338063499998,21.837783266666666,20.352920066666666,0.0,1.0176589037466666,28.7,0.043605914012918114,0.0,0.0,0.0,1.27890223213925,0.0,8.818502713125427e-07,0.0
2020-06-05 07:00:00,4.2310517857250005,43.19462053575,4807.6428572,22.847301061904762,25.119723141666668,0.14063198527142853,7,0.9659258262890683,-0.25881904510252063,157,0.42667408318992467,-0.9044054548343001,0,140.63198527142853,22.847301061904762,25.119723141666668,45.7,0.9995450520616667,28.7,0.1474234071681185,1.2514897321707499,0.0,0.0,5.57077857145,0.417163244056919,0.7225479337573625,0.2085816220284583
2020-06-05 08:00:00,12.10300535715,123.5507187505,15594.25,24.485236633333333,34.69560836666666,0.4327397011666666,8,0.8660254037844387,-0.49999999999999983,157,0.42667408318992467,-0.9044054548343001,0,432.7397011666666,24.485236633333333,34.69560836666666,13.5,0.9631566882066667,28.7,0.4217075037334495,4.2310517857250005,1.2514897321707499,0.0,11.5625191964,1.827513839298586,2.173546096213904,0.9137569196492917
2020-06-05 09:00:00,17.026040624825,174.04695982549998,33077.928571,26.727168250000002,45.354767933333335,0.5630597573333332,9,0.7071067811865476,-0.7071067811865475,157,0.42667408318992467,-0.9044054548343001,0,563.0597573333332,26.727168250000002,45.354767933333335,20.4,0.9226518818533334,28.7,0.5932418336175959,12.10300535715,4.2310517857250005,1.2514897321707499,14.87925669645,5.8618489583485855,5.606556198190701,2.930924479174292
2020-06-05 10:00:00,20.072999107824998,205.45751339575,52206.142856,27.718605236904757,48.83224894166667,0.6770821471428571,10,0.49999999999999994,-0.8660254037844387,157,0.42667408318992467,-0.9044054548343001,0,677.0821471428571,27.718605236904757,48.83224894166667,21.8,0.9094374540216666,28.7,0.6994076344189895,17.026040624825,12.10300535715,4.2310517857250005,21.361051339225,11.120032589233338,6.453883439063885,5.768597916645125
2020-06-05 11:00:00,23.655979018525,242.36848214550002,75286.821428,28.28674625,55.777184483333336,0.8991218703333335,11,0.258819045102521,-0.9659258262890682,157,0.42667408318992467,-0.9044054548343001,0,899.1218703333335,28.28674625,55.777184483333336,6.9,0.8830466989633333,28.7,0.8242501400182927,20.072999107824998,17.026040624825,12.10300535715,21.364835267849998,16.400681696600003,4.02162969929889,9.114097767949291
2020-06-05 12:00:00,9.9083946428,100.98031696525,86497.517855,26.245739795238094,35.846553439285714,0.3128115066071428,12,1.2246467991473532e-16,-1.0,157,0.42667408318992467,-0.9044054548343001,0,312.8115066071428,26.245739795238094,35.846553439285714,68.7,0.9587830969307143,28.7,0.345240231456446,23.655979018525,20.072999107824998,17.026040624825,21.5191718757,20.251672917058336,3.3185786149560896,13.056760937703459
2020-06-05 13:00:00,21.420004463925,219.299236614,105964.232144,26.30506895,45.04044856666667,0.7189348643333333,13,-0.2588190451025208,-0.9659258262890683,157,0.42667408318992467,-0.9044054548343001,0,718.9348643333333,26.30506895,45.04044856666667,25.6,0.9238462954466666,28.7,0.7463416189520906,9.9083946428,23.655979018525,20.072999107824998,23.619621429275,17.87912425638333,7.131537996095992,14.499578422808332
2020-06-05 14:00:00,21.716605357525,222.368558038,128366.19643,29.209935145238095,52.47157316190476,0.7509132963333333,14,-0.4999999999999998,-0.8660254037844388,157,0.42667408318992467,-0.9044054548343001,0,750.9132963333333,29.209935145238095,52.47157316190476,13.3,0.895608021984762,28.7,0.7566761448614984,21.420004463925,9.9083946428,23.655979018525,17.518933482175,18.328126041750004,7.376910137384975,17.364403869174996
2020-06-05 15:00:00,15.494025000074998,158.39408035675,144473.535714,29.287986183333334,45.086352600000005,0.5207533706666667,15,-0.7071067811865471,-0.7071067811865479,157,0.42667408318992467,-0.9044054548343001,0,520.7533706666667,29.287986183333334,45.086352600000005,26.4,0.92367186012,28.7,0.5398614982604529,21.716605357525,21.420004463925,9.9083946428,19.6266017855,17.681668154750003,6.733485638301227,18.966670535904168
2020-06-05 16:00:00,13.2746767856,135.4880267865,158710.821429,29.130685427380953,41.64445941904762,0.4470425226071428,16,-0.8660254037844384,-0.5000000000000004,157,0.42667408318992467,-0.9044054548343001,0,447.04252260714276,29.130685427380953,41.64445941904762,10.6,0.9367510542076191,28.7,0.4625322921811847,15.494025000074998,21.716605357525,21.420004463925,13.08304017855,19.543544940508337,3.5101213417055255,18.711334598445834
2020-06-05 17:00:00,7.5149035714500005,76.561888393,167007.571428,28.2909881,34.9216233,0.25661569166666665,17,-0.9659258262890683,-0.25881904510252063,157,0.42667408318992467,-0.9044054548343001,0,256.61569166666663,28.2909881,34.9216233,0.9,0.96229783146,28.7,0.26184333001567944,13.2746767856,15.494025000074998,21.716605357525,6.9131727679,16.8284357144,4.37630305957553,17.578280878075
2020-06-05 18:00:00,0.974363541626,10.0319627973925,107249.0,26.69215889404762,27.171540750000002,0.03681270003851185,18,-1.0,-1.8369701987210297e-16,157,0.42667408318992467,-0.9044054548343001,0,36.81270003851185,26.69215889404762,27.171540750000002,0.0,0.99174814515,28.7,0.03394994918557492,7.5149035714500005,13.2746767856,15.494025000074998,0.64591235119525,12.094535119041668,4.118391124947501,14.888101636895833
2020-06-05 19:00:00,0.0,0.0,107249.0,24.905909150000003,22.389537583333336,0.0,19,-0.9659258262890684,0.2588190451025203,157,0.42667408318992467,-0.9044054548343001,0,0.0,24.905909150000003,22.389537583333336,0.0,1.0099197571833334,28.7,0.0,0.974363541626,7.5149035714500005,13.2746767856,0.0,7.254647966225336,6.1542851908251075,13.399096453366836
2020-06-05 20:00:00,0.0,0.0,107249.0,24.14407631190476,21.354980260714285,0.0,20,-0.8660254037844386,0.5000000000000001,157,0.42667408318992467,-0.9044054548343001,0,0.0,24.14407631190476,21.354980260714285,0.0,1.0138510750092857,28.7,0.0,0.0,0.974363541626,7.5149035714500005,0.0,2.829755704358669,4.086600540815806,9.829095709379333
2020-06-05 21:00:00,0.0,0.0,107249.0,23.5107015,20.585874833333335,0.0,21,-0.7071067811865477,0.7071067811865474,157,0.42667408318992467,-0.9044054548343001,0,0.0,23.5107015,20.585874833333335,0.0,1.0167736756333334,28.7,0.0,0.0,0.0,0.974363541626,0.0,0.32478784720866904,0.5625490530470232,6.209661483125167
2020-06-05 22:00:00,0.0,0.0,107249.0,23.00879798095238,20.060521051190477,0.0,22,-0.5000000000000004,0.8660254037844384,157,0.42667408318992467,-0.9044054548343001,0,0.0,23.00879798095238,20.060521051190477,0.0,1.0187700200054761,28.7,0.0,0.0,0.0,0.0,0.0,0.0,8.905802238341365e-07,3.627323983112667
2020-06-05 23:00:00,0.0,0.0,93497.642857,22.545445733333334,19.709701983333332,0.0,23,-0.25881904510252157,0.9659258262890681,157,0.42667408318992467,-0.9044054548343001,0,0.0,22.545445733333334,19.709701983333332,0.0,1.0201031324633334,28.7,0.0,0.0,0.0,0.0,0.0,0.0,8.905802238341365e-07,1.4148778521793333
2020-06-06 00:00:00,0.0,0.0,0.0,22.37295531428571,19.634243596428572,0.0,0,0.0,1.0,158,0.4110537546870351,-0.9116111071930239,1,0.0,22.37295531428571,19.634243596428572,0.0,1.0203898743335715,28.7,0.0,0.0,0.0,0.0,0.0,0.0,8.905802238341365e-07,0.16239392360433333
2020-06-06 01:00:00,0.0,0.0,0.0,22.143518016666665,19.529208333333333,0.0,1,0.25881904510252074,0.9659258262890683,158,0.4110537546870351,-0.9116111071930239,1,0.0,22.143518016666665,19.529208333333333,0.0,1.0207890083333333,28.7,0.0,0.0,0.0,0.0,0.0,0.0,8.905802238341365e-07,0.0
2020-06-06 02:00:00,0.0,0.0,0.0,21.873258933333332,19.42582145,0.0,2,0.49999999999999994,0.8660254037844387,158,0.4110537546870351,-0.9116111071930239,1,0.0,21.873258933333332,19.42582145,0.0,1.02118187849,28.7,0.0,0.0,0.0,0.0,0.0,0.0,8.905802238341365e-07,0.0
2020-06-06 03:00:00,0.0,0.0,0.0,21.529000213095237,19.15860366904762,0.0,3,0.7071067811865475,0.7071067811865476,158,0.4110537546870351,-0.9116111071930239,1,0.0,21.529000213095237,19.15860366904762,0.0,1.022197306057619,28.7,0.0,0.0,0.0,0.0,0.0,0.0,8.905802238341365e-07,0.0
2020-06-06 04:00:00,0.0,0.0,0.0,21.295664933333335,18.964003016666666,0.0,4,0.8660254037844386,0.5000000000000001,158,0.4110537546870351,-0.9116111071930239,1,0.0,21.295664933333335,18.964003016666666,0.0,1.0229367885366667,28.7,0.0,0.0,0.0,0.0,0.0,0.0,8.905802238341365e-07,0.0
2020-06-06 05:00:00,0.0,0.0,0.0,20.677156399999998,18.29242399880952,0.000262526357,5,0.9659258262890683,0.25881904510252074,158,0.4110537546870351,-0.9116111071930239,1,0.262526357,20.677156399999998,18.29242399880952,0.0,1.0254887888045239,28.7,0.0,0.0,0.0,0.0,0.0,0.0,8.905802238341365e-07,0.0
2020-06-06 06:00:00,1.474725892855,15.165834821725,1017.14285715,21.130987516666668,19.592870033333334,0.0505171043733333,6,1.0,6.123233995736766e-17,158,0.4110537546870351,-0.9116111071930239,1,50.517104373333304,21.130987516666668,19.592870033333334,0.0,1.0205470938733334,28.7,0.05138417745139373,0.0,0.0,0.0,1.2514897321707499,0.0,8.905802238341365e-07,0.0
2020-06-06 07:00:00,7.763867410675001,79.0706964285,7925.4821429,23.242579954761908,28.398200604761904,0.3046097639166666,7,0.9659258262890683,-0.25881904510252063,158,0.4110537546870351,-0.9116111071930239,1,304.6097639166666,23.242579954761908,28.398200604761904,0.0,0.9870868377019048,28.7,0.2705180282465157,1.474725892855,0.0,0.0,4.2310517857250005,0.4915752976183357,0.8514333912212012,0.24578764880916668
2020-06-06 08:00:00,12.7590428571,130.21581249975,20395.5535715,25.549276266666666,40.333303883333336,0.4566014915,8,0.8660254037844387,-0.49999999999999983,158,0.4110537546870351,-0.9116111071930239,1,456.6014915,25.549276266666666,40.333303883333336,8.7,0.9417334452433334,28.7,0.4445659532090593,7.763867410675001,1.474725892855,0.0,12.10300535715,3.0795311011766695,4.123221933164437,1.5397655505883334
2020-06-06 09:00:00,13.5552321429,138.43113839350002,34003.821428,26.763879098809525,40.62179940357143,0.47652023594047616,9,0.7071067811865476,-0.7071067811865475,158,0.4110537546870351,-0.9116111071930239,1,476.52023594047614,26.763879098809525,40.62179940357143,32.6,0.9406371622664286,28.7,0.4723077401707317,12.7590428571,7.763867410675001,1.474725892855,17.026040624825,7.33254538687667,5.6545098243391125,3.6662726934383336
2020-06-06 10:00:00,19.77246428585,202.466035715,53398.196429999996,28.044093316666665,49.55097761666667,0.6890630695,10,0.49999999999999994,-0.8660254037844387,158,0.4110537546870351,-0.9116111071930239,1,689.0630695,28.044093316666665,49.55097761666667,20.4,0.9067062850566666,28.7,0.6889360378344948,13.5552321429,12.7590428571,7.763867410675001,20.072999107824998,11.359380803558338,3.139150643646886,5.925478050588334
2020-06-06 11:00:00,18.3503406245,187.87597768425,72133.875,29.33593665595238,49.92544553214286,0.6319854227499999,11,0.258819045102521,-0.9659258262890682,158,0.4110537546870351,-0.9116111071930239,1,631.9854227499999,29.33593665595238,49.92544553214286,34.6,0.9052833069778572,28.7,0.639384690749129,19.77246428585,13.5552321429,12.7590428571,23.655979018525,15.362246428616666,3.840051497818851,9.220888764896666
2020-06-06 12:00:00,19.1985035715,196.55190624699998,90195.857143,29.723899816666666,49.31684701666667,0.7225126698333333,12,1.2246467991473532e-16,-1.0,158,0.4110537546870351,-0.9116111071930239,1,722.5126698333332,29.723899816666666,49.31684701666667,27.7,0.9075959813366666,28.7,0.6689374066724739,18.3503406245,19.77246428585,13.5552321429,9.9083946428,17.226012351083337,3.2575419306028857,12.27927886898
2020-06-06 13:00:00,18.900300893100002,193.52850446625,109277.589286,28.60822363452381,44.481396034523804,0.644815158,13,-0.2588190451025208,-0.9659258262890683,158,0.4110537546870351,-0.9116111071930239,1,644.815158,28.60822363452381,44.481396034523804,33.2,0.9259706950688096,28.7,0.6585470694459932,19.1985035715,18.3503406245,19.77246428585,21.420004463925,19.107102827283338,0.7154540509883032,15.233241815420833
2020-06-06 14:00:00,14.2313772329,145.64306696424998,125010.839287,27.339747133333333,42.28642523333333,0.47592235883333334,14,-0.4999999999999998,-0.8660254037844388,158,0.4110537546870351,-0.9116111071930239,1,475.92235883333336,27.339747133333333,42.28642523333333,45.0,0.9343115841133334,28.7,0.4958668025400697,18.900300893100002,19.1985035715,18.3503406245,21.716605357525,18.81638169636667,0.4302637793858424,17.089314062491667
2020-06-06 15:00:00,8.988941071475,91.580419643,133813.714286,26.079608986904763,31.382009366666665,0.27226939810714285,15,-0.7071067811865471,-0.7071067811865479,158,0.4110537546870351,-0.9116111071930239,1,272.2693981071428,26.079608986904763,31.382009366666665,61.5,0.9757483644066667,28.7,0.3132035216541812,14.2313772329,18.900300893100002,19.1985035715,15.494025000074998,17.44339389916667,2.7856811568506163,17.334703125125
2020-06-06 16:00:00,3.691929910775,37.78702232125,138126.76785899999,25.835363216666668,28.91799015,0.1116237712666666,16,-0.8660254037844384,-0.5000000000000004,158,0.4110537546870351,-0.9116111071930239,1,111.62377126666661,25.835363216666668,28.91799015,77.7,0.98511163743,28.7,0.12863867284930314,8.988941071475,14.2313772329,18.900300893100002,13.2746767856,14.040206399158336,4.958444624495272,16.573654613220835
2020-06-06 17:00:00,1.25397232143,12.942513392825,139626.946428,24.603566916666665,25.134492033333334,0.03815083184999995,17,-0.9659258262890683,-0.25881904510252063,158,0.4110537546870351,-0.9116111071930239,1,38.150831849999946,24.603566916666665,25.134492033333334,85.3,0.9994889302733333,28.7,0.043692415380836236,3.691929910775,8.988941071475,14.2313772329,7.5149035714500005,8.970749405050002,5.2697472108734,13.893565550708333
2020-06-06 18:00:00,0.14243303571925,1.4756964285549998,63099.0,23.903491442857142,23.231367176190474,0.006865693646476175,18,-1.0,-1.8369701987210297e-16,158,0.4110537546870351,-0.9116111071930239,1,6.865693646476175,23.903491442857142,23.231367176190474,0.0,1.006720804730476,28.7,0.004962823544224739,1.25397232143,3.691929910775,8.988941071475,0.974363541626,4.644947767893336,3.954569213964233,11.044170833530002
2020-06-06 19:00:00,0.0,0.0,63099.0,23.05416055,21.832463516666667,0.0,19,-0.9659258262890684,0.2588190451025203,158,0.4110537546870351,-0.9116111071930239,1,0.0,23.05416055,21.832463516666667,0.0,1.0120366386366666,28.7,0.0,0.14243303571925,1.25397232143,3.691929910775,0.0,1.6961117559747523,1.8155846100342197,7.868159077566542
2020-06-06 20:00:00,0.0,0.0,63099.0,22.33755772142857,20.381677938095237,0.0,20,-0.8660254037844386,0.5000000000000001,158,0.4110537546870351,-0.9116111071930239,1,0.0,22.33755772142857,20.381677938095237,0.0,1.0175496238352382,28.7,0.0,0.0,0.14243303571925,1.25397232143,0.0,0.4654684523830857,0.6865679544250354,4.718108928716542
2020-06-06 21:00:00,0.0,0.0,63099.0,22.205919933333334,20.434828683333333,0.0,21,-0.7071067811865477,0.7071067811865474,158,0.4110537546870351,-0.9116111071930239,1,0.0,22.205919933333334,20.434828683333333,0.0,1.0173476510033332,28.7,0.0,0.0,0.0,0.14243303571925,0.0,0.047477678573085706,0.08223375151932538,2.3462127232332084
2020-06-06 22:00:00,0.0,0.0,63099.0,22.155004283333334,20.229067033333333,0.0,22,-0.5000000000000004,0.8660254037844384,158,0.4110537546870351,-0.9116111071930239,1,0.0,22.155004283333334,20.229067033333333,0.0,1.0181295452733334,28.7,0.0,0.0,0.0,0.0,0.0,0.0,9.364277006048721e-07,0.8480558779873749
2020-06-06 23:00:00,0.0,0.0,58519.375,22.13166079285714,20.211067936904765,0.0,23,-0.25881904510252157,0.9659258262890681,158,0.4110537546870351,-0.9116111071930239,1,0.0,22.13166079285714,20.211067936904765,0.0,1.018197941839762,28.7,0.0,0.0,0.0,0.0,0.0,0.0,9.364277006048721e-07,0.2327342261915417
2020-06-07 00:00:00,0.0,0.0,0.0,22.172480333333333,20.4849584,0.0,0,0.0,1.0,159,0.3953117887649151,-0.9185469991587165,1,0.0,22.172480333333333,20.4849584,0.0,1.01715715808,28.7,0.0,0.0,0.0,0.0,0.0,0.0,9.364277006048721e-07,0.023738839286541667
2020-06-07 01:00:00,0.0,0.0,0.0,22.246113760714287,20.77359950595238,0.0,1,0.25881904510252074,0.9659258262890683,159,0.3953117887649151,-0.9185469991587165,1,0.0,22.246113760714287,20.77359950595238,0.0,1.016060321877381,28.7,0.0,0.0,0.0,0.0,0.0,0.0,9.364277006048721e-07,0.0
2020-06-07 02:00:00,0.0,0.0,0.0,22.066873166666667,20.415523233333335,0.0,2,0.49999999999999994,0.8660254037844387,159,0.3953117887649151,-0.9185469991587165,1,0.0,22.066873166666667,20.415523233333335,0.0,1.0174210117133333,28.7,0.0,0.0,0.0,0.0,0.0,0.0,9.364277006048721e-07,0.0
2020-06-07 03:00:00,0.0,0.0,0.0,21.903646795238092,20.215295359523807,0.0,3,0.7071067811865475,0.7071067811865476,159,0.3953117887649151,-0.9185469991587165,1,0.0,21.903646795238092,20.215295359523807,0.0,1.0181818776338096,28.7,0.0,0.0,0.0,0.0,0.0,0.0,9.364277006048721e-07,0.0
2020-06-07 04:00:00,0.0,0.0,0.0,21.937317416666666,20.360091133333334,0.0,4,0.8660254037844386,0.5000000000000001,159,0.3953117887649151,-0.9185469991587165,1,0.0,21.937317416666666,20.360091133333334,0.0,1.0176316536933334,28.7,0.0,0.0,0.0,0.0,0.0,0.0,9.364277006048721e-07,0.0
2020-06-07 05:00:00,0.0,0.0,0.0,22.104030721428572,20.759086596428574,6.1158156675525e-05,5,0.9659258262890683,0.25881904510252074,159,0.3953117887649151,-0.9185469991587165,1,0.061158156675524995,22.104030721428572,20.759086596428574,0.0,1.0161154709335714,28.7,0.0,0.0,0.0,0.0,0.0,0.0,9.364277006048721e-07,0.0
2020-06-07 06:00:00,1.4605549107,15.0069687499775,990.83928571,22.097016366666665,21.656446816666666,0.04991347621333327,6,1.0,6.123233995736766e-17,159,0.3953117887649151,-0.9185469991587165,1,49.913476213333276,22.097016366666665,21.656446816666666,0.0,1.0127055020966667,28.7,0.05089041500696864,0.0,0.0,0.0,1.474725892855,0.0,9.364277006048721e-07,0.0
2020-06-07 07:00:00,4.40436919645,44.9272008915,5126.4107143,22.537069216666666,26.026079316666667,0.1408685824166666,7,0.9659258262890683,-0.25881904510252063,159,0.3953117887649151,-0.9185469991587165,1,140.8685824166666,22.537069216666666,26.026079316666667,45.6,0.9961008985966666,28.7,0.15346234133972125,1.4605549107,0.0,0.0,7.763867410675001,0.4868516369000024,0.8432517708593839,0.24342581845
2020-06-07 08:00:00,8.392256696475,85.438633929,12731.8035715,23.161128522619048,30.484799019047617,0.2624469832023809,8,0.8660254037844387,-0.49999999999999983,159,0.3953117887649151,-0.9185469991587165,1,262.4469832023809,23.161128522619048,30.484799019047617,47.5,0.9791577637276191,28.7,0.2924131253127178,4.40436919645,1.4605549107,0.0,12.7590428571,1.9549747023833357,2.243424882287426,0.9774873511916667
2020-06-07 09:00:00,16.523571874975,168.808392857,28962.374999,24.37360893333333,40.382001716666664,0.5319708848333333,9,0.7071067811865476,-0.7071067811865475,159,0.3953117887649151,-0.9185469991587165,1,531.9708848333333,24.37360893333333,40.382001716666664,24.8,0.9415483934766666,28.7,0.5757342116716029,8.392256696475,4.40436919645,1.4605549107,13.5552321429,4.752393601208336,3.478931323188246,2.3761968006041667
2020-06-07 10:00:00,19.97454732105,204.367361608,47133.875,25.578311978571428,43.940603214285716,0.6711461439166666,10,0.49999999999999994,-0.8660254037844387,159,0.3953117887649151,-0.9185469991587165,1,671.1461439166666,25.578311978571428,43.940603214285716,22.5,0.9280257077857142,28.7,0.6959772585731707,16.523571874975,8.392256696475,4.40436919645,19.77246428585,9.773399255966668,6.176522846069768,5.1301254464333335
2020-06-07 11:00:00,25.593988393075,262.23787499499997,73091.57143,27.546876483333335,55.65297193333333,0.9060520798333332,11,0.258819045102521,-0.9659258262890682,159,0.3953117887649151,-0.9185469991587165,1,906.0520798333332,27.546876483333335,55.65297193333333,6.2,0.8835187066533333,28.7,0.8917765990618468,19.97454732105,16.523571874975,8.392256696475,18.3503406245,14.963458630833335,5.946665370519806,8.459216666608333
2020-06-07 12:00:00,24.268216518175002,248.90190178575,97971.767858,28.78057265,58.29784398333334,1.01170257725,12,1.2246467991473532e-16,-1.0,159,0.3953117887649151,-0.9185469991587165,1,1011.7025772499999,28.78057265,58.29784398333334,0.0,0.8734681928633333,28.7,0.8455824570792684,25.593988393075,19.97454732105,16.523571874975,19.1985035715,20.69736919636667,4.578205712998556,12.7248813987875
2020-06-07 13:00:00,17.34153973185,177.710397318,116428.017858,29.982181766666663,54.78888251666667,0.8305941268333333,13,-0.2588190451025208,-0.9659258262890683,159,0.3953117887649151,-0.9185469991587165,1,830.5941268333333,29.982181766666663,54.78888251666667,14.0,0.8868022464366667,28.7,0.6042348338623693,24.268216518175002,25.593988393075,19.97454732105,18.900300893100002,23.278917410766667,2.937441749793433,16.526158333366666
2020-06-07 14:00:00,15.91872499987,162.8228214276,132803.607143,30.146266776190476,47.408270103571425,0.5641124195119047,14,-0.4999999999999998,-0.8660254037844388,159,0.3953117887649151,-0.9185469991587165,1,564.1124195119047,30.146266776190476,47.408270103571425,34.9,0.9148485736064286,28.7,0.5546594076609755,17.34153973185,24.268216518175002,25.593988393075,14.2313772329,22.40124821436667,4.431693266924878,18.6823534226
2020-06-07 15:00:00,16.338513839325003,167.0138839285,148914.035714,30.261759416666667,45.48479053333334,0.5349026459999999,15,-0.7071067811865471,-0.7071067811865479,159,0.3953117887649151,-0.9185469991587165,1,534.9026459999999,30.261759416666667,45.48479053333334,24.4,0.9221577959733334,28.7,0.5692861964921604,15.91872499987,17.34153973185,24.268216518175002,8.988941071475,19.176160416631667,4.466864330414964,19.936764806499166
2020-06-07 16:00:00,11.828953124925,120.71494196425,160675.982142,29.898538538095238,40.54269408690476,0.39542794771428563,16,-0.8660254037844384,-0.5000000000000004,159,0.3953117887649151,-0.9185469991587165,1,395.4279477142856,29.898538538095238,40.54269408690476,20.9,0.9409377624697619,28.7,0.41215864546777004,16.338513839325003,15.91872499987,17.34153973185,3.691929910775,16.532926190348334,0.7310592055763712,19.905921800557497
2020-06-07 17:00:00,5.44310267865,55.513665178749996,167345.249999,28.36608935,32.9798356,0.18299867814999998,17,-0.9659258262890683,-0.25881904510252063,159,0.3953117887649151,-0.9185469991587165,1,182.99867815,28.36608935,32.9798356,29.3,0.96967662472,28.7,0.18965514559756097,11.828953124925,16.338513839325003,15.91872499987,1.25397232143,14.695397321373335,2.4912712449565584,18.54832276787
2020-06-07 18:00:00,0.54653437500225,5.64699553574,168197.0,26.166535141666667,25.184501426190476,0.01839550919466664,18,-1.0,-1.8369701987210297e-16,159,0.3953117887649151,-0.9185469991587165,1,18.39550919466664,26.166535141666667,25.184501426190476,0.0,0.9992988945804762,28.7,0.01904300958195993,5.44310267865,11.828953124925,16.338513839325003,0.14243303571925,11.2035232143,5.474565555354071,15.189841815465835
2020-06-07 19:00:00,0.0,0.0,168197.0,24.838899683333334,22.560077933333336,0.0,19,-0.9659258262890684,0.2588190451025203,159,0.3953117887649151,-0.9185469991587165,1,0.0,24.838899683333334,22.560077933333336,0.0,1.0092717038533334,28.7,0.0,0.54653437500225,5.44310267865,11.828953124925,0.0,5.93953005952575,5.657567791950471,11.23622812493704
2020-06-07 20:00:00,0.0,0.0,168197.0,24.070846689285716,22.097435150000003,0.0,20,-0.8660254037844386,0.5000000000000001,159,0.3953117887649151,-0.9185469991587165,1,0.0,24.070846689285716,22.097435150000003,0.0,1.01102974643,28.7,0.0,0.0,0.54653437500225,5.44310267865,0.0,1.9965456845507499,2.9972889902287823,8.345971502962042
2020-06-07 21:00:00,0.0,0.0,168197.0,23.697170500000002,22.11002906666667,0.0,21,-0.7071067811865477,0.7071067811865474,159,0.3953117887649151,-0.9185469991587165,1,0.0,23.697170500000002,22.11002906666667,0.0,1.0109818895466667,28.7,0.0,0.0,0.0,0.54653437500225,0.0,0.18217812500075,0.31554176853075155,5.692850669650376
2020-06-07 22:00:00,0.0,0.0,168197.0,23.200513158333337,21.377294566666666,0.0,22,-0.5000000000000004,0.8660254037844384,159,0.3953117887649151,-0.9185469991587165,1,0.0,23.200513158333337,21.377294566666666,0.0,1.0137662806466667,28.7,0.0,0.0,0.0,0.0,0.0,0.0,1.075650181986398e-06,2.969765029762875
2020-06-07 23:00:00,0.0,0.0,153216.5,23.2523081,21.9663025,0.0,23,-0.25881904510252157,0.9659258262890681,159,0.3953117887649151,-0.9185469991587165,1,0.0,23.2523081,21.9663025,0.0,1.0115280505,28.7,0.0,0.0,0.0,0.0,0.0,0.0,1.075650181986398e-06,0.9982728422753749
2020-06-08 00:00:00,0.0,0.0,0.0,23.113508500000002,21.86410755357143,0.0,0,0.0,1.0,160,0.37945284372454435,-0.925211078289358,0,0.0,23.113508500000002,21.86410755357143,0.0,1.0119163912964286,28.7,0.0,0.0,0.0,0.0,0.0,0.0,1.075650181986398e-06,0.091089062500375
2020-06-08 01:00:00,0.0,0.0,0.0,22.606850652380952,20.955526729761907,0.0,1,0.25881904510252074,0.9659258262890683,160,0.37945284372454435,-0.925211078289358,0,0.0,22.606850652380952,20.955526729761907,0.0,1.0153689984269048,28.7,0.0,0.0,0.0,0.0,0.0,0.0,1.075650181986398e-06,0.0
2020-06-08 02:00:00,0.0,0.0,0.0,22.44120888333333,21.1601827,0.0,2,0.49999999999999994,0.8660254037844387,160,0.37945284372454435,-0.925211078289358,0,0.0,22.44120888333333,21.1601827,0.0,1.01459130574,28.7,0.0,0.0,0.0,0.0,0.0,0.0,1.075650181986398e-06,0.0
2020-06-08 03:00:00,0.0,0.0,0.0,22.15589973690476,20.98212627261905,0.0,3,0.7071067811865475,0.7071067811865476,160,0.37945284372454435,-0.925211078289358,0,0.0,22.15589973690476,20.98212627261905,0.0,1.0152679201640475,28.7,0.0,0.0,0.0,0.0,0.0,0.0,1.075650181986398e-06,0.0
2020-06-08 04:00:00,0.0,0.0,0.0,22.00918301309524,20.700276610714283,0.0,4,0.8660254037844386,0.5000000000000001,160,0.37945284372454435,-0.925211078289358,0,0.0,22.00918301309524,20.700276610714283,0.0,1.0163389488792858,28.7,0.0,0.0,0.0,0.0,0.0,0.0,1.075650181986398e-06,0.0
2020-06-08 05:00:00,0.0,0.0,0.0,21.583359283333333,20.21429193333333,0.000258923946833325,5,0.9659258262890683,0.25881904510252074,160,0.37945284372454435,-0.925211078289358,0,0.258923946833325,21.583359283333333,20.21429193333333,0.0,1.0181856906533333,28.7,0.0,0.0,0.0,0.0,0.0,0.0,1.075650181986398e-06,0.0
2020-06-08 06:00:00,1.33523258927425,13.76017857149,1020.03571428,21.62218130595238,21.28217550714286,0.044062588126190426,6,1.0,6.123233995736766e-17,160,0.37945284372454435,-0.925211078289358,0,44.06258812619043,21.62218130595238,21.28217550714286,0.0,1.014127733072857,28.7,0.04652378359840593,0.0,0.0,0.0,1.4605549107,0.0,1.075650181986398e-06,0.0
2020-06-08 07:00:00,5.304911160775,54.098196429,5550.9464286,22.593312066666666,26.222001566666666,0.18647552311666662,7,0.9659258262890683,-0.25881904510252063,160,0.37945284372454435,-0.925211078289358,0,186.47552311666664,22.593312066666666,26.222001566666666,28.0,0.9953563940466666,28.7,0.18484011013153312,1.33523258927425,0.0,0.0,4.40436919645,0.44507752975808335,0.7708968948489849,0.22253876487904167
2020-06-08 08:00:00,10.864101785675,110.77579464325,15479.5535715,24.218138339285716,35.08357694642857,0.36298589090476185,8,0.8660254037844387,-0.49999999999999983,160,0.37945284372454435,-0.925211078289358,0,362.98589090476185,24.218138339285716,35.08357694642857,27.4,0.9616824076035714,28.7,0.3785401319050523,5.304911160775,1.33523258927425,0.0,8.392256696475,2.213381250016417,2.759325897515964,1.1066906250082085
2020-06-08 09:00:00,20.800929583025003,212.85730595125,35369.749999,26.628920790750918,46.91917336327839,0.7135166228891942,9,0.7071067811865476,-0.7071067811865475,160,0.37945284372454435,-0.925211078289358,0,713.5166228891942,26.628920790750918,46.91917336327839,0.0,0.9167071412195421,28.7,0.7247710656106273,10.864101785675,5.304911160775,1.33523258927425,16.523571874975,5.834748511908084,4.786479160564832,2.917374255954042
2020-06-08 10:00:00,24.6318142852,252.45855357025,59865.964285,28.18635006547619,52.06436005,0.8618694146666667,10,0.49999999999999994,-0.8660254037844387,160,0.37945284372454435,-0.925211078289358,0,861.8694146666667,28.18635006547619,52.06436005,0.5,0.89715543181,28.7,0.8582513688222997,20.800929583025003,10.864101785675,5.304911160775,19.97454732105,12.32331417649167,7.850389948073475,6.384195853124876
2020-06-08 11:00:00,23.454449553249997,240.26830357175,83698.785711,28.779726116666666,50.16498105,0.8080811234999999,11,0.258819045102521,-0.9659258262890682,160,0.37945284372454435,-0.925211078289358,0,808.0811235,28.779726116666666,50.16498105,16.3,0.9043730720100001,28.7,0.8172282074303135,24.6318142852,20.800929583025003,10.864101785675,25.593988393075,18.76561521796667,7.1059380303274535,10.489498233991542
2020-06-08 12:00:00,20.679603124825,211.58184374875,105215.089284,29.15430167380952,47.460909765476195,0.7173900709761905,12,1.2246467991473532e-16,-1.0,160,0.37945284372454435,-0.925211078289358,0,717.3900709761905,29.15430167380952,47.460909765476195,28.3,0.9146485428911905,28.7,0.7205436628858886,23.454449553249997,24.6318142852,20.800929583025003,24.268216518175002,22.96239780715833,1.9622705193126218,14.398573159533209
2020-06-08 13:00:00,19.683317857000002,201.4993348205,124397.464286,29.948810733333335,50.545794666666666,0.7360743284999999,13,-0.2588190451025208,-0.9659258262890683,160,0.37945284372454435,-0.925211078289358,0,736.0743284999999,29.948810733333335,50.545794666666666,23.8,0.9029259802666667,28.7,0.685829890487805,20.679603124825,23.454449553249997,24.6318142852,17.34153973185,22.921955654425002,2.029200723995163,17.62263491545833
2020-06-08 14:00:00,22.10031339245,226.2685892875,147114.892858,30.673969560714283,52.70301297499999,0.7593683400714284,14,-0.4999999999999998,-0.8660254037844388,160,0.37945284372454435,-0.925211078289358,0,759.3683400714284,30.673969560714283,52.70301297499999,12.3,0.894728550695,28.7,0.770045762803136,19.683317857000002,20.679603124825,23.454449553249997,15.91872499987,21.272456845025,1.9542172903189667,20.019036031495833
2020-06-08 15:00:00,17.89921473195,182.96305803725,165405.357143,30.7856949,47.27726593333333,0.5980849598333333,15,-0.7071067811865471,-0.7071067811865479,160,0.37945284372454435,-0.925211078289358,0,598.0849598333333,30.7856949,47.27726593333333,15.4,0.9153463894533334,28.7,0.6236660185348433,22.10031339245,19.683317857000002,20.679603124825,16.338513839325003,20.821078124758333,1.2146926509619485,21.89173796595833
2020-06-08 16:00:00,10.27665625005,104.8610758925,176022.714286,29.022301683333335,38.10209493333334,0.34019435093333333,16,-0.8660254037844384,-0.5000000000000004,160,0.37945284372454435,-0.925211078289358,0,340.19435093333334,29.022301683333335,38.10209493333334,32.0,0.9502120392533333,28.7,0.35807164634320554,17.89921473195,22.10031339245,19.683317857000002,11.828953124925,19.894281993800004,2.108479757805527,21.408118824112496
2020-06-08 17:00:00,4.757149553575,48.557285714,181898.999999,28.64792483095238,33.119577172619046,0.17113327968095235,17,-0.9659258262890683,-0.25881904510252063,160,0.37945284372454435,-0.925211078289358,0,171.13327968095234,28.64792483095238,33.119577172619046,33.9,0.9691456067440476,28.7,0.16575433984581883,10.27665625005,17.89921473195,22.10031339245,5.44310267865,16.758728124816667,5.993767540624576,19.015592484920834
2020-06-08 18:00:00,0.7341723214225,7.579245535699999,182943.0,27.128252733333333,26.393591266666665,0.029386261824549974,18,-1.0,-1.8369701987210297e-16,160,0.37945284372454435,-0.925211078289358,0,29.386261824549972,27.128252733333333,26.393591266666665,0.0,0.9947043531866667,28.7,0.02558091712273519,4.757149553575,10.27665625005,17.89921473195,0.54653437500225,10.977673511858333,6.599017971575747,15.899375818308334
2020-06-08 19:00:00,0.0,0.0,182943.0,25.502021895238094,23.008134266666666,0.0,19,-0.9659258262890684,0.2588190451025203,160,0.37945284372454435,-0.925211078289358,0,0.0,25.502021895238094,23.008134266666666,0.0,1.0075690897866667,28.7,0.0,0.7341723214225,4.757149553575,10.27665625005,0.0,5.255992708349166,4.7907601956086445,12.575137351074586
2020-06-08 20:00:00,0.0,0.0,182943.0,24.325386566666666,21.1372071,0.0,20,-0.8660254037844386,0.5000000000000001,160,0.37945284372454435,-0.925211078289358,0,0.0,24.325386566666666,21.1372071,0.0,1.01467861302,28.7,0.0,0.0,0.7341723214225,4.757149553575,0.0,1.8304406249991667,2.561048830819301,9.294584374907917
2020-06-08 21:00:00,0.0,0.0,182943.0,23.514334935714288,20.59146790357143,0.0,21,-0.7071067811865477,0.7071067811865474,160,0.37945284372454435,-0.925211078289358,0,0.0,23.514334935714288,20.59146790357143,0.0,1.0167524219664286,28.7,0.0,0.0,0.0,0.7341723214225,0.0,0.24472410714083334,0.42387458740619793,5.611198809499584
2020-06-08 22:00:00,0.0,0.0,182943.0,23.1912215,20.74686283333333,0.0,22,-0.5000000000000004,0.8660254037844384,160,0.37945284372454435,-0.925211078289358,0,0.0,23.1912215,20.74686283333333,0.0,1.0161619212333333,28.7,0.0,0.0,0.0,0.0,0.0,0.0,1.0739942831017665e-06,2.627996354174583
2020-06-08 23:00:00,0.0,0.0,165866.875,22.757581100000003,20.227443466666667,0.0,23,-0.25881904510252157,0.9659258262890681,160,0.37945284372454435,-0.925211078289358,0,0.0,22.757581100000003,20.227443466666667,0.0,1.0181357148266668,28.7,0.0,0.0,0.0,0.0,0.0,0.0,1.0739942831017665e-06,0.9152203124995834
2020-06-09 00:00:00,0.0,0.0,0.0,22.21815481785714,19.386306176190477,0.0,0,0.0,1.0,161,0.36348161248290634,-0.9316013725767187,0,0.0,22.21815481785714,19.386306176190477,0.0,1.021332036530476,28.7,0.0,0.0,0.0,0.0,0.0,0.0,1.0739942831017665e-06,0.12236205357041667
2020-06-09 01:00:00,0.0,0.0,0.0,21.845899433333333,19.487124100000003,0.0,1,0.25881904510252074,0.9659258262890683,161,0.36348161248290634,-0.9316013725767187,0,0.0,21.845899433333333,19.487124100000003,0.0,1.02094892842,28.7,0.0,0.0,0.0,0.0,0.0,0.0,1.0739942831017665e-06,0.0
2020-06-09 02:00:00,0.0,0.0,0.0,21.417404016666666,19.18819339761905,0.0,2,0.49999999999999994,0.8660254037844387,161,0.36348161248290634,-0.9316013725767187,0,0.0,21.417404016666666,19.18819339761905,0.0,1.0220848650890477,28.7,0.0,0.0,0.0,0.0,0.0,0.0,1.0739942831017665e-06,0.0
2020-06-09 03:00:00,0.0,0.0,0.0,21.314007566666668,19.31135761666667,0.0,3,0.7071067811865475,0.7071067811865476,161,0.36348161248290634,-0.9316013725767187,0,0.0,21.314007566666668,19.31135761666667,0.0,1.0216168410566666,28.7,0.0,0.0,0.0,0.0,0.0,0.0,1.0739942831017665e-06,0.0
2020-06-09 04:00:00,0.0,0.0,0.0,21.305073658333335,19.688138424999998,0.0,4,0.8660254037844386,0.5000000000000001,161,0.36348161248290634,-0.9316013725767187,0,0.0,21.305073658333335,19.688138424999998,0.0,1.020185073985,28.7,0.0,0.0,0.0,0.0,0.0,0.0,1.0739942831017665e-06,0.0
2020-06-09 05:00:00,0.0,0.0,0.0,21.213012083333332,19.4132019,0.00024562206666665,5,0.9659258262890683,0.25881904510252074,161,0.36348161248290634,-0.9316013725767187,0,0.24562206666664999,21.213012083333332,19.4132019,0.0,1.02122983278,28.7,0.0,0.0,0.0,0.0,0.0,0.0,1.0739942831017665e-06,0.0
2020-06-09 06:00:00,1.5626325893475,16.069825892275,1118.73214285,21.63425604047619,20.333628392857143,0.0510595843721428,6,1.0,6.123233995736766e-17,161,0.36348161248290634,-0.9316013725767187,0,51.0595843721428,21.63425604047619,20.333628392857143,0.0,1.0177322121071428,28.7,0.05444712854869338,0.0,0.0,0.0,1.33523258927425,0.0,1.0739942831017665e-06,0.0
2020-06-09 07:00:00,5.485152678525,55.90565624975,6273.9464287,23.2867858,26.704984083333336,0.2188101443333333,7,0.9659258262890683,-0.25881904510252063,161,0.36348161248290634,-0.9316013725767187,0,218.81014433333328,23.2867858,26.704984083333336,15.5,0.9935210604833333,28.7,0.19112030238763067,1.5626325893475,0.0,0.0,5.304911160775,0.5208775297825,0.9021863461048848,0.26043876489125
2020-06-09 08:00:00,14.015081696425,143.08091517875,18904.2857143,25.326538988095237,39.06813579166667,0.5008473409404761,8,0.8660254037844387,-0.49999999999999983,161,0.36348161248290634,-0.9316013725767187,0,500.8473409404761,25.326538988095237,39.06813579166667,0.0,0.9465410839916667,28.7,0.4883303726977352,5.485152678525,1.5626325893475,0.0,10.864101785675,2.3492617559575,2.825918268634937,1.17463087797875
2020-06-09 09:00:00,18.931923214325,193.65420536050001,37675.767857,27.49978385,47.00158256666667,0.6641447218333333,9,0.7071067811865476,-0.7071067811865475,161,0.36348161248290634,-0.9316013725767187,0,664.1447218333333,27.49978385,47.00158256666667,6.1,0.9163939862466667,28.7,0.6596488924851917,14.015081696425,5.485152678525,1.5626325893475,20.800929583025003,7.0209556547658325,6.366701679634615,3.5104778273829162
2020-06-09 10:00:00,21.352606249375,218.74592857275002,58064.142856,28.362417516666667,48.03990076666666,0.7577397655,10,0.49999999999999994,-0.8660254037844387,161,0.36348161248290634,-0.9316013725767187,0,757.7397655,28.362417516666667,48.03990076666666,12.5,0.9124483770866667,28.7,0.7439932491071429,18.931923214325,14.015081696425,5.485152678525,24.6318142852,12.810719196425,6.803806010915501,6.66579836310375
2020-06-09 11:00:00,23.540416071525,241.19587054550001,81808.714286,29.966948682142853,54.44581669404762,0.8505517691666667,11,0.258819045102521,-0.9659258262890682,161,0.36348161248290634,-0.9316013725767187,0,850.5517691666668,29.966948682142853,54.44581669404762,11.9,0.8881058965626191,28.7,0.820223556499129,21.352606249375,18.931923214325,14.015081696425,23.454449553249997,18.099870386708336,3.7388568536713036,10.224566071332918
2020-06-09 12:00:00,20.2909602674,207.73641071875,102499.5,30.39640711666667,51.21747753333333,0.7240576521666666,12,1.2246467991473532e-16,-1.0,161,0.36348161248290634,-0.9316013725767187,0,724.0576521666666,30.39640711666667,51.21747753333333,27.6,0.9003735853733333,28.7,0.7070020999094077,23.540416071525,21.352606249375,18.931923214325,20.679603124825,21.274981845075,2.305226835871706,14.147968749920418
2020-06-09 13:00:00,21.207922767475,217.15060268399998,123723.17857,31.08761780952381,54.871484561904765,0.7595741170595238,13,-0.2588190451025208,-0.9659258262890683,161,0.36348161248290634,-0.9316013725767187,0,759.5741170595238,31.08761780952381,54.871484561904765,21.4,0.8864883586647618,28.7,0.738952012804007,20.2909602674,23.540416071525,21.352606249375,19.683317857000002,21.7279941961,1.6569332631854012,17.269356696262502
2020-06-09 14:00:00,15.66421339295,160.0503303575,139677.732145,30.82582395,45.615940949999995,0.5113312998333334,14,-0.4999999999999998,-0.8660254037844388,161,0.36348161248290634,-0.9316013725767187,0,511.3312998333334,30.82582395,45.615940949999995,41.0,0.92165942439,28.7,0.5457914074198607,21.207922767475,20.2909602674,23.540416071525,22.10031339245,21.6797663688,1.6753262499656374,19.889818377754167
2020-06-09 15:00:00,17.430479017899998,178.09171428625,157460.696429,30.560486667857145,45.45718743690476,0.5725845436071428,15,-0.7071067811865471,-0.7071067811865479,161,0.36348161248290634,-0.9316013725767187,0,572.5845436071428,30.560486667857145,45.45718743690476,19.0,0.9222626877397619,28.7,0.6073337636898954,15.66421339295,21.207922767475,20.2909602674,17.89921473195,19.054365475941665,2.971540579564019,20.164673660508335
2020-06-09 16:00:00,11.499323660675,117.2907410705,169888.500001,29.87070465,40.184900733333336,0.3819170283333333,16,-0.8660254037844384,-0.5000000000000004,161,0.36348161248290634,-0.9316013725767187,0,381.9170283333333,29.87070465,40.184900733333336,23.6,0.9422973772133333,28.7,0.4006732982813589,17.430479017899998,15.66421339295,21.207922767475,10.27665625005,18.100871726108334,2.832004271662296,19.914432961104165
2020-06-09 17:00:00,5.0988642857,51.998584821,175756.303572,28.407150461904763,32.63908220357143,0.17041512511904758,17,-0.9659258262890683,-0.25881904510252063,161,0.36348161248290634,-0.9316013725767187,0,170.4151251190476,28.407150461904763,32.63908220357143,34.2,0.9709714876264286,28.7,0.1776607765052265,11.499323660675,17.430479017899998,15.66421339295,4.757149553575,14.864672023841665,3.0453408296234814,18.272219196320833
2020-06-09 18:00:00,0.72979508928775,7.53143750003,176854.0,26.797197966666666,26.31715188333333,0.025389615769499975,18,-1.0,-1.8369701987210297e-16,161,0.36348161248290634,-0.9316013725767187,0,25.389615769499976,26.797197966666666,26.31715188333333,0.0,0.9949948228433333,28.7,0.025428400323614986,5.0988642857,11.499323660675,17.430479017899998,0.7341723214225,11.342888988091666,6.1672955443162705,15.198627232016667
2020-06-09 19:00:00,0.0,0.0,176854.0,25.348752933333337,23.06225128333333,0.0,19,-0.9659258262890684,0.2588190451025203,161,0.36348161248290634,-0.9316013725767187,0,0.0,25.348752933333337,23.06225128333333,0.0,1.0073634451233333,28.7,0.0,0.72979508928775,5.0988642857,11.499323660675,0.0,5.775994345220917,5.416600894529023,11.938433035664623
2020-06-09 20:00:00,0.0,0.0,176854.0,24.574884576190478,22.17879730595238,0.0,20,-0.8660254037844386,0.5000000000000001,161,0.36348161248290634,-0.9316013725767187,0,0.0,24.574884576190478,22.17879730595238,0.0,1.010720570237381,28.7,0.0,0.0,0.72979508928775,5.0988642857,0.0,1.94288645832925,2.757407705296795,8.403779241085457
2020-06-09 21:00:00,0.0,0.0,176854.0,23.809504150000002,21.434218866666665,0.0,21,-0.7071067811865477,0.7071067811865474,161,0.36348161248290634,-0.9316013725767187,0,0.0,23.809504150000002,21.434218866666665,0.0,1.0135499683066667,28.7,0.0,0.0,0.0,0.72979508928775,0.0,0.24326502976258335,0.42134739125503445,5.793077008927125
2020-06-09 22:00:00,0.0,0.0,176854.0,23.161783222619047,20.728371841666668,0.0,22,-0.5000000000000004,0.8660254037844384,161,0.36348161248290634,-0.9316013725767187,0,0.0,23.161783222619047,20.728371841666668,0.0,1.0162321870016666,28.7,0.0,0.0,0.0,0.0,0.0,0.0,1.1247824530995115e-06,2.8879971726104583
2020-06-09 23:00:00,0.0,0.0,162100.714285,22.867057850000002,20.602625083333333,0.0,23,-0.25881904510252157,0.9659258262890681,161,0.36348161248290634,-0.9316013725767187,0,0.0,22.867057850000002,20.602625083333333,0.0,1.0167100246833334,28.7,0.0,0.0,0.0,0.0,0.0,0.0,1.1247824530995115e-06,0.971443229164625
2020-06-10 00:00:00,0.0,0.0,0.0,22.758794563095236,20.860187471428567,0.0,0,0.0,1.0,162,0.3474028211842774,-0.9377159910299093,0,0.0,22.758794563095236,20.860187471428567,0.0,1.0157312876085713,28.7,0.0,0.0,0.0,0.0,0.0,0.0,1.1247824530995115e-06,0.12163251488129168
2020-06-10 01:00:00,0.0,0.0,0.0,22.508951333333336,20.67917786666667,0.0,1,0.25881904510252074,0.9659258262890683,162,0.3474028211842774,-0.9377159910299093,0,0.0,22.508951333333336,20.67917786666667,0.0,1.0164191241066667,28.7,0.0,0.0,0.0,0.0,0.0,0.0,1.1247824530995115e-06,0.0
2020-06-10 02:00:00,0.0,0.0,0.0,22.356467066666667,20.652160657142858,0.0,2,0.49999999999999994,0.8660254037844387,162,0.3474028211842774,-0.9377159910299093,0,0.0,22.356467066666667,20.652160657142858,0.0,1.016521789502857,28.7,0.0,0.0,0.0,0.0,0.0,0.0,1.1247824530995115e-06,0.0
2020-06-10 03:00:00,0.0,0.0,0.0,22.183734066666666,20.131546016666668,0.0,3,0.7071067811865475,0.7071067811865476,162,0.3474028211842774,-0.9377159910299093,0,0.0,22.183734066666666,20.131546016666668,0.0,1.0185001251366668,28.7,0.0,0.0,0.0,0.0,0.0,0.0,1.1247824530995115e-06,0.0
2020-06-10 04:00:00,0.0,0.0,0.0,21.90007886547619,19.83379872857143,0.0,4,0.8660254037844386,0.5000000000000001,162,0.3474028211842774,-0.9377159910299093,0,0.0,21.90007886547619,19.83379872857143,0.0,1.0196315648314285,28.7,0.0,0.0,0.0,0.0,0.0,0.0,1.1247824530995115e-06,0.0
2020-06-10 05:00:00,0.0,0.0,0.0,21.864237483333334,19.47839096666667,6.262212005e-05,5,0.9659258262890683,0.25881904510252074,162,0.3474028211842774,-0.9377159910299093,0,0.06262212005,21.864237483333334,19.47839096666667,0.0,1.0209821143266666,28.7,0.0,0.0,0.0,0.0,0.0,0.0,1.1247824530995115e-06,0.0
2020-06-10 06:00:00,1.4588169642705,15.013482142685,1069.92857141,22.073455464285715,20.550800032142856,0.0490059701880952,6,1.0,6.123233995736766e-17,162,0.3474028211842774,-0.9377159910299093,0,49.005970188095205,22.073455464285715,20.550800032142856,0.0,1.016906959877857,28.7,0.05082985938224739,0.0,0.0,0.0,1.5626325893475,0.0,1.1247824530995115e-06,0.0
2020-06-10 07:00:00,6.5209986607,66.422584821,6759.9285715999995,23.614835616666667,28.175078300000003,0.25514380124999997,7,0.9659258262890683,-0.25881904510252063,162,0.3474028211842774,-0.9377159910299093,0,255.14380124999997,23.614835616666667,28.175078300000003,1.4,0.98793470246,28.7,0.22721249688850176,1.4588169642705,0.0,0.0,5.485152678525,0.4862723214235,0.8422483670207006,0.24313616071175
2020-06-10 08:00:00,9.37257053575,95.532656251,15357.5535716,25.168664566666667,34.65823966666666,0.30697492083333333,8,0.8660254037844387,-0.49999999999999983,162,0.3474028211842774,-0.9377159910299093,0,306.97492083333333,25.168664566666667,34.65823966666666,38.6,0.9632986892666667,28.7,0.32657040194250875,6.5209986607,1.4588169642705,0.0,14.015081696425,2.6599385416568335,3.4224078754527767,1.3299692708284168
2020-06-10 09:00:00,15.421483035675,157.50787499975002,31374.035713,26.777984578571427,42.20284340476191,0.5224034428333333,9,0.7071067811865476,-0.7071067811865475,162,0.3474028211842774,-0.9377159910299093,0,522.4034428333333,26.777984578571427,42.20284340476191,26.1,0.9346291950619048,28.7,0.5373339036820557,9.37257053575,6.5209986607,1.4588169642705,18.931923214325,5.784128720240166,4.008005349221984,2.892064360120083
2020-06-10 10:00:00,13.1667258928,134.3979107145,44451.160714,27.347464533333333,39.37138826666666,0.43475638233333336,10,0.49999999999999994,-0.8660254037844387,162,0.3474028211842774,-0.9377159910299093,0,434.75638233333336,27.347464533333333,39.37138826666666,49.8,0.9453887245866667,28.7,0.4587709370313589,15.421483035675,9.37257053575,6.5209986607,21.352606249375,10.438350744041665,4.544950067556724,5.462311532732584
2020-06-10 11:00:00,16.401389285675002,167.70248661025,59481.124999,28.17276197142857,42.79893903690476,0.57247193425,11,0.258819045102521,-0.9659258262890682,162,0.3474028211842774,-0.9377159910299093,0,572.47193425,28.17276197142857,42.79893903690476,40.7,0.9323640316597619,28.7,0.5714769785949478,13.1667258928,15.421483035675,9.37257053575,23.540416071525,12.653593154741666,3.0569289349097097,7.6567658481992495
2020-06-10 12:00:00,25.4143049111,260.49858928049997,84763.785713,30.229449916666667,53.94891523333333,0.9085489426666666,12,1.2246467991473532e-16,-1.0,162,0.3474028211842774,-0.9377159910299093,0,908.5489426666667,30.229449916666667,53.94891523333333,9.1,0.8899941221133334,28.7,0.8855158505609756,16.401389285675002,13.1667258928,15.421483035675,20.2909602674,14.99653273805,1.6586738325814723,10.390330729145084
2020-06-10 13:00:00,20.616375893175,210.98544196825,106093.107143,31.033643821428573,50.17854783809524,0.6970009455595237,13,-0.2588190451025208,-0.9659258262890683,162,0.3474028211842774,-0.9377159910299093,0,697.0009455595238,31.033643821428573,50.17854783809524,27.8,0.9043215182152381,28.7,0.7183406234555749,25.4143049111,16.401389285675002,13.1667258928,21.207922767475,18.327473363191668,6.346900649736314,14.38291205361667
2020-06-10 14:00:00,12.594222767875,128.725861607425,120955.464285,30.1143702,43.11079375,0.4316771927,14,-0.4999999999999998,-0.8660254037844388,162,0.3474028211842774,-0.9377159910299093,0,431.6771927,30.1143702,43.11079375,50.2,0.93117898375,28.7,0.4388230929573171,20.616375893175,25.4143049111,16.401389285675002,15.66421339295,20.810690029983334,4.509598707820941,16.7321415923625
2020-06-10 15:00:00,7.590844642825001,77.326857143,127752.785714,24.486214266666664,27.86704661666667,0.22153852199999996,15,-0.7071067811865471,-0.7071067811865479,162,0.3474028211842774,-0.9377159910299093,0,221.53852199999997,24.486214266666664,27.86704661666667,68.7,0.9891052228566667,28.7,0.26448936037717774,12.594222767875,20.616375893175,25.4143049111,17.430479017899998,19.54163452405,6.477262407656556,17.269083631049998
2020-06-10 16:00:00,8.49870535715,86.59957142825,136585.535714,26.14163430119048,33.990552408333336,0.26582140836904755,16,-0.8660254037844384,-0.5000000000000004,162,0.3474028211842774,-0.9377159910299093,0,265.82140836904756,26.14163430119048,33.990552408333336,46.8,0.9658359008483334,28.7,0.2961221378797909,7.590844642825001,12.594222767875,20.616375893175,11.499323660675,13.600481101291665,6.570809155928931,15.963977232241668
2020-06-10 17:00:00,4.067878571375,41.5752285715,141066.857142,25.937685836904762,29.63778898095238,0.13037452608928568,17,-0.9659258262890683,-0.25881904510252063,162,0.3474028211842774,-0.9377159910299093,0,130.37452608928567,25.937685836904762,29.63778898095238,49.6,0.982376401872381,28.7,0.1417379293162021,8.49870535715,7.590844642825001,12.594222767875,5.0988642857,9.561257589283334,2.66556018503927,15.185973809633333
2020-06-10 18:00:00,0.3600562499975,3.721334821425,141696.0,25.129089883333336,24.854344733333335,0.012292385500756625,18,-1.0,-1.8369701987210297e-16,162,0.3474028211842774,-0.9377159910299093,0,12.292385500756625,25.129089883333336,24.854344733333335,0.0,1.0005534900133333,28.7,0.012545513937195123,4.067878571375,8.49870535715,7.590844642825001,0.72979508928775,6.719142857116666,2.340503045029319,13.130388690583333
2020-06-10 19:00:00,0.0,0.0,141696.0,24.549957720238094,23.20375764166667,0.0,19,-0.9659258262890684,0.2588190451025203,162,0.3474028211842774,-0.9377159910299093,0,0.0,24.549957720238094,23.20375764166667,0.0,1.0068257209616667,28.7,0.0,0.3600562499975,4.067878571375,8.49870535715,0.0,4.3088800595075,4.074673436031546,8.954680580399584
2020-06-10 20:00:00,0.0,0.0,141696.0,22.99427545,21.79700108333333,0.0,20,-0.8660254037844386,0.5000000000000001,162,0.3474028211842774,-0.9377159910299093,0,0.0,22.99427545,21.79700108333333,0.0,1.0121713958833334,28.7,0.0,0.0,0.3600562499975,4.067878571375,0.0,1.4759782737908334,2.251859340690357,5.518617931537084
2020-06-10 21:00:00,0.0,0.0,141696.0,22.327392033333332,21.095944200000005,0.0,21,-0.7071067811865477,0.7071067811865474,162,0.3474028211842774,-0.9377159910299093,0,0.0,22.327392033333332,21.095944200000005,0.0,1.01483541204,28.7,0.0,0.0,0.0,0.3600562499975,0.0,0.12001874999916667,0.2078785728624684,3.419580803557917
2020-06-10 22:00:00,0.0,0.0,141696.0,22.040985173809524,20.644512442857142,0.0,22,-0.5000000000000004,0.8660254037844384,162,0.3474028211842774,-0.9377159910299093,0,0.0,22.040985173809524,20.644512442857142,0.0,1.016550852717143,28.7,0.0,0.0,0.0,0.0,0.0,0.0,1.120615825321406e-06,2.15444002975375
2020-06-10 23:00:00,0.0,0.0,129070.857144,22.347103966666666,21.139259850000002,0.0,23,-0.25881904510252157,0.9659258262890681,162,0.3474028211842774,-0.9377159910299093,0,0.0,22.347103966666666,21.139259850000002,0.0,1.01467081257,28.7,0.0,0.0,0.0,0.0,0.0,0.0,1.120615825321406e-06,0.7379891368954167
2020-06-11 00:00:00,0.0,0.0,0.0,22.525041579761904,21.602324559523808,0.0,0,0.0,1.0,163,0.3312212278016865,-0.9435531242349544,0,0.0,22.525041579761904,21.602324559523808,0.0,1.0129111666738095,28.7,0.0,0.0,0.0,0.0,0.0,0.0,1.120615825321406e-06,0.06000937499958334
2020-06-11 01:00:00,0.0,0.0,0.0,22.265796416666667,21.0265584,0.0,1,0.25881904510252074,0.9659258262890683,163,0.3312212278016865,-0.9435531242349544,0,0.0,22.265796416666667,21.0265584,0.0,1.01509907808,28.7,0.0,0.0,0.0,0.0,0.0,0.0,1.120615825321406e-06,0.0
2020-06-11 02:00:00,0.0,0.0,0.0,21.931037454761906,20.556466183333335,0.0,2,0.49999999999999994,0.8660254037844387,163,0.3312212278016865,-0.9435531242349544,0,0.0,21.931037454761906,20.556466183333335,0.0,1.0168854285033333,28.7,0.0,0.0,0.0,0.0,0.0,0.0,1.120615825321406e-06,0.0
2020-06-11 03:00:00,0.0,0.0,0.0,21.452965316666667,19.779945833333333,0.0,3,0.7071067811865475,0.7071067811865476,163,0.3312212278016865,-0.9435531242349544,0,0.0,21.452965316666667,19.779945833333333,0.0,1.0198362058333332,28.7,0.0,0.0,0.0,0.0,0.0,0.0,1.120615825321406e-06,0.0
2020-06-11 04:00:00,0.0,0.0,0.0,21.142734333333333,19.58994848333333,0.0,4,0.8660254037844386,0.5000000000000001,163,0.3312212278016865,-0.9435531242349544,0,0.0,21.142734333333333,19.58994848333333,0.0,1.0205581957633334,28.7,0.0,0.0,0.0,0.0,0.0,0.0,1.120615825321406e-06,0.0
2020-06-11 05:00:00,0.0,0.0,0.0,21.783436602380952,20.24134335952381,0.0,5,0.9659258262890683,0.25881904510252074,163,0.3312212278016865,-0.9435531242349544,0,0.0,21.783436602380952,20.24134335952381,0.0,1.0180828952338095,28.7,0.0,0.0,0.0,0.0,0.0,0.0,1.120615825321406e-06,0.0
2020-06-11 06:00:00,0.554908482145,5.7395535714,403.30357143,21.869262716666665,21.006458016666667,0.018401740781216626,6,1.0,6.123233995736766e-17,163,0.3312212278016865,-0.9435531242349544,0,18.401740781216628,21.869262716666665,21.006458016666667,0.0,1.0151754595366667,28.7,0.019334790318641114,0.0,0.0,0.0,1.4588169642705,0.0,1.120615825321406e-06,0.0
2020-06-11 07:00:00,2.9388772320774996,30.115303571625,2898.5535713,22.273554325,24.03576931547619,0.08835739327142852,7,0.9659258262890683,-0.25881904510252063,163,0.3312212278016865,-0.9435531242349544,0,88.35739327142852,22.273554325,24.03576931547619,65.9,1.0036640766011904,28.7,0.1023999035567073,0.554908482145,0.0,0.0,6.5209986607,0.18496949404833332,0.3203765615439663,0.09248474702416666
2020-06-11 08:00:00,6.42215312505,65.41345089375,8956.7142856,23.407526200000003,28.960121683333334,0.19355011783333329,8,0.8660254037844387,-0.49999999999999983,163,0.3312212278016865,-0.9435531242349544,0,193.55011783333327,23.407526200000003,28.960121683333334,61.3,0.9849515376033333,28.7,0.22376840156968644,2.9388772320774996,0.554908482145,0.0,9.37257053575,1.1645952380741666,1.5614218845570347,0.5822976190370833
2020-06-11 09:00:00,9.28166696435,94.53139732150001,17859.9464286,24.411663926190474,32.80928360476191,0.27648252465476186,9,0.7071067811865476,-0.7071067811865475,163,0.3312212278016865,-0.9435531242349544,0,276.48252465476185,24.411663926190474,32.80928360476191,60.9,0.9703247223019047,28.7,0.3234030301167248,6.42215312505,2.9388772320774996,0.554908482145,15.421483035675,3.3053129464241664,2.950736564738878,1.6526564732120832
2020-06-11 10:00:00,12.0630950893,123.085040178,29531.678572,25.266601116666667,35.924667400000004,0.3660450811666667,10,0.49999999999999994,-0.8660254037844387,163,0.3312212278016865,-0.9435531242349544,0,366.04508116666665,25.266601116666667,35.924667400000004,57.7,0.95848626388,28.7,0.42031690206620215,9.28166696435,6.42215312505,2.9388772320774996,13.1667258928,6.214232440492499,3.1765025822839217,3.199600967270417
2020-06-11 11:00:00,16.460245982125002,168.1361651785,45436.5,26.567492651190477,40.45465890119048,0.5188194190357143,11,0.258819045102521,-0.9659258262890682,163,0.3312212278016865,-0.9435531242349544,0,518.8194190357143,26.567492651190477,40.45465890119048,46.3,0.9412722961754761,28.7,0.5735277345688155,12.0630950893,9.28166696435,6.42215312505,16.401389285675002,9.255638392900002,2.8205610569368464,5.210116815487083
2020-06-11 12:00:00,17.1898758929,175.645035714,63349.910715,27.466146833333333,42.314748716666664,0.5472910138333332,12,1.2246467991473532e-16,-1.0,163,0.3312212278016865,-0.9435531242349544,0,547.2910138333332,27.466146833333333,42.314748716666664,45.3,0.9342039548766666,28.7,0.5989503795435541,16.460245982125002,12.0630950893,9.28166696435,25.4143049111,12.601669345258335,3.6194676197607065,7.953491145841251
2020-06-11 13:00:00,13.62822455355,139.1059821435,76852.946428,27.918365460714284,39.61847077857143,0.43242682958333334,13,-0.2588190451025208,-0.9659258262890683,163,0.3312212278016865,-0.9435531242349544,0,432.42682958333336,27.918365460714284,39.61847077857143,55.2,0.9444498110414286,28.7,0.47485102974041815,17.1898758929,16.460245982125002,12.0630950893,20.616375893175,15.237738988108335,2.773420787557403,10.725985714300416
2020-06-11 14:00:00,17.578945982225,179.723120535,94389.821429,28.583396399999998,43.02808161666666,0.5636008111666666,14,-0.4999999999999998,-0.8660254037844388,163,0.3312212278016865,-0.9435531242349544,0,563.6008111666666,28.583396399999998,43.02808161666666,34.9,0.9314932898566667,28.7,0.6125068286489548,13.62822455355,17.1898758929,16.460245982125002,12.594222767875,15.759448809525002,1.881403086426965,12.507543601212502
2020-06-11 15:00:00,14.656357142875,149.6496517855,109161.357143,28.480347441666666,40.425334054761905,0.4715987040833334,15,-0.7071067811865471,-0.7071067811865479,163,0.3312212278016865,-0.9435531242349544,0,471.59870408333336,28.480347441666666,40.425334054761905,33.3,0.9413837305919047,28.7,0.5106744649085366,17.578945982225,13.62822455355,17.1898758929,7.590844642825001,16.132348809558334,2.1773430140309014,14.367009077408335
2020-06-11 16:00:00,8.647669196425,88.07150000025,118644.696431,27.56247355,34.20432856666667,0.2742958811666666,16,-0.8660254037844384,-0.5000000000000004,163,0.3312212278016865,-0.9435531242349544,0,274.29588116666656,27.56247355,34.20432856666667,45.1,0.9650235514466666,28.7,0.30131251555487804,14.656357142875,17.578945982225,13.62822455355,8.49870535715,15.28784255955,2.0496659057888587,15.262790773829169
2020-06-11 17:00:00,3.5957986607224997,36.768089286475,122846.714287,26.461340452380952,27.63071820357143,0.1146073834940476,17,-0.9659258262890683,-0.25881904510252063,163,0.3312212278016865,-0.9435531242349544,0,114.6073834940476,26.461340452380952,27.63071820357143,55.7,0.9900032708264286,28.7,0.12528915194155052,8.647669196425,14.656357142875,17.578945982225,4.067878571375,13.627657440508335,4.55363520326123,14.693553125016669
2020-06-11 18:00:00,0.52589732142725,5.43535267859,123626.0,25.42377875,24.505558333333333,0.01794951076063332,18,-1.0,-1.8369701987210297e-16,163,0.3312212278016865,-0.9435531242349544,0,17.94951076063332,25.42377875,24.505558333333333,0.0,1.0018788783333334,28.7,0.018323948481785715,3.5957986607224997,8.647669196425,14.656357142875,0.3600562499975,8.966608333340835,5.537172573983233,12.549478571449583
2020-06-11 19:00:00,0.0,0.0,123626.0,24.488889714285715,22.760087241666668,0.0,19,-0.9659258262890684,0.2588190451025203,163,0.3312212278016865,-0.9435531242349544,0,0.0,24.488889714285715,22.760087241666668,0.0,1.0085116684816666,28.7,0.0,0.52589732142725,3.5957986607224997,8.647669196425,0.0,4.256455059524917,4.10099314256145,9.772148809537457
2020-06-11 20:00:00,0.0,0.0,123626.0,24.028420516666664,22.709218333333332,0.0,20,-0.8660254037844386,0.5000000000000001,163,0.3312212278016865,-0.9435531242349544,0,0.0,24.028420516666664,22.709218333333332,0.0,1.0087049703333333,28.7,0.0,0.0,0.52589732142725,3.5957986607224997,0.0,1.3738986607165844,1.9421049677326787,7.500778050612458
2020-06-11 21:00:00,0.0,0.0,123626.0,23.733483454761906,22.32604291666667,0.0,21,-0.7071067811865477,0.7071067811865474,163,0.3312212278016865,-0.9435531242349544,0,0.0,23.733483454761906,22.32604291666667,0.0,1.0101610369166667,28.7,0.0,0.0,0.0,0.52589732142725,0.0,0.17529910714241784,0.3036269600941109,4.570953720241625
2020-06-11 22:00:00,0.0,0.0,123626.0,23.529424516666666,22.297038233333332,0.0,22,-0.5000000000000004,0.8660254037844384,163,0.3312212278016865,-0.9435531242349544,0,0.0,23.529424516666666,22.297038233333332,0.0,1.0102712547133332,28.7,0.0,0.0,0.0,0.0,0.0,0.0,1.1021795129855938e-06,2.128227529762458
2020-06-11 23:00:00,0.0,0.0,110166.607143,23.10866839761905,21.318999002380956,0.0,23,-0.25881904510252157,0.9659258262890681,163,0.3312212278016865,-0.9435531242349544,0,0.0,23.10866839761905,21.318999002380956,0.0,1.0139878037909524,28.7,0.0,0.0,0.0,0.0,0.0,0.0,1.1021795129855938e-06,0.6869493303582916
2020-06-12 00:00:00,0.0,0.0,0.0,22.73296511666667,20.826138816666667,0.0,0,0.0,1.0,164,0.31494162072895193,-0.9491110448902284,0,0.0,22.73296511666667,20.826138816666667,0.0,1.0158606724966666,28.7,0.0,0.0,0.0,0.0,0.0,0.0,1.1021795129855938e-06,0.08764955357120834
2020-06-12 01:00:00,0.0,0.0,0.0,22.503370099999998,20.597662316666668,0.0,1,0.25881904510252074,0.9659258262890683,164,0.31494162072895193,-0.9491110448902284,0,0.0,22.503370099999998,20.597662316666668,0.0,1.0167288831966668,28.7,0.0,0.0,0.0,0.0,0.0,0.0,1.1021795129855938e-06,0.0
2020-06-12 02:00:00,0.0,0.0,0.0,22.112153954761908,19.809947642857143,0.0,2,0.49999999999999994,0.8660254037844387,164,0.31494162072895193,-0.9491110448902284,0,0.0,22.112153954761908,19.809947642857143,0.0,1.0197221989571428,28.7,0.0,0.0,0.0,0.0,0.0,0.0,1.1021795129855938e-06,0.0
2020-06-12 03:00:00,0.0,0.0,0.0,21.935560066666667,20.363659616666666,0.0,3,0.7071067811865475,0.7071067811865476,164,0.31494162072895193,-0.9491110448902284,0,0.0,21.935560066666667,20.363659616666666,0.0,1.0176180934566668,28.7,0.0,0.0,0.0,0.0,0.0,0.0,1.1021795129855938e-06,0.0
2020-06-12 04:00:00,0.0,0.0,0.0,21.207211536904765,19.839463833333333,0.0,4,0.8660254037844386,0.5000000000000001,164,0.31494162072895193,-0.9491110448902284,0,0.0,21.207211536904765,19.839463833333333,0.0,1.0196100374333332,28.7,0.0,0.0,0.0,0.0,0.0,0.0,1.1021795129855938e-06,0.0
2020-06-12 05:00:00,0.0,0.0,0.0,20.97530618333333,19.94784795,3.054787016665e-05,5,0.9659258262890683,0.25881904510252074,164,0.31494162072895193,-0.9491110448902284,0,0.030547870166650004,20.97530618333333,19.94784795,0.0,1.01919817779,28.7,0.0,0.0,0.0,0.0,0.0,0.0,1.1021795129855938e-06,0.0
2020-06-12 06:00:00,0.649146875005,6.7069955357249995,443.35714286,21.204113885714285,20.784369932142855,0.022397749931428526,6,1.0,6.123233995736766e-17,164,0.31494162072895193,-0.9491110448902284,0,22.397749931428525,21.204113885714285,20.784369932142855,0.0,1.0160193942578573,28.7,0.0226183580141115,0.0,0.0,0.0,0.554908482145,0.0,1.1021795129855938e-06,0.0
2020-06-12 07:00:00,2.262571428545,23.27278125,2538.6964285,21.87899125,23.279086266666667,0.07000617758333327,7,0.9659258262890683,-0.25881904510252063,164,0.31494162072895193,-0.9491110448902284,0,70.00617758333327,21.87899125,23.279086266666667,73.0,1.0065394721866667,28.7,0.07883524141271776,0.649146875005,0.0,0.0,2.9388772320774996,0.21638229166833453,0.37478512302934625,0.10819114583416667
2020-06-12 08:00:00,6.386948214325,65.07456250025,8125.125,22.86823837142857,26.416740860714285,0.19635275482619047,8,0.8660254037844387,-0.49999999999999983,164,0.31494162072895193,-0.9491110448902284,0,196.35275482619048,22.86823837142857,26.416740860714285,60.7,0.9946163847292857,28.7,0.2225417496280488,2.262571428545,0.649146875005,0.0,6.42215312505,0.9705727678500011,1.1650293218462817,0.48528638392499995
2020-06-12 09:00:00,12.252843303599999,125.02812499975,19722.1785714,24.160982716666666,34.18779911666667,0.3871360715,9,0.7071067811865476,-0.7071067811865475,164,0.31494162072895193,-0.9491110448902284,0,387.1360715,24.160982716666666,34.18779911666667,45.3,0.9650863633566666,28.7,0.42692833810452957,6.386948214325,2.262571428545,0.649146875005,9.28166696435,3.099555505958334,2.9590535331012906,1.5497777529791665
2020-06-12 10:00:00,15.273406696525,155.98135714275,35066.910713,25.27437393333333,37.5711939,0.47523355216666663,10,0.49999999999999994,-0.8660254037844387,164,0.31494162072895193,-0.9491110448902284,0,475.23355216666664,25.27437393333333,37.5711939,45.1,0.95222946318,28.7,0.5321744493562718,12.252843303599999,6.386948214325,2.262571428545,12.0630950893,6.9674543154899995,5.020370856271169,3.5919183035791664
2020-06-12 11:00:00,18.107113839550003,185.0770089295,52318.803571000004,25.786635447619048,39.33133492738095,0.5655293546190476,11,0.258819045102521,-0.9659258262890682,164,0.31494162072895193,-0.9491110448902284,0,565.5293546190476,25.786635447619048,39.33133492738095,41.5,0.9455409272759524,28.7,0.630909889879791,15.273406696525,12.252843303599999,6.386948214325,16.460245982125002,11.304399404816666,4.51851142090193,6.1374860863333325
2020-06-12 12:00:00,17.44341562515,178.26106249775,70161.73214000001,26.994655366666667,43.92880505,0.5645970471666667,12,1.2246467991473532e-16,-1.0,164,0.31494162072895193,-0.9491110448902284,0,564.5970471666667,26.994655366666667,43.92880505,43.5,0.92807054081,28.7,0.6077845165557492,18.107113839550003,15.273406696525,12.252843303599999,17.1898758929,15.211121279891666,2.92763223132062,9.155338392925001
2020-06-12 13:00:00,18.1638196428,185.6205848215,87886.178571,27.63316981547619,42.95851310238095,0.5862300068928571,13,-0.2588190451025208,-0.9659258262890683,164,0.31494162072895193,-0.9491110448902284,0,586.2300068928571,27.63316981547619,42.95851310238095,39.3,0.9317576502109524,28.7,0.6328857018397213,17.44341562515,18.107113839550003,15.273406696525,13.62822455355,16.941312053741665,1.482077946811083,11.954383184615834
2020-06-12 14:00:00,15.329362946475001,156.5526562495,104255.857143,28.428166749999995,42.22785031666666,0.5014357275,14,-0.4999999999999998,-0.8660254037844388,164,0.31494162072895193,-0.9491110448902284,0,501.4357275,28.428166749999995,42.22785031666666,42.1,0.9345341687966667,28.7,0.5341241444764809,18.1638196428,17.44341562515,18.107113839550003,17.578945982225,17.904783035833336,0.40056061059627157,14.604591220325
2020-06-12 15:00:00,11.3399178571,115.6664553585,116033.42857,28.014284216666667,37.09369973333334,0.36149809033333324,15,-0.7071067811865471,-0.7071067811865479,164,0.31494162072895193,-0.9491110448902284,0,361.49809033333327,28.014284216666667,37.09369973333334,48.9,0.9540439410133333,28.7,0.395119089097561,15.329362946475001,18.1638196428,17.44341562515,14.656357142875,16.978866071475,1.4732246626704333,16.09499367568333
2020-06-12 16:00:00,5.911611607125,60.2615892865,122386.267856,27.193767227380953,31.725922185714285,0.1871705016785714,16,-0.8660254037844384,-0.5000000000000004,164,0.31494162072895193,-0.9491110448902284,0,187.1705016785714,27.193767227380953,31.725922185714285,62.6,0.9744414956942857,28.7,0.20597949850609756,11.3399178571,15.329362946475001,18.1638196428,8.647669196425,14.944366815458332,3.428202941906105,15.942839434600002
2020-06-12 17:00:00,4.0196250000500005,41.03983482075,126744.85714400001,26.49310765,29.161986833333334,0.13427443369999997,17,-0.9659258262890683,-0.25881904510252063,164,0.31494162072895193,-0.9491110448902284,0,134.27443369999997,26.49310765,29.161986833333334,48.1,0.9841844500333333,28.7,0.14005662021080142,5.911611607125,11.3399178571,15.329362946475001,3.5957986607224997,10.860297470233334,4.727159491606081,14.382540253033333
2020-06-12 18:00:00,0.6826406250015,7.0454642857425,127815.0,25.75593340595238,25.660721013095237,0.02349574911090475,18,-1.0,-1.8369701987210297e-16,164,0.31494162072895193,-0.9491110448902284,0,23.49574911090475,25.75593340595238,25.660721013095237,0.0,0.9974892601502381,28.7,0.023785387630714288,4.0196250000500005,5.911611607125,11.3399178571,0.52589732142725,7.090384821425,3.799842312031987,12.034625446449999
2020-06-12 19:00:00,0.0,0.0,127815.0,24.2223378,22.77453415,0.0,19,-0.9659258262890684,0.2588190451025203,164,0.31494162072895193,-0.9491110448902284,0,0.0,24.2223378,22.77453415,0.0,1.00845677023,28.7,0.0,0.6826406250015,4.0196250000500005,5.911611607125,0.0,3.5379590773921668,2.6475528188802806,9.24116294642525
2020-06-12 20:00:00,0.0,0.0,127815.0,22.96686036904762,21.42827103809524,0.0,20,-0.8660254037844386,0.5000000000000001,164,0.31494162072895193,-0.9491110448902284,0,0.0,22.96686036904762,21.42827103809524,0.0,1.013572570055238,28.7,0.0,0.0,0.6826406250015,4.0196250000500005,0.0,1.567421875017167,2.1509241456970276,6.21385967262525
2020-06-12 21:00:00,0.0,0.0,127815.0,22.593020666666664,20.9935512,0.0,21,-0.7071067811865477,0.7071067811865474,164,0.31494162072895193,-0.9491110448902284,0,0.0,22.593020666666664,20.9935512,0.0,1.01522450544,28.7,0.0,0.0,0.0,0.6826406250015,0.0,0.2275468750005,0.3941227486061258,3.65896584821275
2020-06-12 22:00:00,0.0,0.0,127815.0,22.584700483333332,21.03625695,0.0,22,-0.5000000000000004,0.8660254037844384,164,0.31494162072895193,-0.9491110448902284,0,0.0,22.584700483333332,21.03625695,0.0,1.01506222359,28.7,0.0,0.0,0.0,0.0,0.0,0.0,1.1758584766359642e-06,1.7689795386960834
2020-06-12 23:00:00,0.0,0.0,115458.196429,22.21718703095238,20.11465347142857,0.0,23,-0.25881904510252157,0.9659258262890681,164,0.31494162072895193,-0.9491110448902284,0,0.0,22.21718703095238,20.11465347142857,0.0,1.0185643168085714,28.7,0.0,0.0,0.0,0.0,0.0,0.0,1.1758584766359642e-06,0.7837109375085834
2020-06-13 00:00:00,0.0,0.0,0.0,21.701989716666667,19.495899016666666,0.0,0,0.0,1.0,165,0.2985688173637202,-0.9543881083175908,1,0.0,21.701989716666667,19.495899016666666,0.0,1.0209155837366666,28.7,0.0,0.0,0.0,0.0,0.0,0.0,1.1758584766359642e-06,0.11377343750025
2020-06-13 01:00:00,0.0,0.0,0.0,21.68842464761905,19.623036913095238,0.0,1,0.25881904510252074,0.9659258262890683,165,0.2985688173637202,-0.9543881083175908,1,0.0,21.68842464761905,19.623036913095238,0.0,1.020432459730238,28.7,0.0,0.0,0.0,0.0,0.0,0.0,1.1758584766359642e-06,0.0
2020-06-13 02:00:00,0.0,0.0,0.0,21.822737133333334,19.762785333333333,0.0,2,0.49999999999999994,0.8660254037844387,165,0.2985688173637202,-0.9543881083175908,1,0.0,21.822737133333334,19.762785333333333,0.0,1.0199014157333333,28.7,0.0,0.0,0.0,0.0,0.0,0.0,1.1758584766359642e-06,0.0
2020-06-13 03:00:00,0.0,0.0,0.0,21.781371533333335,19.868782516666666,0.0,3,0.7071067811865475,0.7071067811865476,165,0.2985688173637202,-0.9543881083175908,1,0.0,21.781371533333335,19.868782516666666,0.0,1.0194986264366668,28.7,0.0,0.0,0.0,0.0,0.0,0.0,1.1758584766359642e-06,0.0
2020-06-13 04:00:00,0.0,0.0,0.0,21.69727224642857,19.722943289285713,0.0,4,0.8660254037844386,0.5000000000000001,165,0.2985688173637202,-0.9543881083175908,1,0.0,21.69727224642857,19.722943289285713,0.0,1.0200528155007142,28.7,0.0,0.0,0.0,0.0,0.0,0.0,1.1758584766359642e-06,0.0
2020-06-13 05:00:00,0.0,0.0,0.0,21.543674166666666,19.0950724,3.788455441665e-05,5,0.9659258262890683,0.25881904510252074,165,0.2985688173637202,-0.9543881083175908,1,0.03788455441665,21.543674166666666,19.0950724,0.0,1.02243872488,28.7,0.0,0.0,0.0,0.0,0.0,0.0,1.1758584766359642e-06,0.0
2020-06-13 06:00:00,1.136936607131,11.725165178537498,817.73214285,21.272034783333332,19.21184407857143,0.0384122577863095,6,1.0,6.123233995736766e-17,165,0.2985688173637202,-0.9543881083175908,1,38.4122577863095,21.272034783333332,19.21184407857143,0.0,1.0219949925014287,28.7,0.03961451592790941,0.0,0.0,0.0,0.649146875005,0.0,1.1758584766359642e-06,0.0
2020-06-13 07:00:00,6.519605803525,66.42587946399999,6423.7321429,23.1917958,27.83526715,0.2518656206666666,7,0.9659258262890683,-0.25881904510252063,165,0.2985688173637202,-0.9543881083175908,1,251.86562066666662,23.1917958,27.83526715,2.7,0.98922598483,28.7,0.22716396527961671,1.136936607131,0.0,0.0,2.262571428545,0.3789788690436667,0.6564106561796571,0.18948943452183334
2020-06-13 08:00:00,13.8901857143,141.8008616075,19390.7678572,25.419445270238093,38.712062025,0.4791953015357143,8,0.8660254037844387,-0.49999999999999983,165,0.2985688173637202,-0.9543881083175908,1,479.19530153571435,25.419445270238093,38.712062025,4.2,0.947894164305,28.7,0.4839785963170732,6.519605803525,1.136936607131,0.0,6.386948214325,2.552180803552,3.4825998994957663,1.276090401776
2020-06-13 09:00:00,17.806691518100003,182.030892858,36944.875,26.764800016666666,44.02969241666666,0.6189681961666667,9,0.7071067811865476,-0.7071067811865475,165,0.2985688173637202,-0.9543881083175908,1,618.9681961666666,26.764800016666666,44.02969241666666,12.5,0.9276871688166667,28.7,0.6204422131742161,13.8901857143,6.519605803525,1.136936607131,12.252843303599999,7.1822427083186655,6.402394587033318,3.5911213541593328
2020-06-13 10:00:00,22.41738705315,229.636093743,58490.125,27.988473895238098,48.33210565,0.7443630204880952,10,0.49999999999999994,-0.8660254037844387,165,0.2985688173637202,-0.9543881083175908,1,744.3630204880952,27.988473895238098,48.33210565,14.0,0.91133799853,28.7,0.7810936255452963,17.806691518100003,13.8901857143,6.519605803525,15.273406696525,12.738827678641668,5.730950617196731,6.558903273842667
2020-06-13 11:00:00,26.293791964575,269.58535714725,83957.928571,29.2146815,52.766694483333325,0.9127773248333332,11,0.258819045102521,-0.9659258262890682,165,0.2985688173637202,-0.9543881083175908,1,912.7773248333332,29.2146815,52.766694483333325,5.5,0.8944865609633333,28.7,0.9161599987656794,22.41738705315,17.806691518100003,13.8901857143,18.107113839550003,18.038088095183333,4.268307504179605,10.295134449367668
2020-06-13 12:00:00,25.740473660675,263.81903124075,109884.535713,29.62840785,52.8716558,0.9087373986666666,12,1.2246467991473532e-16,-1.0,165,0.2985688173637202,-0.9543881083175908,1,908.7373986666665,29.62840785,52.8716558,9.1,0.89408770796,28.7,0.8968806153545297,26.293791964575,22.41738705315,17.806691518100003,17.44341562515,22.17262351194167,4.24884106439245,14.677433110130167
2020-06-13 13:00:00,18.72696205355,191.56128125075,129926.517857,27.835066158333333,43.91590064642857,0.6149967932738095,13,-0.2588190451025208,-0.9659258262890683,165,0.2985688173637202,-0.9543881083175908,1,614.9967932738095,27.835066158333333,43.91590064642857,36.3,0.9281195775435714,28.7,0.6525073886254356,25.740473660675,26.293791964575,22.41738705315,18.1638196428,24.817217559466666,2.0966473548604916,18.778022619054166
2020-06-13 14:00:00,22.933938392775,234.825928573,152247.999998,26.7730265,46.322812883333334,0.7757860681666666,14,-0.4999999999999998,-0.8660254037844388,165,0.2985688173637202,-0.9543881083175908,1,775.7860681666666,26.7730265,46.322812883333334,10.4,0.9189733110433334,28.7,0.7990919300618468,18.72696205355,25.740473660675,26.293791964575,15.329362946475001,23.58707589293333,4.218064744071807,20.812581994058334
2020-06-13 15:00:00,18.132038392225,185.3730312525,171672.999998,27.838054759523814,45.3850103797619,0.6130801912738094,15,-0.7071067811865471,-0.7071067811865479,165,0.2985688173637202,-0.9543881083175908,1,613.0801912738094,27.838054759523814,45.3850103797619,13.3,0.9225369605569048,28.7,0.6317783411925086,22.933938392775,18.72696205355,25.740473660675,11.3399178571,22.467124702333336,3.529981944997309,22.319874107137498
2020-06-13 16:00:00,8.396755803525,85.64367410749999,181261.178572,27.133029666666665,35.93918756666666,0.27057432126666664,16,-0.8660254037844384,-0.5000000000000004,165,0.2985688173637202,-0.9543881083175908,1,270.57432126666663,27.133029666666665,35.93918756666666,45.9,0.9584310872466667,28.7,0.29256988862456446,18.132038392225,22.933938392775,18.72696205355,5.911611607125,19.93097961285,2.617595197150934,22.374098586158336
2020-06-13 17:00:00,3.0067325893425,30.7782812506,184553.017856,25.961310349999998,28.668762166666664,0.09959299146666663,17,-0.9659258262890683,-0.25881904510252063,165,0.2985688173637202,-0.9543881083175908,1,99.59299146666663,25.961310349999998,28.668762166666664,61.5,0.9860587037666667,28.7,0.10476420171925088,8.396755803525,18.132038392225,22.933938392775,4.0196250000500005,16.487577529508332,7.406794722081461,20.03732671122083
2020-06-13 18:00:00,0.50666383928275,5.23858928574,185308.0,24.95196490595238,24.57500890952381,0.0189512714778809,18,-1.0,-1.8369701987210297e-16,165,0.2985688173637202,-0.9543881083175908,1,18.9512714778809,24.95196490595238,24.57500890952381,0.0,1.0016149661438096,28.7,0.017653792309503487,3.0067325893425,8.396755803525,18.132038392225,0.6826406250015,9.845175595030833,7.665974095116542,16.156150148682084
2020-06-13 19:00:00,0.0,0.0,185308.0,23.988856000000002,22.067519150000003,0.0,19,-0.9659258262890684,0.2588190451025203,165,0.2985688173637202,-0.9543881083175908,1,0.0,23.988856000000002,22.067519150000003,0.0,1.01114342723,28.7,0.0,0.50666383928275,3.0067325893425,8.396755803525,0.0,3.970050744050083,4.032291433098945,11.95051517845004
2020-06-13 20:00:00,0.0,0.0,185308.0,23.662334609523807,22.22328188095238,0.0,20,-0.8660254037844386,0.5000000000000001,165,0.2985688173637202,-0.9543881083175908,1,0.0,23.662334609523807,22.22328188095238,0.0,1.010551528852381,28.7,0.0,0.0,0.50666383928275,3.0067325893425,0.0,1.1711321428750834,1.6097356338275266,8.829354836191708
2020-06-13 21:00:00,0.0,0.0,185308.0,22.994299916666666,20.87336995,0.0,21,-0.7071067811865477,0.7071067811865474,165,0.2985688173637202,-0.9543881083175908,1,0.0,22.994299916666666,20.87336995,0.0,1.01568119419,28.7,0.0,0.0,0.0,0.50666383928275,0.0,0.16888794642758334,0.2925225040010395,5.007031770729208
2020-06-13 22:00:00,0.0,0.0,185308.0,22.49749228452381,20.088200229761906,0.0,22,-0.5000000000000004,0.8660254037844384,165,0.2985688173637202,-0.9543881083175908,1,0.0,22.49749228452381,20.088200229761906,0.0,1.0186648391269049,28.7,0.0,0.0,0.0,0.0,0.0,0.0,1.2128832390484028e-06,1.9850253720250415
2020-06-13 23:00:00,0.0,0.0,169395.589285,22.250949666666667,20.157720933333334,0.0,23,-0.25881904510252157,0.9659258262890681,165,0.2985688173637202,-0.9543881083175908,1,0.0,22.250949666666667,20.157720933333334,0.0,1.0184006604533333,28.7,0.0,0.0,0.0,0.0,0.0,0.0,1.2128832390484028e-06,0.5855660714375417
2020-06-14 00:00:00,0.0,0.0,0.0,22.364489396428574,20.929689051190476,0.0,0,0.0,1.0,166,0.2821076626819194,-0.9593827529490743,1,0.0,22.364489396428574,20.929689051190476,0.0,1.015467181605476,28.7,0.0,0.0,0.0,0.0,0.0,0.0,1.2128832390484028e-06,0.08444397321379167
2020-06-14 01:00:00,0.0,0.0,0.0,22.522592116666665,20.961720833333334,0.0,1,0.25881904510252074,0.9659258262890683,166,0.2821076626819194,-0.9593827529490743,1,0.0,22.522592116666665,20.961720833333334,0.0,1.0153454608333334,28.7,0.0,0.0,0.0,0.0,0.0,0.0,1.2128832390484028e-06,0.0
2020-06-14 02:00:00,0.0,0.0,0.0,22.59330848333333,21.34575046666667,0.0,2,0.49999999999999994,0.8660254037844387,166,0.2821076626819194,-0.9593827529490743,1,0.0,22.59330848333333,21.34575046666667,0.0,1.0138861482266666,28.7,0.0,0.0,0.0,0.0,0.0,0.0,1.2128832390484028e-06,0.0
2020-06-14 03:00:00,0.0,0.0,0.0,22.213901822619047,20.446102734523812,0.0,3,0.7071067811865475,0.7071067811865476,166,0.2821076626819194,-0.9593827529490743,1,0.0,22.213901822619047,20.446102734523812,0.0,1.0173048096088095,28.7,0.0,0.0,0.0,0.0,0.0,0.0,1.2128832390484028e-06,0.0
2020-06-14 04:00:00,0.0,0.0,0.0,22.24291536666667,20.48833115,0.0,4,0.8660254037844386,0.5000000000000001,166,0.2821076626819194,-0.9593827529490743,1,0.0,22.24291536666667,20.48833115,0.0,1.01714434163,28.7,0.0,0.0,0.0,0.0,0.0,0.0,1.2128832390484028e-06,0.0
2020-06-14 05:00:00,0.0,0.0,0.0,22.425866078571428,21.21107796904762,0.00012697346816665,5,0.9659258262890683,0.25881904510252074,166,0.2821076626819194,-0.9593827529490743,1,0.12697346816665,22.425866078571428,21.21107796904762,0.0,1.014397903717619,28.7,0.0,0.0,0.0,0.0,0.0,0.0,1.2128832390484028e-06,0.0
2020-06-14 06:00:00,1.12783482140875,11.627848214050001,829.66071427,22.673936016666666,22.5474747,0.03927021215999995,6,1.0,6.123233995736766e-17,166,0.2821076626819194,-0.9593827529490743,1,39.27021215999995,22.673936016666666,22.5474747,0.0,1.00931959614,28.7,0.03929738053689024,0.0,0.0,0.0,1.136936607131,0.0,1.2128832390484028e-06,0.0
2020-06-14 07:00:00,6.8368392857749996,69.64093303575,6686.375,23.539026454761906,27.99460284642857,0.2248918093023809,7,0.9659258262890683,-0.25881904510252063,166,0.2821076626819194,-0.9593827529490743,1,224.8918093023809,23.539026454761906,27.99460284642857,13.1,0.9886205091835715,28.7,0.23821739671689895,1.12783482140875,0.0,0.0,6.519605803525,0.3759449404695833,0.6511557377428848,0.18797247023479166
2020-06-14 08:00:00,9.812787499925001,99.358660714,16073.857143,23.92623707261905,30.69432553214286,0.3150319813214285,8,0.8660254037844387,-0.49999999999999983,166,0.2821076626819194,-0.9593827529490743,1,315.03198132142853,23.92623707261905,30.69432553214286,37.0,0.9783615629778571,28.7,0.34190897212282234,6.8368392857749996,1.12783482140875,0.0,13.8901857143,2.6548913690612497,3.66531296476531,1.3274456845306248
2020-06-14 09:00:00,16.36501607135,167.17092410725002,31665.339285000002,25.385868849999998,39.45294201666667,0.5309906034999999,9,0.7071067811865476,-0.7071067811865475,166,0.2821076626819194,-0.9593827529490743,1,530.9906034999999,25.385868849999998,39.45294201666667,24.9,0.9450788203366667,28.7,0.5702096192108014,9.812787499925001,6.8368392857749996,1.12783482140875,17.806691518100003,5.9258205357029174,4.41356625975581,2.9629102678514587
2020-06-14 10:00:00,20.55406383935,210.26885714075001,51268.589286,26.335831154761905,41.42859306904762,0.6667824055357143,10,0.49999999999999994,-0.8660254037844387,166,0.2821076626819194,-0.9593827529490743,1,666.7824055357144,26.335831154761905,41.42859306904762,23.0,0.9375713463376191,28.7,0.7161694717543554,16.36501607135,9.812787499925001,6.8368392857749996,22.41738705315,11.00488095235,4.874664430889496,5.690412946409791
2020-06-14 11:00:00,17.371242410775,177.6459464305,69845.92857,26.699971583333337,43.935606,0.5948154585,11,0.258819045102521,-0.9659258262890682,166,0.2821076626819194,-0.9593827529490743,1,594.8154585,26.699971583333337,43.935606,38.4,0.9280446972,28.7,0.6052697704102787,20.55406383935,16.36501607135,9.812787499925001,26.293791964575,15.577289136875,5.413791614242855,9.116090252968126
2020-06-14 12:00:00,14.3706017858,146.7665267855,84047.160715,25.13180071190476,36.79865377857143,0.4847506312857142,12,1.2246467991473532e-16,-1.0,166,0.2821076626819194,-0.9593827529490743,1,484.75063128571423,25.13180071190476,36.79865377857143,51.5,0.9551651156414286,28.7,0.5007178322578397,17.371242410775,20.55406383935,16.36501607135,25.740473660675,18.096774107158335,2.186739006486444,12.011297321430625
2020-06-14 13:00:00,20.411994196475,208.91003571675,103225.660713,26.239474983333334,42.76769806666667,0.7362318888333335,13,-0.2588190451025208,-0.9659258262890683,166,0.2821076626819194,-0.9593827529490743,1,736.2318888333334,26.239474983333334,42.76769806666667,23.8,0.9324827473466667,28.7,0.7112193099817073,14.3706017858,17.371242410775,20.55406383935,18.72696205355,17.431969345308335,3.092178287608402,14.218425148829168
2020-06-14 14:00:00,20.642760714275,211.34034821725,125376.982143,27.688987264285714,52.58246293214286,0.78646324,14,-0.4999999999999998,-0.8660254037844388,166,0.2821076626819194,-0.9593827529490743,1,786.46324,27.688987264285714,52.58246293214286,9.2,0.8951866408578572,28.7,0.7192599552012195,20.411994196475,14.3706017858,17.371242410775,22.933938392775,17.384612797683335,3.0207183980595085,16.480950967279167
2020-06-14 15:00:00,16.711580357075,170.82251786025,142203.035715,27.223824583333332,43.08104865,0.5412266708333332,15,-0.7071067811865471,-0.7071067811865479,166,0.2821076626819194,-0.9593827529490743,1,541.2266708333332,27.223824583333332,43.08104865,23.5,0.93129201513,28.7,0.5822850298632405,20.642760714275,20.411994196475,14.3706017858,18.132038392225,18.47511889885,3.5564882742566146,18.285946503004165
2020-06-14 16:00:00,8.099366071475,82.56829017825,151400.607143,26.579945410714288,34.31413820595238,0.2599797173857143,16,-0.8660254037844384,-0.5000000000000004,166,0.2821076626819194,-0.9593827529490743,1,259.9797173857143,26.579945410714288,34.31413820595238,48.0,0.9646062748173809,28.7,0.28220787705487804,16.711580357075,20.642760714275,20.411994196475,8.396755803525,19.255445089275,2.206070970805956,18.343707217291666
2020-06-14 17:00:00,2.6990589285475,27.629147321625,154521.982143,25.759814499999997,28.107562749999996,0.08749107396666665,17,-0.9659258262890683,-0.25881904510252063,166,0.2821076626819194,-0.9593827529490743,1,87.49107396666665,25.759814499999997,28.107562749999996,66.2,0.98819126155,28.7,0.09404386510618468,8.099366071475,16.711580357075,20.642760714275,3.0067325893425,15.151235714274998,6.415621080183304,16.267924255979164
2020-06-14 18:00:00,0.37417767857275,3.8736116071,155054.0,25.09665415238095,24.65346915,0.014002664403833324,18,-1.0,-1.8369701987210297e-16,166,0.2821076626819194,-0.9593827529490743,1,14.002664403833323,25.09665415238095,24.65346915,0.0,1.00131681723,28.7,0.013037549776054008,2.6990589285475,8.099366071475,16.711580357075,0.50666383928275,9.170001785699167,7.0673463775780645,13.822560342274583
2020-06-14 19:00:00,0.0,0.0,155054.0,24.473612483333334,23.046341433333332,0.0,19,-0.9659258262890684,0.2588190451025203,166,0.2821076626819194,-0.9593827529490743,1,0.0,24.473612483333334,23.046341433333332,0.0,1.0074239025533334,28.7,0.0,0.37417767857275,2.6990589285475,8.099366071475,0.0,3.7242008928650834,3.9633093446907535,11.48982299107004
2020-06-14 20:00:00,0.0,0.0,155054.0,23.930111683333333,22.554721083333334,0.0,20,-0.8660254037844386,0.5000000000000001,166,0.2821076626819194,-0.9593827529490743,1,0.0,23.930111683333333,22.554721083333334,0.0,1.0092920598833333,28.7,0.0,0.0,0.37417767857275,2.6990589285475,0.0,1.0244122023734168,1.4623041670259274,8.087823958324208
2020-06-14 21:00:00,0.0,0.0,155054.0,23.858401570238094,22.933454108333333,0.0,21,-0.7071067811865477,0.7071067811865474,166,0.2821076626819194,-0.9593827529490743,1,0.0,23.858401570238094,22.933454108333333,0.0,1.0078528743883333,28.7,0.0,0.0,0.0,0.37417767857275,0.0,0.12472589285758334,0.21603158345280915,4.647363839278375
2020-06-14 22:00:00,0.0,0.0,155054.0,23.60763445,21.96377408333333,0.0,22,-0.5000000000000004,0.8660254037844384,166,0.2821076626819194,-0.9593827529490743,1,0.0,23.60763445,21.96377408333333,0.0,1.0115376584833333,28.7,0.0,0.0,0.0,0.0,0.0,0.0,1.332183719098729e-06,1.8621004464325417
2020-06-14 23:00:00,0.0,0.0,142682.392857,23.39518747857143,21.881439001190476,0.0,23,-0.25881904510252157,0.9659258262890681,166,0.2821076626819194,-0.9593827529490743,1,0.0,23.39518747857143,21.881439001190476,0.0,1.0118505317954762,28.7,0.0,0.0,0.0,0.0,0.0,0.0,1.332183719098729e-06,0.5122061011867084
2020-06-15 00:00:00,0.0,0.0,0.0,23.17727401666667,22.4160075,0.0,0,0.0,1.0,167,0.26556302780405594,-0.9640935007889755,0,0.0,23.17727401666667,22.4160075,0.0,1.0098191715,28.7,0.0,0.0,0.0,0.0,0.0,0.0,1.332183719098729e-06,0.06236294642879167
2020-06-15 01:00:00,0.0,0.0,0.0,22.683383729761907,21.862138829761907,0.0,1,0.25881904510252074,0.9659258262890683,167,0.26556302780405594,-0.9640935007889755,0,0.0,22.683383729761907,21.862138829761907,0.0,1.0119238724469048,28.7,0.0,0.0,0.0,0.0,0.0,0.0,1.332183719098729e-06,0.0
2020-06-15 02:00:00,0.0,0.0,0.0,22.07839958333333,20.950921666666666,0.0,2,0.49999999999999994,0.8660254037844387,167,0.26556302780405594,-0.9640935007889755,0,0.0,22.07839958333333,20.950921666666666,0.0,1.0153864976666667,28.7,0.0,0.0,0.0,0.0,0.0,0.0,1.332183719098729e-06,0.0
2020-06-15 03:00:00,0.0,0.0,0.0,22.139472383333334,21.214069185714287,0.0,3,0.7071067811865475,0.7071067811865476,167,0.26556302780405594,-0.9640935007889755,0,0.0,22.139472383333334,21.214069185714287,0.0,1.0143865370942857,28.7,0.0,0.0,0.0,0.0,0.0,0.0,1.332183719098729e-06,0.0
2020-06-15 04:00:00,0.0,0.0,0.0,21.752773066666663,20.757487983333334,0.0,4,0.8660254037844386,0.5000000000000001,167,0.26556302780405594,-0.9640935007889755,0,0.0,21.752773066666663,20.757487983333334,0.0,1.0161215456633332,28.7,0.0,0.0,0.0,0.0,0.0,0.0,1.332183719098729e-06,0.0
2020-06-15 05:00:00,0.0,0.0,0.0,21.457321683333333,19.974140916666663,0.000138091058833325,5,0.9659258262890683,0.25881904510252074,167,0.26556302780405594,-0.9640935007889755,0,0.138091058833325,21.457321683333333,19.974140916666663,0.0,1.0190982645166666,28.7,0.0,0.0,0.0,0.0,0.0,0.0,1.332183719098729e-06,0.0
2020-06-15 06:00:00,1.5968004464045,16.413486607135,1167.875,21.86443823214286,21.866377639285716,0.05340242310476185,6,1.0,6.123233995736766e-17,167,0.26556302780405594,-0.9640935007889755,0,53.40242310476185,21.86443823214286,21.866377639285716,0.0,1.0119077649707142,28.7,0.05563764621618467,0.0,0.0,0.0,1.12783482140875,0.0,1.332183719098729e-06,0.0
2020-06-15 07:00:00,5.3136325893,54.186888393749996,5781.5714285,23.327520749999998,27.728564483333336,0.17837619309999997,7,0.9659258262890683,-0.25881904510252063,167,0.26556302780405594,-0.9640935007889755,0,178.37619309999997,23.327520749999998,27.728564483333336,31.1,0.9896314549633333,28.7,0.1851439926585366,1.5968004464045,0.0,0.0,6.8368392857749996,0.5322668154681667,0.9219131675746902,0.26613340773408334
2020-06-15 08:00:00,15.477934821449999,158.0705535705,20208.5,25.432035092857145,40.25820238809524,0.5269713745357142,8,0.8660254037844387,-0.49999999999999983,167,0.26556302780405594,-0.9640935007889755,0,526.9713745357142,25.432035092857145,40.25820238809524,0.0,0.9420188309252381,28.7,0.539300864858885,5.3136325893,1.5968004464045,0.0,9.812787499925001,2.3034776785681665,2.7263927369994234,1.1517388392840833
2020-06-15 09:00:00,18.573986607125,189.894008929,38667.482143,26.448857116666666,43.63112078333333,0.63095456,9,0.7071067811865476,-0.7071067811865475,167,0.26556302780405594,-0.9640935007889755,0,630.95456,26.448857116666666,43.63112078333333,10.8,0.9292017410233333,28.7,0.6471772336977353,15.477934821449999,5.3136325893,1.5968004464045,16.36501607135,7.462789285718166,7.185793537518168,3.731394642859083
2020-06-15 10:00:00,22.049197768299997,225.7888750045,59566.625002,27.585544560714286,47.14695884880952,0.7617215733214285,10,0.49999999999999994,-0.8660254037844387,167,0.26556302780405594,-0.9640935007889755,0,761.7215733214285,27.585544560714286,47.14695884880952,12.0,0.9158415563745238,28.7,0.7682647306027874,18.573986607125,15.477934821449999,5.3136325893,20.55406383935,13.121851339291666,6.937045062610381,6.827059077379917
2020-06-15 11:00:00,18.917753125075,193.55724106925,79038.142858,28.4831101,46.80040133333333,0.6443778265,11,0.258819045102521,-0.9659258262890682,167,0.26556302780405594,-0.9640935007889755,0,644.3778265,28.4831101,46.80040133333333,33.3,0.9171584749333334,28.7,0.659155161152439,22.049197768299997,18.573986607125,15.477934821449999,17.371242410775,18.700373065624998,3.2874540805660306,10.501925372096583
2020-06-15 12:00:00,15.0937415177,154.21651339425,94700.482143,28.692966716666668,42.4967612,0.5056802166666666,12,1.2246467991473532e-16,-1.0,167,0.26556302780405594,-0.9640935007889755,0,505.68021666666664,28.692966716666668,42.4967612,49.4,0.93351230744,28.7,0.5259143385958188,18.917753125075,22.049197768299997,18.573986607125,14.3706017858,19.846979166833332,1.91490702938819,13.65488422627575
2020-06-15 13:00:00,12.361334821575,126.232147324,107943.267857,28.603203098809523,41.17469595238095,0.40782484079761905,13,-0.2588190451025208,-0.9659258262890683,167,0.26556302780405594,-0.9640935007889755,0,407.82484079761906,28.603203098809523,41.17469595238095,57.8,0.9385361553809524,28.7,0.4307085303684669,15.0937415177,18.917753125075,22.049197768299997,20.411994196475,18.686897470358332,3.4834700606563036,15.904374404824999
2020-06-15 14:00:00,14.634194643025001,149.544312501,121522.071428,27.346833866666667,38.91272168333333,0.45539307149999997,14,-0.4999999999999998,-0.8660254037844388,167,0.26556302780405594,-0.9640935007889755,0,455.39307149999996,27.346833866666667,38.91272168333333,47.4,0.9471316576033333,28.7,0.5099022523702091,12.361334821575,15.0937415177,18.917753125075,20.642760714275,15.45760982145,3.2933198067411165,17.0789914435375
2020-06-15 15:00:00,13.136478125050001,134.09017410675,135100.25,28.044850154761903,40.24195003452381,0.42675306820238096,15,-0.7071067811865471,-0.7071067811865479,167,0.26556302780405594,-0.9640935007889755,0,426.753068202381,28.044850154761903,40.24195003452381,39.6,0.9420805898688095,28.7,0.45771700784146346,14.634194643025001,12.361334821575,15.0937415177,16.711580357075,14.0297569941,1.463051688026182,16.938368080466667
2020-06-15 16:00:00,6.383350446475,65.021013393,141885.178572,27.397171016666668,33.26382648333333,0.2007640328333333,16,-0.8660254037844384,-0.5000000000000004,167,0.26556302780405594,-0.9640935007889755,0,200.7640328333333,27.397171016666668,33.26382648333333,59.8,0.9685974593633333,28.7,0.22241639186324044,13.136478125050001,14.634194643025001,12.361334821575,8.099366071475,13.377335863216667,1.155414332400783,16.0321166667875
2020-06-15 17:00:00,4.1635575893,42.53587053625,146886.107143,26.92583765,31.03985451666667,0.1345007618333333,17,-0.9659258262890683,-0.25881904510252063,167,0.26556302780405594,-0.9640935007889755,0,134.50076183333329,26.92583765,31.03985451666667,48.0,0.9770485528366667,28.7,0.14507169300696865,6.383350446475,13.136478125050001,14.634194643025001,2.6990589285475,11.384674404850001,4.395534062490751,13.42114211315
2020-06-15 18:00:00,0.4190035714245,4.3328928570675,147615.0,26.042686801190477,26.302699702380952,0.015338376328333299,18,-1.0,-1.8369701987210297e-16,167,0.26556302780405594,-0.9640935007889755,0,15.338376328333299,26.042686801190477,26.302699702380952,0.0,0.9950497411309523,28.7,0.01459942757576655,4.1635575893,6.383350446475,13.136478125050001,0.37417767857275,7.894462053608334,4.6734269494806435,10.962109523854167
2020-06-15 19:00:00,0.0,0.0,147615.0,23.049438016666663,21.76602726666667,5.017568066666667e-06,19,-0.9659258262890684,0.2588190451025203,167,0.26556302780405594,-0.9640935007889755,0,0.005017568066666667,23.049438016666663,21.76602726666667,0.0,1.0122890963866666,28.7,0.0,0.4190035714245,4.1635575893,6.383350446475,0.0,3.6553038690665,3.0144816792578206,8.516319866141584
2020-06-15 20:00:00,0.0,0.0,147615.0,23.362708494047617,22.209552420238097,0.0,20,-0.8660254037844386,0.5000000000000001,167,0.26556302780405594,-0.9640935007889755,0,0.0,23.362708494047617,22.209552420238097,0.0,1.0106037008030953,28.7,0.0,0.0,0.4190035714245,4.1635575893,0.0,1.5275203869081666,2.2924681235545274,6.456097395879084
2020-06-15 21:00:00,0.0,0.0,147615.0,23.037701316666666,21.17317045,0.0,21,-0.7071067811865477,0.7071067811865474,167,0.26556302780405594,-0.9640935007889755,0,0.0,23.037701316666666,21.17317045,0.0,1.01454195229,28.7,0.0,0.0,0.0,0.4190035714245,0.0,0.1396678571415,0.24191182475705927,4.017064955374917
2020-06-15 22:00:00,0.0,0.0,147615.0,23.300877503571428,22.095660177380953,0.0,22,-0.5000000000000004,0.8660254037844384,167,0.26556302780405594,-0.9640935007889755,0,0.0,23.300877503571428,22.095660177380953,0.0,1.0110364913259524,28.7,0.0,0.0,0.0,0.0,0.0,0.0,1.3442283217072987e-06,1.82765193453325
2020-06-15 23:00:00,0.0,0.0,146773.625,23.623521433333337,22.98429001666667,0.0,23,-0.25881904510252157,0.9659258262890681,167,0.26556302780405594,-0.9640935007889755,0,0.0,23.623521433333337,22.98429001666667,0.0,1.0076596979366668,28.7,0.0,0.0,0.0,0.0,0.0,0.0,1.3442283217072987e-06,0.7637601934540833
2020-06-16 00:00:00,0.0,0.0,0.0,22.819655816666668,21.487865683333332,0.0,0,0.0,1.0,168,0.24893980855376657,-0.9685189578512204,0,0.0,22.819655816666668,21.487865683333332,0.0,1.0133461104033334,28.7,0.0,0.0,0.0,0.0,0.0,0.0,1.3442283217072987e-06,0.06983392857075
2020-06-16 01:00:00,0.0,0.0,0.0,22.677045014285714,21.159931083333333,0.0,1,0.25881904510252074,0.9659258262890683,168,0.24893980855376657,-0.9685189578512204,0,0.0,22.677045014285714,21.159931083333333,0.0,1.0145922618833334,28.7,0.0,0.0,0.0,0.0,0.0,0.0,1.3442283217072987e-06,0.0
2020-06-16 02:00:00,0.0,0.0,0.0,22.599575816666665,21.715682966666666,0.0,2,0.49999999999999994,0.8660254037844387,168,0.24893980855376657,-0.9685189578512204,0,0.0,22.599575816666665,21.715682966666666,0.0,1.0124804047266667,28.7,0.0,0.0,0.0,0.0,0.0,0.0,1.3442283217072987e-06,0.0
2020-06-16 03:00:00,0.0,0.0,0.0,22.44809547857143,21.156207827380953,0.0,3,0.7071067811865475,0.7071067811865476,168,0.24893980855376657,-0.9685189578512204,0,0.0,22.44809547857143,21.156207827380953,0.0,1.0146064102559524,28.7,0.0,0.0,0.0,0.0,0.0,0.0,1.3442283217072987e-06,0.0
2020-06-16 04:00:00,0.0,0.0,0.0,22.589274500000002,21.692397616666668,0.0,4,0.8660254037844386,0.5000000000000001,168,0.24893980855376657,-0.9685189578512204,0,0.0,22.589274500000002,21.692397616666668,0.0,1.0125688890566666,28.7,0.0,0.0,0.0,0.0,0.0,0.0,1.3442283217072987e-06,0.0
2020-06-16 05:00:00,0.0,0.0,0.0,22.602972416666667,21.779056333333337,1.122602905e-05,5,0.9659258262890683,0.25881904510252074,168,0.24893980855376657,-0.9685189578512204,0,0.011226029050000001,22.602972416666667,21.779056333333337,0.0,1.0122395859333333,28.7,0.0,0.0,0.0,0.0,0.0,0.0,1.3442283217072987e-06,0.0
2020-06-16 06:00:00,1.00763124999675,10.386687500242498,712.55357144,22.712142269047618,22.528300682142856,0.0338722054270833,6,1.0,6.123233995736766e-17,168,0.24893980855376657,-0.9685189578512204,0,33.8722054270833,22.712142269047618,22.528300682142856,0.0,1.0093924574078572,28.7,0.0351091027873432,0.0,0.0,0.0,1.5968004464045,0.0,1.3442283217072987e-06,0.0
2020-06-16 07:00:00,5.485895089325,55.95073214175,5398.9285714,23.447478733333334,27.176502,0.1833863181333333,7,0.9659258262890683,-0.25881904510252063,168,0.24893980855376657,-0.9685189578512204,0,183.3863181333333,23.447478733333334,27.176502,29.1,0.9917292924,28.7,0.1911461703597561,1.00763124999675,0.0,0.0,5.3136325893,0.33587708333224997,0.5817561734310305,0.16793854166612499
2020-06-16 08:00:00,11.403921428575,116.3061071425,16296.7857146,24.73534229047619,34.93801041309524,0.3733144428333333,8,0.8660254037844387,-0.49999999999999983,168,0.24893980855376657,-0.9685189578512204,0,373.3144428333333,24.73534229047619,34.93801041309524,25.3,0.9622355604302381,28.7,0.397349178695993,5.485895089325,1.00763124999675,0.0,15.477934821449999,2.1645087797739166,2.920194419375043,1.0822543898869583
2020-06-16 09:00:00,15.46296875,157.92845535675,30951.428571,25.88110145,39.426921549999996,0.5148283631666667,9,0.7071067811865476,-0.7071067811865475,168,0.24893980855376657,-0.9685189578512204,0,514.8283631666667,25.88110145,39.426921549999996,27.2,0.94517769811,28.7,0.5387793989547038,11.403921428575,5.485895089325,1.00763124999675,18.573986607125,5.96581592263225,5.214734449038002,2.982907961316125
2020-06-16 10:00:00,21.218446875425,217.11794196525,51624.017858,27.19592757857143,47.33734603571429,0.7038898375119047,10,0.49999999999999994,-0.8660254037844387,168,0.24893980855376657,-0.9685189578512204,0,703.8898375119047,27.19592757857143,47.33734603571429,18.7,0.9151180850642857,28.7,0.7393187064608013,15.46296875,11.403921428575,5.485895089325,22.049197768299997,10.784261755966668,5.01731833652474,5.560069419649459
2020-06-16 11:00:00,18.0096062496,184.14979017825,70553.910715,27.977483183333337,47.303330116666665,0.6148964543333333,11,0.258819045102521,-0.9659258262890682,168,0.24893980855376657,-0.9685189578512204,0,614.8964543333333,27.977483183333337,47.303330116666665,36.3,0.9152473455566666,28.7,0.6275124128780488,21.218446875425,15.46296875,11.403921428575,18.917753125075,16.028445684666664,4.931637715753961,9.096477232220291
2020-06-16 12:00:00,12.56698169645,128.30406696475,83192.410715,27.883197851190474,41.74386970238095,0.40949925899999995,12,1.2246467991473532e-16,-1.0,168,0.24893980855376657,-0.9685189578512204,0,409.49925899999994,27.883197851190474,41.74386970238095,59.1,0.9363732951309524,28.7,0.4378739267055749,18.0096062496,21.218446875425,15.46296875,15.0937415177,18.23034062500833,2.8840812855096147,12.098078273820292
2020-06-16 13:00:00,14.088895089375,143.86774107075,97246.196429,28.18181561666667,42.46433366666667,0.4535981916666667,13,-0.2588190451025208,-0.9659258262890683,168,0.24893980855376657,-0.9685189578512204,0,453.5981916666667,28.18181561666667,42.46433366666667,53.0,0.9336355320666667,28.7,0.4909022679224739,12.56698169645,18.0096062496,21.218446875425,12.361334821575,17.265011607158332,4.37353156178381,14.0246366815625
2020-06-16 14:00:00,15.113261607075,154.432196426,112656.607142,28.77689892142857,43.287313980952376,0.4946941069523809,14,-0.4999999999999998,-0.8660254037844388,168,0.24893980855376657,-0.9685189578512204,0,494.69410695238093,28.77689892142857,43.287313980952376,42.9,0.930508206872381,28.7,0.5265944810827526,14.088895089375,12.56698169645,18.0096062496,14.634194643025001,14.888494345141666,2.808034852704872,15.458470014904167
2020-06-16 15:00:00,10.94011388895,111.55591865100001,124020.075397,28.149570699999998,38.320228033333336,0.3470823206666666,15,-0.7071067811865471,-0.7071067811865479,168,0.24893980855376657,-0.9685189578512204,0,347.0823206666666,28.149570699999998,38.320228033333336,50.9,0.9493831334733334,28.7,0.3811886372456446,15.113261607075,14.088895089375,12.56698169645,13.136478125050001,13.923046130966666,1.28121612289557,16.0766933779875
2020-06-16 16:00:00,7.1846205357,73.23125892899999,131923.267858,27.78233026666667,34.336136575,0.23613957660714283,16,-0.8660254037844384,-0.5000000000000004,168,0.24893980855376657,-0.9685189578512204,0,236.13957660714283,27.78233026666667,34.336136575,52.8,0.964522681015,28.7,0.2503352103031359,10.94011388895,15.113261607075,14.088895089375,6.383350446475,13.3807568618,2.1748299430848426,15.322884234479167
2020-06-16 17:00:00,3.3013040178099997,33.7675892865,135566.625,26.632721516666667,28.817044116666665,0.10939043101666665,17,-0.9659258262890683,-0.25881904510252063,168,0.24893980855376657,-0.9685189578512204,0,109.39043101666665,26.632721516666667,28.817044116666665,57.7,0.9854952323566667,28.7,0.11502801455783972,7.1846205357,10.94011388895,15.113261607075,4.1635575893,11.079332010575,3.966153498506594,12.983913177858332
2020-06-16 18:00:00,0.59302321427875,6.126830357139999,136429.0,25.51785120595238,24.72415003690476,0.020178637374047587,18,-1.0,-1.8369701987210297e-16,168,0.24893980855376657,-0.9685189578512204,0,20.178637374047586,25.51785120595238,24.72415003690476,0.0,1.0010482298597618,28.7,0.020662829765810107,3.3013040178099997,7.1846205357,10.94011388895,0.4190035714245,7.142012814153333,3.819583174288694,10.532529472559998
2020-06-16 19:00:00,0.0,0.0,136429.0,24.601711483333336,22.941062933333335,0.0,19,-0.9659258262890684,0.2588190451025203,168,0.24893980855376657,-0.9685189578512204,0,0.0,24.601711483333336,22.941062933333335,0.0,1.0078239608533333,28.7,0.0,0.59302321427875,3.3013040178099997,7.1846205357,0.0,3.692982589262915,3.313208096308638,8.536869725531458
2020-06-16 20:00:00,0.0,0.0,136429.0,23.775777633333334,21.432883200000003,0.0,20,-0.8660254037844386,0.5000000000000001,168,0.24893980855376657,-0.9685189578512204,0,0.0,23.775777633333334,21.432883200000003,0.0,1.01355504384,28.7,0.0,0.0,0.59302321427875,3.3013040178099997,0.0,1.2981090773629154,1.7599748890949605,6.188720543968958
2020-06-16 21:00:00,0.0,0.0,136429.0,23.438153320238097,21.464939742857144,0.0,21,-0.7071067811865477,0.7071067811865474,168,0.24893980855376657,-0.9685189578512204,0,0.0,23.438153320238097,21.464939742857144,0.0,1.0134332289771428,28.7,0.0,0.0,0.0,0.59302321427875,0.0,0.19767440475958217,0.3423821124023927,3.6698436094564584
2020-06-16 22:00:00,0.0,0.0,136429.0,22.936378949999998,20.77158915,0.0,22,-0.5000000000000004,0.8660254037844384,168,0.24893980855376657,-0.9685189578512204,0,0.0,22.936378949999998,20.77158915,0.0,1.01606796123,28.7,0.0,0.0,0.0,0.0,0.0,0.0,1.4062303296205056e-06,1.8464912946314582
2020-06-16 23:00:00,0.0,0.0,134079.375,22.93180405357143,21.328507840476192,0.0,23,-0.25881904510252157,0.9659258262890681,168,0.24893980855376657,-0.9685189578512204,0,0.0,22.93180405357143,21.328507840476192,0.0,1.0139516702061904,28.7,0.0,0.0,0.0,0.0,0.0,0.0,1.4062303296205056e-06,0.6490545386814582
2020-06-17 00:00:00,0.0,0.0,0.0,22.846617083333335,21.3537969,0.0,0,0.0,1.0,169,0.23224292400907015,-0.9726578145718654,0,0.0,22.846617083333335,21.3537969,0.0,1.01385557178,28.7,0.0,0.0,0.0,0.0,0.0,0.0,1.4062303296205056e-06,0.09883720237979167
2020-06-17 01:00:00,0.0,0.0,0.0,22.700780127380952,21.291285702380954,0.0,1,0.25881904510252074,0.9659258262890683,169,0.23224292400907015,-0.9726578145718654,0,0.0,22.700780127380952,21.291285702380954,0.0,1.0140931143309524,28.7,0.0,0.0,0.0,0.0,0.0,0.0,1.4062303296205056e-06,0.0
2020-06-17 02:00:00,0.0,0.0,0.0,22.669676716666665,21.595478783333334,0.0,2,0.49999999999999994,0.8660254037844387,169,0.23224292400907015,-0.9726578145718654,0,0.0,22.669676716666665,21.595478783333334,0.0,1.0129371806233334,28.7,0.0,0.0,0.0,0.0,0.0,0.0,1.4062303296205056e-06,0.0
2020-06-17 03:00:00,0.0,0.0,0.0,22.807959297619046,22.40489265714286,0.0,3,0.7071067811865475,0.7071067811865476,169,0.23224292400907015,-0.9726578145718654,0,0.0,22.807959297619046,22.40489265714286,0.0,1.0098614079028572,28.7,0.0,0.0,0.0,0.0,0.0,0.0,1.4062303296205056e-06,0.0
2020-06-17 04:00:00,0.0,0.0,0.0,22.6337062,21.78957065,0.0,4,0.8660254037844386,0.5000000000000001,169,0.23224292400907015,-0.9726578145718654,0,0.0,22.6337062,21.78957065,0.0,1.01219963153,28.7,0.0,0.0,0.0,0.0,0.0,0.0,1.4062303296205056e-06,0.0
2020-06-17 05:00:00,0.0,0.0,0.0,22.1459081,21.368874599999998,0.0,5,0.9659258262890683,0.25881904510252074,169,0.23224292400907015,-0.9726578145718654,0,0.0,22.1459081,21.368874599999998,0.0,1.01379827652,28.7,0.0,0.0,0.0,0.0,0.0,0.0,1.4062303296205056e-06,0.0
2020-06-17 06:00:00,0.441624107143,4.548339285715,0.5,22.100052728296703,21.637654995787546,0.025497285651607103,6,1.0,6.123233995736766e-17,169,0.23224292400907015,-0.9726578145718654,0,25.497285651607104,22.100052728296703,21.637654995787546,0.0,1.0127769110160074,28.7,0.015387599552020906,0.0,0.0,0.0,1.00763124999675,0.0,1.4062303296205056e-06,0.0
2020-06-17 07:00:00,5.672172767875,57.79716964325,4647.1964285,22.88926995,27.37764788333333,0.1832724854833333,7,0.9659258262890683,-0.25881904510252063,169,0.23224292400907015,-0.9726578145718654,0,183.2724854833333,22.88926995,27.37764788333333,29.2,0.9909649380433333,28.7,0.19763668180749128,0.441624107143,0.0,0.0,5.485895089325,0.14720803571433214,0.2549717971434885,0.07360401785716666
2020-06-17 08:00:00,8.21082812495,83.55262053625,12737.75,24.123298365476188,31.94510546309524,0.25843967573809523,8,0.8660254037844387,-0.49999999999999983,169,0.23224292400907015,-0.9726578145718654,0,258.4396757380952,24.123298365476188,31.94510546309524,48.3,0.9736085992402381,28.7,0.28609157229790944,5.672172767875,0.441624107143,0.0,11.403921428575,2.0379322916726657,3.155080956513598,1.0189661458363333
2020-06-17 09:00:00,12.425151339275,126.7974955355,24602.625,25.1595343,35.887899166666664,0.38853449083333336,9,0.7071067811865476,-0.7071067811865475,169,0.23224292400907015,-0.9726578145718654,0,388.53449083333334,25.1595343,35.887899166666664,45.1,0.9586259831666667,28.7,0.4329321024137631,8.21082812495,5.672172767875,0.441624107143,15.46296875,4.774874999989332,3.9615641141811726,2.387437499994667
2020-06-17 10:00:00,14.456520089275001,147.59507142875,39069.375,26.073765203571426,39.443954371428575,0.4612407089166667,10,0.49999999999999994,-0.8660254037844387,169,0.23224292400907015,-0.9726578145718654,0,461.2407089166667,26.073765203571426,39.443954371428575,46.7,0.9451129733885714,28.7,0.503711501368467,12.425151339275,8.21082812495,5.672172767875,21.218446875425,8.769384077366666,3.4109629813929487,4.4582960565405
2020-06-17 11:00:00,18.258048214324997,186.699638395,55489.357143,27.000588,41.90951625,0.611262627,11,0.258819045102521,-0.9659258262890682,169,0.23224292400907015,-0.9726578145718654,0,611.262627,27.000588,41.90951625,36.7,0.93574383825,28.7,0.6361689273283971,14.456520089275001,12.425151339275,8.21082812495,18.0096062496,11.697499851166667,3.1857926085071813,6.867716071419667
2020-06-17 12:00:00,24.02368973255,246.06787054149999,80138.107141,28.7729528,51.18236736666667,0.8368484455,12,1.2246467991473532e-16,-1.0,169,0.23224292400907015,-0.9726578145718654,0,836.8484455,28.7729528,51.18236736666667,16.3,0.9005070040066667,28.7,0.8370623600191638,18.258048214324997,14.456520089275001,12.425151339275,12.56698169645,15.046573214291664,2.9608771515378574,9.910724107140501
2020-06-17 13:00:00,18.24105714285,186.4928616075,98820.142857,28.77205324404762,43.960901871428575,0.587629486095238,13,-0.2588190451025208,-0.9659258262890683,169,0.23224292400907015,-0.9726578145718654,0,587.629486095238,28.77205324404762,43.960901871428575,39.2,0.9279485728885715,28.7,0.6355769039320558,24.02368973255,18.258048214324997,14.456520089275001,14.088895089375,18.912752678716664,4.8170698767582305,13.841068378041667
2020-06-17 14:00:00,15.344710267850001,156.74957589250002,114408.285713,28.68997196666667,42.2812987,0.4926753458333333,14,-0.4999999999999998,-0.8660254037844388,169,0.23224292400907015,-0.9726578145718654,0,492.67534583333327,28.68997196666667,42.2812987,43.1,0.93433106494,28.7,0.5346588943501742,18.24105714285,24.02368973255,18.258048214324997,15.113261607075,20.17426502990833,3.3337104073551975,15.9358824405375
2020-06-17 15:00:00,4.63774910721,47.39997767825,120603.839286,26.42654375357143,31.005475889285712,0.14068963479523808,15,-0.7071067811865471,-0.7071067811865479,169,0.23224292400907015,-0.9726578145718654,0,140.68963479523808,26.42654375357143,31.005475889285712,80.1,0.9771791916207143,28.7,0.16159404554738677,15.344710267850001,18.24105714285,24.02368973255,10.94011388895,19.20315238108333,4.4187545273238005,17.124862797687502
2020-06-17 16:00:00,5.294725,54.000433035499995,125955.375,24.0497446,27.60725191666667,0.15627379444999998,16,-0.8660254037844384,-0.5000000000000004,169,0.23224292400907015,-0.9726578145718654,0,156.27379444999997,24.0497446,27.60725191666667,68.7,0.9900924427166666,28.7,0.18448519163763066,4.63774910721,15.344710267850001,18.24105714285,7.1846205357,12.741172172636666,7.165633631302117,15.826962425676667
2020-06-17 17:00:00,2.76684794638,28.397772321875,128802.428571,24.210150170887445,26.24752226601732,0.0866563529958874,17,-0.9659258262890683,-0.25881904510252063,169,0.23224292400907015,-0.9726578145718654,0,86.6563529958874,24.210150170887445,26.24752226601732,66.5,0.9952594153891342,28.7,0.0964058517902439,5.294725,4.63774910721,15.344710267850001,3.3013040178099997,8.42572812502,6.001011560606117,14.299996577464166
2020-06-17 18:00:00,0.54357232143,5.620299107195,129571.0,23.897948291666665,23.64455114047619,0.01810780976573806,18,-1.0,-1.8369701987210297e-16,169,0.23224292400907015,-0.9726578145718654,0,18.107809765738057,23.897948291666665,23.64455114047619,0.0,1.0051507056661906,28.7,0.01893980214041812,2.76684794638,5.294725,4.63774910721,0.59302321427875,4.233107351196666,1.3116180132143576,11.718129866139998
2020-06-17 19:00:00,0.0,0.0,129571.0,23.3677755,22.418034866666666,0.0,19,-0.9659258262890684,0.2588190451025203,169,0.23224292400907015,-0.9726578145718654,0,0.0,23.3677755,22.418034866666666,0.0,1.0098114675066667,28.7,0.0,0.54357232143,2.76684794638,5.294725,0.0,2.8683817559366656,2.3772031422734483,7.804776964286667
2020-06-17 20:00:00,0.0,0.0,129571.0,22.918253675,21.024839270238097,0.0,20,-0.8660254037844386,0.5000000000000001,169,0.23224292400907015,-0.9726578145718654,0,0.0,22.918253675,21.024839270238097,0.0,1.0151056107730951,28.7,0.0,0.0,0.54357232143,2.76684794638,0.0,1.1034734226033323,1.4659395696685578,4.764600773811667
2020-06-17 21:00:00,0.0,0.0,129571.0,22.9815333,21.7355113,0.0,21,-0.7071067811865477,0.7071067811865474,169,0.23224292400907015,-0.9726578145718654,0,0.0,22.9815333,21.7355113,0.0,1.01240505706,28.7,0.0,0.0,0.0,0.54357232143,0.0,0.18119077380999882,0.3138316261048113,2.2071490625033334
2020-06-17 22:00:00,0.0,0.0,129571.0,22.271178683333332,21.060298116666665,0.0,22,-0.5000000000000004,0.8660254037844384,169,0.23224292400907015,-0.9726578145718654,0,0.0,22.271178683333332,21.060298116666665,0.0,1.0149708671566666,28.7,0.0,0.0,0.0,0.0,0.0,0.0,1.4172733969118863e-06,1.4341908779683334
2020-06-17 23:00:00,0.0,0.0,127962.767857,22.004218177380952,20.815292605952383,0.0,23,-0.25881904510252157,0.9659258262890681,169,0.23224292400907015,-0.9726578145718654,0,0.0,22.004218177380952,20.815292605952383,0.0,1.015901888097381,28.7,0.0,0.0,0.0,0.0,0.0,0.0,1.4172733969118863e-06,0.5517367113016667
